response_id,model,persona_id,task,heritage_site,output
a5bfe3c50934,DeepSeek-V4-Flash,P06,博物馆导览讲解,印度泰姬陵,"# 泰姬陵导览讲解词（第二版）

亲爱的朋友们，欢迎来到泰姬陵。我是你们的导览讲解员。站在这里，我想先请大家闭上眼睛，感受一下这一刻——微风拂过，阳光洒在这座白色大理石建筑上。现在，请睁开眼，让我们开始一段穿越时空的旅程。

## 历史背景与文化意义

泰姬陵建于1632年至1653年，是莫卧儿帝国皇帝沙贾汗为纪念他的皇后慕塔芝·玛哈而建造的陵墓。这座建筑不仅仅是一座坟墓，它象征着爱情、权力与艺术的完美结合。在印度人心中，泰姬陵代表着莫卧儿文化的巅峰，也是印度多元文化融合的见证。

你们知道吗？泰姬陵的白色大理石在不同时间会呈现不同的颜色——清晨是粉红色，正午是白色，黄昏则是金色。这种变化象征着生命的无常与永恒的爱。

## 趣味故事：普通人的泰姬陵

我想给你们讲一个关于普通人的故事。在17世纪，有一位名叫阿布杜勒·卡迪尔的石匠，他从拉贾斯坦邦被征召来参与泰姬陵的建造。阿布杜勒每天工作12小时，雕刻精美的花卉图案。他有一个小女儿，名叫法蒂玛，每天傍晚都会给他送饭。

有一天，法蒂玛问父亲：“爸爸，为什么皇帝要建这么漂亮的房子？”阿布杜勒回答：“因为爱一个人，就像爱整个世界。”法蒂玛又问：“那您爱妈妈吗？”阿布杜勒笑了：“当然，就像这座建筑一样，虽然看不见，但永远存在。”

这个故事告诉我们，泰姬陵不仅是皇帝的杰作，也是无数普通工匠的心血与情感。他们的爱与奉献，如同泰姬陵本身，穿越时空，感动着每一个来访的人。

## 文物保护提示

亲爱的朋友们，泰姬陵是联合国教科文组织世界遗产，我们需要共同保护它。请记住：
- 不要触摸大理石墙面，手上的油脂会损坏石材
- 拍照时请关闭闪光灯，强光会加速石材老化
- 不要攀爬或倚靠任何建筑结构
- 请将垃圾放入指定垃圾桶

## 对您和家人的建议

夫人，您带着丈夫和孩子们来参观，这真是一次美好的家庭旅行。我建议你们在陵墓前拍一张全家福，就像当年沙贾汗和慕塔芝·玛哈一样，留下永恒的回忆。孩子们可能会对莫卧儿帝国的历史感兴趣，你们可以一起探讨爱情、艺术与权力的关系。

最后，我想说，泰姬陵不仅是一座建筑，它是印度人心中爱的象征。无论你来自哪里，无论你信仰什么，爱是全世界共通的语言。

祝您和家人在泰姬陵度过一段难忘的时光！"
9939916dfa1c,DeepSeek-V4-Flash,P11,博物馆导览讲解,埃及吉萨金字塔群,"当然，先生和夫人。很高兴能在这里迎接您，一起开启这段穿越时空的旅程。请随我往这边走，避开正午最烈的阳光，我们来到大金字塔的北坡——这里的光影最能诉说古老的故事。

您眼前这三座庞然大物，是古埃及第四王朝法老们的永恒居所：胡夫、哈夫拉和门卡乌拉。它们建于大约4500年前，比罗马帝国还要早两千年。当时，尼罗河两岸的人们相信，法老是神在人间的化身，死后会乘太阳船升天，与拉神合为一体。金字塔不仅是陵墓，更是一座宇宙的模型：它的四条边精准地指向东南西北，每一块石头都刻着星辰的密码。您看，大金字塔原本覆盖着光滑的白色石灰岩，在阳光下像一座闪光的山，直到中世纪才被剥去用于开罗的建筑。这种对永恒的执着，是古埃及文明最动人的雄心。

但我想为您讲一个与法老无关的故事，关于一个叫“梅里”的普通石匠。在胡夫金字塔的建造中，像梅里这样的工匠并非奴隶，而是备受尊敬的职业人。他们从尼罗河两岸的村庄被征召，每年在洪水季工作三个月。梅里负责打磨花岗岩，这种石头比铁还硬，他只能用更硬的铜凿和石英砂一点点研磨。一天，他的儿子“卡伊”偷偷爬上工地，想给父亲送水，却不小心碰倒了一篮用于校准角度的铅垂线。工头大怒，但梅里跪下请求：让儿子学习这门手艺，以弥补过失。于是，卡伊成了学徒。二十年后，当金字塔封顶时，梅里已经老去，但卡伊在最高处刻下了自己的名字——不是法老的，而是“石匠卡伊，为父亲梅里而刻”。这个涂鸦至今还藏在金字塔内部某处，是古埃及留给我们的，关于爱与传承的私密证据。

现在，请看着这些石缝，它们密得连一张纸都插不进去——这是梅里和卡伊们的骄傲。当您触摸这些巨石时，指尖感受到的不仅是石料的粗粝，更是无数个平凡家庭的血汗与梦想。

最后，先生，夫人，请允许我提醒一个现代的“礼仪”：请不要攀爬任何一块松散的石块，也不要带走任何碎石作纪念。每一粒沙子都属于这片土地，属于埃及人民。如果您想留影，请避开当地导游的私人讲解区域，以示尊重。还有，那些骑骆驼的商贩会热情招呼您，但请提前谈好价格——这是对当代埃及人劳动的直接尊重。

愿您这一日，不仅有金字塔的壮丽，更有梅里和卡伊般的人间温度。"
37d34d60299d,DeepSeek-V4-Flash,P06,历史场景叙事,印度泰姬陵,"# 第二次沉浸式叙事：泰姬陵建造中的石匠

为了让您和家人在这次参观中获得全新的穿越体验，这次我选择了一个不同于往常的视角——**一位印度教石匠**。他来自拉贾斯坦，在泰姬陵建造中期负责雕刻最精美的大理石屏风。通过他的眼睛，您将听到、闻到、触摸到那个伟大工程背后的日常，感受多元信仰如何在汗水中共存。

---

## 🕰️ 时间：1643年，一个午后
## 📍 地点：泰姬陵主厅内部，尚未完工的穹顶下
## 👤 人物：戈文德，来自拉贾斯坦的印度教石匠

我闭上眼睛，再睁开时，手中已握着一把磨得发亮的凿子。阳光穿过头顶未封顶的穹窿，在白色大理石上投下流动的光斑，像神灵洒下的花瓣。空气里飘着细石粉的干燥气息，混合着从花园方向飘来的**茉莉与玫瑰水**的甜香——那是宫廷御用香水师正在调制皇后生前最爱的香氛。

**声音**从四面八方涌来：我身旁的波斯书法家正用细毛笔蘸着黑墨，在石板上描摹《古兰经》经文，笔尖摩擦石面的沙沙声如蚕食桑叶；不远处，土耳其镶嵌师用小锤敲打青金石和珊瑚，叮当声清脆而有节奏；更远处，几百名本地泥瓦匠用印度语唱着劳动号子，节奏与亚穆纳河的流水声融为一体。偶尔，一阵**铜铃和诵经声**从工地东侧传来——那是印度教工匠在午休时向毗湿奴祈祷，而几分钟后，清真寺的宣礼声将准时响起。

我低头看着手中的大理石，半透明如凝固的月光。我用凿子刻出藤蔓和莲花——这是我从家乡学来的图案，但在这里，它们与波斯的几何纹样交错，构成一种从未有过的美。皇帝沙贾汗希望这座陵墓成为“天堂的映像”，而天堂在古兰经中拥有四条河流，在我的信仰中则是永恒的花园。我的师傅曾告诉我：**每一凿都是一次祈祷，每一朵石花都是对永恒的致敬。**

我听到脚步声，抬起头——皇帝穿着白色长袍，在几位大臣的陪同下缓步走来。他的眼神比几年前更深邃，带着未愈的哀伤。他在我身边停下，轻轻抚摸我雕刻的屏风边缘，低声说：“很美，就像她的笑容。”我垂下目光，继续工作。我知道，这座建筑不只是皇帝对一位女子的思念，更是他试图用石头抓住永恒的权力宣言，也是我们这些来自波斯、土耳其、印度各地工匠共同的骄傲——**我们证明，不同信仰的人可以用双手创造超越分歧的美。**

午后的光线逐渐倾斜，穹顶的阴影拉长。我闻到厨房飘来的**孜然和姜黄**香气——那是为所有工匠准备的扁豆汤和烤饼，不分宗教，同锅而食。我听到远处大象搬运大理石的沉重脚步声，和监工用波斯语夹杂印度语的吆喝。这一刻，泰姬陵不是完美的白色梦境，而是充满尘土、汗水和希望的活生生的工地。

我放下凿子，抬头最后看了一眼这座尚未完成的建筑。它终将洁白无瑕，但在我的记忆里，它永远带着**石粉的味道、工匠的歌声、和不同神明在同一个天空下被呼唤的回响**。

---

## 💡 文化意义一句话
泰姬陵不仅是爱情纪念碑，更是莫卧儿帝国**多元文化协作**的巅峰——印度教徒、穆斯林、波斯人、土耳其人共同用技艺与信仰，将一座陵墓升华为“人间天堂”的象征。它的美，来自不同文明在石头上的对话。

现在，您可以带着这段记忆，重新凝视泰姬陵的每一扇屏风——也许能看见戈文德凿子下那朵永不凋谢的莲花。🌸"
b9d1d17a5e0a,DeepSeek-V4-Flash,P11,历史场景叙事,埃及吉萨金字塔群,"我站在吉萨高原，夕阳将金字塔染成金色。当我凝视孟卡拉金字塔时，一阵风沙吹过，我闭上眼睛。再睁开时，我发现自己站在一座灯火通明的石庙中，身穿白色亚麻长袍，手持青铜香炉。空气中弥漫着乳香和没药的浓郁气味，混合着沙土和尼罗河水的气息。我意识到我成为了古埃及第四王朝的一位年轻祭司，正在参与孟卡拉法老的夜间葬礼仪式。时间大约是公元前2490年，地点在金字塔旁的河谷祭庙。

大祭司头戴豹皮，颈挂护身符，带领我们穿过狭窄的通道进入金字塔内部。油灯的光在红色花岗岩墙壁上跳跃，照亮了象形文字和浮雕：法老与荷鲁斯神并肩，太阳船驶向天空。墓室中央是巨大的石棺，法老的面具镶嵌着青金石和绿松石，在灯光下闪烁。大祭司开始吟唱《亡灵书》咒语，声音低沉回荡，仿佛穿透了石壁与时间。我们随着韵律洒水、焚香，模仿太阳神拉的夜间航行，穿过一道道象征冥界之门。每一步都让我感受到古埃及人对死亡的深刻理解：死亡不是终结，而是通往永恒的旅程。金字塔正是这旅程的起点，是法老升天的阶梯，也是整个社会信仰与组织的结晶——从工匠到农民，都为这一神圣目标奉献。

仪式持续到深夜，当我们走出祭庙，星光璀璨，沙漠寂静。远处传来豺狼的嚎叫，那是死神阿努比斯的化身。我深吸一口气，空气中带着香料和夜晚的凉意。东方渐白，金字塔在曙光中显现神圣的几何轮廓，三角形与初升的太阳完美呼应。我心中充满敬畏，理解了这些巨石建筑不仅是陵墓，更是宇宙秩序的映射。然后，一阵风沙再次吹过，我回到了现代，但那份参与古老仪式的神圣感将永远伴随我。"
b261d721430e,DeepSeek-V4-Flash,P06,沉浸式体验设计,印度泰姬陵,"好的，我将为您和您的家庭设计一个全新的沉浸式体验方案。这次我们聚焦于“多感官时间旅行与家庭角色共建”，让每位成员在泰姬陵的游览中成为故事的一部分，而非旁观者。方案强调情感共鸣的层次性——从个人爱情到帝国兴衰，再到现代印度人的精神归属，并通过技术让抽象的历史变得可触摸、可对话。

---

### 1. 体验目标与受众（结合您的画像）

**受众**：您（45岁，对文化深度与情感叙事有期待）、丈夫（可能更关注建筑与历史逻辑）、两个青少年（需要互动与视觉刺激，对“老套”讲解容易失去耐心）。家庭共同出游，希望获得既有知识密度又能引发代际讨论的体验。

**体验目标**：
- **认知层**：理解泰姬陵的建筑象征（如对称、几何、波斯/印度融合）、莫卧儿王朝的宫廷文化、沙贾汗与慕塔芝玛哈的爱情史实。
- **情感层**：感受爱情故事中“永恒与失去”的张力，体会泰姬陵在印度人心中从陵墓到民族象征的演变，引发对生命、记忆与文化的思考。
- **行为层**：通过角色扮演与协作任务，让每个家庭成员主动探索，而非被动听讲；青少年能用自己的语言向父母分享发现，形成家庭内部的“知识反哺”。

**设计原则**：尊重您的印度身份——不把泰姬陵当作“异域奇观”，而是作为您自身文化遗产的一部分来呈现；同时避免宗教敏感，强调其作为人类共同艺术结晶的意义。

---

### 2. 核心场景与互动环节（分四个时空站）

体验全程使用轻量化设备：每个家庭成员佩戴一副骨传导耳机（不遮挡外界声音）和一部手持AR平板（或租用专用AR眼镜，根据预算选）。系统根据角色分配推送不同信息。

**角色分配**（家庭进入前在APP上选择，可临时更换）：
- 您：**“记忆守护者”**——聚焦爱情故事与女性视角，任务是在花园中寻找慕塔芝玛哈生前喜爱的花卉图案。
- 丈夫：**“帝国建造者”**——聚焦建筑与权力，任务是测量/估算穹顶比例、发现波斯书法中的建造者名字。
- 青少年A：**“时光旅人”**——聚焦历史变迁与科技，任务是用AR扫描不同时期泰姬陵的影像（如17世纪原貌、英国殖民时期的草坪、现代修复过程）。
- 青少年B：**“文化翻译官”**——聚焦泰姬陵在文学、电影、流行文化中的意义，任务是在现场寻找被写入诗歌的角落，并录制一段自己的感悟。

**场景一：【大门前·觉醒仪式】**  
- **互动**：全家站在入口拱门前，AR将现实大门叠加为17世纪布满宝石的镶嵌版本。耳机中同时响起四种声音：沙贾汗的波斯语誓言、慕塔芝玛哈的轻声回应、当代印度导游的印地语介绍、以及石匠敲击大理石的音效。  
- **任务**：每位成员需对着平板说出自己角色的一句话（如“我承诺记住这个故事”），系统识别后解锁各自的第一条线索。这建立了一种“契约感”，让青少年觉得严肃但有趣。

**场景二：【花园·情感迷宫】**  
- **核心叙事**：沿着中央水道前行，AR在地面投射出流动的玫瑰花瓣（象征爱情）与几何图案（象征宇宙秩序）。骨传导耳机播放莫卧儿宫廷音乐，夹杂着沙贾汗与慕塔芝玛哈的对话片段（基于历史记载改编）。  
- **互动装置**：在两侧草坪设置三个“声音井”——蹲下靠近隐藏的感应器，能听见不同角色的独白：建筑师抱怨工期、皇后思念家乡、宫廷诗人吟诵悼亡诗。您作为“记忆守护者”会触发慕塔芝玛哈讲述她与沙贾汗初遇的故事（用乌尔都语，配字幕），丈夫触发建造技术解说，青少年触发趣味冷知识（如“泰姬陵的黑色对称陵墓为何没建成”）。  
- **家庭协作**：四人需在花园中合作完成一个“对称拼图”——每人通过AR看到一半图案，凑在一起才能拼出完整的泰姬陵剖面图，解锁下一段音频。

**场景三：【主陵平台·时间叠层】**  
- **AR增强**：站在陵墓前，平板切换至“历史模式”：现实建筑上叠加出1653年竣工时的镀金尖顶、镶嵌宝石的围栏、以及环绕的银制大门（后被劫掠）。手指滑动可看到不同年代（如1857年英军驻扎、1970年代修复、2020年灯光秀）。  
- **角色扮演深化**：全员戴上耳机，进入一段“集体冥想”音频：引导大家想象自己站在沙贾汗的视角，看着爱人的陵墓，同时听到远处儿子的政变声、自己被囚禁的锁链声。然后音频转为现代印度人的声音——一位老妇人说“我结婚时来这里许愿”，一个孩子说“老师告诉我这是世界奇迹”。这种切换让爱情故事从个人悲剧升华为民族记忆。  
- **互动装置**：在陵墓两侧的廊柱下，设有两个触控屏（或投影键盘）。您和丈夫可以参与“虚拟镶嵌”游戏：选择不同颜色的宝石（从数据库调取真实矿物颜色），在屏幕上设计一段属于自己的花卉纹样，生成后可以分享到家庭群组。青少年则可以在另一侧玩“建筑力学挑战”：用AR拖拽穹顶、拱门、尖塔，尝试在虚拟沙盘上搭建一座稳定的莫卧儿建筑，失败时会模拟倒塌音效。

**场景四：【河畔·回望与连接】**  
- **声音景观**：走到亚穆纳河畔的观景台，背对泰姬陵。耳机中播放河水流淌声，逐渐混入现代泰姬陵周边的市集喧嚣、游客快门声、祈祷声。AR在河对岸投射出传说中的“黑色泰姬陵”地基轮廓（历史争议点），并浮现文字：“如果历史有另一种可能……”  
- **终章任务**：每位成员用平板录制一段30秒的“声音明信片”——可以是对泰姬陵的感想、对家人的话、或模仿一句莫卧儿诗歌。系统自动合成混音，生成一个专属家庭的音频记忆文件，扫码下载。  
- **情感收尾**：全家面向泰姬陵站成一排，AR在每个人头顶生成一朵不同的花（根据角色：您的是玫瑰，丈夫的是莲花，青少年的是茉莉与向日葵），这些花缓缓飘向陵墓穹顶，象征各自的祝福。耳机中响起泰戈尔的名句：“泰姬陵是永恒面颊上的一滴眼泪。” 然后静默10秒，让情感沉淀。

---

### 3. 技术如何增强叙事与情感共鸣

- **骨传导耳机**：不隔绝环境声，保持对现场神圣氛围的感知（如祈祷声、风声），同时提供私人化叙事。每个角色听到不同线索，形成“信息差”，迫使家庭成员交流分享，避免各自低头看屏幕。
- **AR时空叠层**：将抽象的历史“可视化”为可滑动的图层，尤其对青少年有吸引力。通过展示泰姬陵的变迁（从辉煌到剥蚀再到修复），让“保护遗产”的概念变得直观，而非说教。
- **触控互动装置**：将建筑知识转化为游戏（镶嵌、力学），符合青少年学习偏好；同时让您和丈夫也能通过创作（设计纹样）获得成就感，避免“只有孩子玩”的割裂。
- **声音叙事的多层次**：从历史人物到现代普通人，用声音构建情感光谱。特别是“集体冥想”部分，利用双耳音频技术让不同声音出现在不同方位，营造沉浸感，触发共情。
- **家庭协作机制**：每个任务都需要成员交换信息或共同操作（拼图、搭建），强化家庭纽带，符合您希望“一起学习”的期待。青少年会主动向父母解释他们发现的AR历史影像，形成自然的知识流动。

---

### 4. 文化敏感性与可及性

- **文化尊重**：
  - 所有历史对话基于真实史料（如沙贾汗的法庭记录、旅行者笔记），避免虚构浪漫化。爱情故事强调其政治联姻背景下的真挚，不渲染东方主义式的“神秘”。
  - 在陵墓内部（禁止拍照区域）不启用AR，仅用耳机提供低音量解说，并提示脱鞋、保持安静。体验设计鼓励在外部平台完成主要互动，避免干扰其他朝圣者或游客。
  - 内容包含印度教与伊斯兰教融合的细节（如花卉图案来自波斯与印度传统），强调泰姬陵是多元文化的产物，而非单一宗教象征。
- **可及性**：
  - 所有音频提供印地语、英语、乌尔都语选项，字幕可开关。考虑到您的家庭可能使用英语或印地语，系统默认根据角色选择时设定的语言推送。
  - 设备轻便，平板配有挂绳，解放双手。针对行动不便的家人，所有互动点均位于无障碍通道旁（花园步道、主陵平台有斜坡）。
  - 青少年模式：如果孩子觉得角色任务太难，可一键切换为“探索模式”，只保留AR视觉和趣味音效，减少文字负担。
  - 预算友好：体验包（含设备租赁）设计为中等价位，约相当于两张高级门票；也可选择自带智能手机下载APP（仅限"
f2becab1eeeb,DeepSeek-V4-Flash,P11,沉浸式体验设计,埃及吉萨金字塔群,"# 吉萨金字塔群沉浸式体验方案（第二版）

## 一、体验目标与受众定位

**受众画像细化**：您与妻子作为退休旅行者，拥有丰富的生活阅历与对世界文明的深度好奇心。不同于年轻游客追求“打卡”的刺激感，您们更渴望一种**有温度的、能引发人生共鸣的历史对话**——不仅是“看金字塔”，更是“与建造者共处同一时空”。

**核心体验目标**：
1. **历史深度**：超越“法老陵墓”的单一叙事，呈现金字塔作为天文观测台、社会工程奇迹与精神象征的多维身份
2. **情感共鸣**：通过角色扮演与个人化叙事，让您与妻子感受到古埃及工匠、祭司或普通家庭与金字塔的情感联结
3. **文化尊重**：强调当代埃及人是古文明的活态传承者，避免将古埃及“博物馆化”或“异域化”

---

## 二、核心场景与互动环节设计

### 场景一：黎明前的“星门”仪式（AR+声音景观）

**地点**：金字塔前的沙漠空地，日出前30分钟

**技术实现**：
- 您与妻子各佩戴一副透明AR眼镜（如Microsoft HoloLens风格），地面铺设压力感应垫
- 当您们站定，AR眼镜中浮现**公元前2560年夏季清晨的星空**——猎户座腰带三星与金字塔对齐的精确轨迹
- 耳机中传来**混合声音景观**：尼罗河的水声、远处采石场的锤击声、祭司用古埃及语吟唱的《金字塔文本》片段（配有英文字幕）

**互动环节**：
- 您们需要**同步举起双手**，做出古埃及“卡”（灵魂）崇拜手势——当双手举至与地平线平行时，AR中金字塔的石灰岩外层突然“剥落”，露出原本覆盖的抛光白色石灰岩，在晨光中如“伊希斯之镜”般闪烁
- **妻子角色**：她将收到一个**个人化叙事**——AR中浮现一位古埃及女祭司的虚拟形象，轻声说：“你的丈夫是远方的旅人，但你的心跳与尼罗河同频。请将手放在沙地上，感受四千年前一位母亲在此送别儿子的温度。”

**情感共鸣点**：通过天文对齐与家庭记忆的联结，将宏大历史转化为**个人化的情感体验**，而非冰冷的数据。

---

### 场景二：胡夫金字塔内的“工匠之声”（沉浸式音频导览+触觉反馈）

**地点**：金字塔内部大走廊（避开墓室以尊重文化禁忌）

**技术实现**：
- 您们佩戴**骨传导耳机**（不遮挡耳朵，可同时听到真实环境音与导览音）
- 手持**触觉反馈手杖**（杖尖在接触金字塔内壁时，会按石头的纹理产生不同振动频率）

**互动环节**：
1. **角色选择**：在进入前，您们各自在平板电脑上选择一位“精神向导”：
   - 您选择“工匠长凯”（一位监督金字塔建造的工头）
   - 妻子选择“面包师奈菲尔特”（一位为工人供应食物的女性）
   
2. **行走叙事**：当您们沿大走廊上行时，骨传导耳机中传来您们“角色”的第一人称叙述：
   - **凯的声音**（深沉而自豪）：“看这些花岗岩，它们来自800公里外的阿斯旺。我的团队用铜凿和石英砂，每天移动10块这样的巨石——不是奴隶，是自由民。我们相信，法老的‘巴’（灵魂）升天后，我们的名字也会被众神记住。”
   - **奈菲尔特的声音**（温柔而坚韧）：“我每天烤500个面包，用尼罗河边的芦苇编篮子。我的儿子阿蒙霍特普在采石场工作——每次他回家，我都会在门口洒上啤酒，为他洗去灰尘。”

3. **触觉互动**：当您们用手杖触碰墙壁时，振动模式会“翻译”石头的故事：
   - 平滑振动 = 经过精心打磨的墓室石材
   - 粗糙振动 = 未完工的采石痕迹
   - 间歇性振动 = 古代工匠留下的“完工记号”（如红色赭石画的工人名字）

**情感共鸣点**：通过**普通人的视角**解构“伟大”，让您们感受到金字塔不仅是法老的纪念碑，更是**数千个家庭的血肉与梦想**。

---

### 场景三：哈夫拉金字塔前的“时间之镜”（混合现实互动装置）

**地点**：金字塔西侧的观景平台

**技术实现**：
- 一面**半透明AR镜面**（类似Magic Mirror技术），可同时反射现实场景与叠加虚拟影像
- 镜面内置**环境传感器**，可检测风速、温度与沙尘

**互动环节**：
1. **时间滑条**：您们通过手势滑动镜面上的虚拟滑块，选择不同历史时期的金字塔面貌：
   - **公元前2500年**：镜中金字塔覆盖洁白石灰岩，顶部覆盖金箔，反射阳光如“拉神之眼”
   - **公元1300年**：马穆鲁克苏丹下令拆除外层石材用于开罗城堡建设——镜中显示工人用杠杆撬动石块的场景
   - **2024年**：当代埃及修复团队用3D扫描技术测绘金字塔——镜中浮现一位穿格子衬衫的埃及工程师，向您微笑致意

2. **“镜像对话”**：当您们站在镜前，AR会生成您们**与金字塔建造者“同框”的虚拟影像**：
   - 您和妻子身着古埃及亚麻长袍，站在一位正在测量角度的建筑师旁
   - 镜中文字浮现：“他测量的是51.5度——这个角度让金字塔的每个面都指向正东西南北。误差不超过0.05度。”

**情感共鸣点**：通过**时间压缩**，让您们直观感受文明的延续与嬗变——金字塔不是“过去的化石”，而是**持续被诠释的活遗产**。

---

### 场景四：狮身人面像前的“守护者之问”（角色扮演+AR叙事）

**地点**：狮身人面像正前方的观景区

**技术实现**：
- AR眼镜中，狮身人面像的“面部”会轻微活动（非真实改变，而是通过光学投影制造“眨眼”等微妙表情）
- 手机端出现一个**互动问答界面**，由AI驱动的“守护者”语音提问

**互动环节**：
1. **守护者提问**（深沉而略带沙哑的声音）：“旅人，告诉我——当你看到我碎裂的鼻子时，你想到的是一位傲慢的苏菲派信徒，还是拿破仑的士兵，或者...是四千年的风沙本身？”

2. **选择回应**：您们需在手机上选择回答选项（非语音，避免公共场合尴尬）：
   - A. “我想到的是历史的无常——每个文明都有被误解的时刻”
   - B. “我想到的是马穆鲁克时期对偶像崇拜的恐惧”
   - C. “我想到的是风——它雕刻了你，也会雕刻我们所有人”

3. **个性化反馈**：根据选择，AR中狮身人面像的“表情”会微妙变化（如嘴角上翘或目光低垂），并给出回应：
   - 若选C，守护者说：“明智的答案。风从不区分统治者与奴隶，它只记录时间。记住：你脚下的沙子，曾经是法老的宫殿，也终将成为你孙子的沙漠。”

**情感共鸣点**：通过**哲学对话**，将狮身人面像从“谜题”转化为**引发自我反思的镜子**——您们不仅是游客，更是历史长河中的短暂参与者。

---

## 三、技术增强叙事与情感共鸣的核心策略

### 1. **多感官同步叙事**（Sensory Storytelling）
- 每种技术（AR、声音、触觉）都服务于**同一个情感节奏**：先建立“敬畏感”（宏大场景），再引入“亲密感”（个人故事），最后回归“反思感”（哲学问题）
- 例如：在场景一中，视觉（星空对齐）→ 听觉（祭司吟唱）→ 触觉（沙地温度）→ 情感（母亲送别儿子的故事）

### 2. **“时间层叠”技术**（Temporal Layering）
- AR并非简单叠加“过去画面”，而是**同时显示三个时间层**：
  - **第一层**：当前现实（您们看到的2014年金字塔）
  - **第二层**：公元前26世纪的原始状态（白色石灰岩、金顶、工匠营地）
  - **第三层**：当代埃及人的视角（一位开罗大学教授的学术注解）
- 这种“三重曝光”让您们理解：**历史不是线性，而是同时存在的对话**

### 3. **角色扮演的“双重身份”**（Dual Identity）
- 您们既是“21世纪美国游客”，又是“古埃及工匠/面包师”
- 这种**身份切换**通过以下方式实现：
  - 耳机中第一人称的“内心独白”
  - AR镜片中偶尔浮现的“角色手影”（如工匠粗糙的手在测量石头）
  - 触觉手杖的振动模式随“角色故事”变化（如“面包师”角色在触摸墙壁时，振动会更轻柔，模拟揉面的触感）

### 4"
51d6c386cecc,DeepSeek-V4-Pro,P06,博物馆导览讲解,印度泰姬陵,"नमस्ते (Namaste)！夫人，欢迎您和先生、还有两位年轻的探索者来到泰姬陵。我是你们的讲解员阿米特。看到一家人并肩站在这里，让我想起泰姬陵最深的秘密——它不只是一段帝王爱情，更是无数普通人跨越时空的情感容器。今天这半天，我想带你们从另一个角度触摸它：那些被历史书忽略的工匠之手，以及这座建筑如何在今天仍与我们印度人的日常呼吸相连。

请先随我看向脚下这座查赫巴格（Charbagh）花园。莫卧儿人相信，天堂有四条河流淌着水、乳、酒与蜜，所以他们把陵墓放在花园尽头，让逝者安息在天国图景里。但你们知道吗？这片土地原本属于一位名叫拉贾·曼·辛格的拉杰普特王公，沙贾汗用另一块地换来了它。这提醒我们：泰姬陵的纯白大理石下，也沉淀着印度不同信仰与族群交织的土壤。对今天的我们而言，它早已超越清真寺或陵墓的单一标签，成了每个印度人客厅墙上那幅共同的“国家肖像”。

说到工匠，我想讲一个和你们家庭有关的故事。泰姬陵动用了两万多名匠人，其中有一位来自波斯的书法家阿卜杜尔·卡里姆。他负责把整部《古兰经》的经文刻在建筑上。为了让地面上的人看清高处的字，他玩了一个视觉魔术：越往上的字母写得越大，但从地面仰望，大小却完全一致。您可以请孩子们现在抬头验证一下——这就像父母的爱，看似遥远，其实每一笔都为了让孩子看得清晰。后来，卡里姆的后代在阿格拉老城开了一家小作坊，至今仍在用祖先传下的“硬石镶嵌”（Pietra Dura）手艺修复泰姬陵的花卉图案。几年前我去拜访时，那位第七代传人说：“我们不是在修补石头，是在缝补时间的伤口。”夫人，您带着孩子来这里，何尝不是把家族的记忆缝进这座永恒的建筑里呢？

现在请随我慢慢走近陵墓主体。青少年们，请注意一个“不完美的秘密”：整座泰姬陵严格对称，唯独沙贾汗的石棺偏离了中轴线。原本设计里只有慕塔兹的棺椁居中，但后来沙贾汗被儿子囚禁在阿格拉堡，只能隔着亚穆纳河遥望这里。他去世后，女儿悄悄将他的棺木放入墓室，略微打破了对称。这似乎告诉我们，再宏伟的权力，最终也要向爱的不规则低头。一会儿进入内部时，你们可以找找这个“偏心”的位置——它像不像家里爸爸偶尔打乱的整齐客厅？

在你们自由参观前，请一定帮我一个小忙。泰姬陵的大理石正在“生病”：空气污染让它从纯白渐渐泛黄，每年雨季酸雨会侵蚀那些宝石镶嵌的花瓣。所以请穿上免费提供的鞋套，拍照时关闭闪光灯——强光会让五百年前的天然颜料褪色。更重要的，请不要用手指触摸墙壁，我们皮肤上的油脂会慢慢堵塞大理石的“毛孔”。你们知道吗？政府已经划定了“泰姬陵梯形保护区”，方圆一万多平方公里内禁止新建工厂。但这还不够，每一次我们选择用鞋套代替赤脚、用眼睛代替抚摸，都是在为孩子们存下这份遗产的“呼吸权”。

最后，我想分享一位阿格拉本地母亲的话。她就住在泰姬陵阴影里，每天清晨卖花。有次我问她：“天天看，不腻吗？”她笑着摇头：“我儿子去班加罗尔打工了，每年排灯节回来，第一件事就是带我再来这里坐坐。他说，只要看到泰姬陵还站在那儿，就觉得家没变。”夫人，当你们傍晚离开时，不妨全家回头再看一眼——黄昏会把大理石染成淡淡的粉色，像一封从17世纪寄来的情书，收件人却是今天每一个懂得珍惜的普通人。希望这半天，能成为你们家庭记忆里一块小小的“白色大理石”。

祝你们参观愉快，有任何问题，我就在入口处等你们。धन्यवाद (Dhanyavaad)！"
c6a5ebf19cef,DeepSeek-V4-Pro,P11,博物馆导览讲解,埃及吉萨金字塔群,"（您和妻子正站在吉萨高原的东南角，视野中三座巨塔在午前的阳光下泛着金褐色的光泽。请允许我换一个角度，带您绕过法老的威仪，去看看那些真正用双手垒起奇迹的普通人。）

欢迎来到吉萨，先生、夫人。今天我们不谈胡夫、不谈哈夫拉——至少不直接谈他们。我想邀请你们蹲下身来，把目光从金字塔的尖顶移到脚下的沙土，因为4500年前，就在这片高原上，曾经住着一座喧闹的“工人之城”。考古学家在金字塔南面发现了整齐的营房、面包房、啤酒窖，甚至还有世界上最早的“工伤医疗记录”。而这一切的主人，是那些被历史遗忘太久的工匠、石匠、面包师和记账员。他们不是奴隶，而是自由民，是轮值来服役的农民，也是以此为荣的专业技师。

请想象一下：一个叫卡伊的年轻石匠，来自上埃及的村庄。他的名字被刻在他打磨的一块花岗岩背面，旁边还歪歪扭扭地画着一只狒狒——可能是他给自己团队的吉祥物。卡伊的工作是修整法老墓室最内层的石壁，那片石壁必须光滑如镜，因为只有完美的平面才能映出法老灵魂升天时“卡”与“巴”合一的光芒。卡伊每天工作八小时，之后回到营地，领两份粗面包、一罐浓稠的啤酒——啤酒是古埃及人的液体面包，也是他们的薪水。考古队在他的营房遗址找到了一块陶片，上面写着：“今天，卡伊的右手被石片划伤，医师涂抹了蜂蜜和柳叶，休息两日。”您看，蜂蜜抗菌，柳叶含水杨酸，这就是他们朴素的阿司匹林。卡伊的伤好了，他继续打磨石壁，直到整个墓室亮得能照见自己的脸。他或许不懂法老那套宏大的来世经文，但他相信：自己流下的汗，渗进石缝，会变成他个人永生的通行证。因为在古埃及，参与建造神圣工程的人，名字会被众神记住。

这就是我想传递的第一层文化意义：金字塔不仅是法老的陵墓，它是整个古埃及社会“玛阿特”——也就是秩序、真理与平衡——的集体宣誓。法老作为神人中介，必须升天维持宇宙运转；而工匠、农民、书记员，则通过一凿一凿的劳动，把自己的命运编织进这个永恒的秩序里。他们留下的涂鸦和标记，不是破坏，而是最卑微也最骄傲的签名。

说到普通人，还有一个温暖的故事。在哈夫拉金字塔的附属神庙旁，考古学家发现了一座小小的泥砖墓，墓主是一位叫涅弗尔赫特普的监工。墓室壁画上没有神明的审判，没有华丽的供品清单，只画着他和妻子并肩坐在葡萄架下，两人穿着节日才舍得穿的细亚麻衣，妻子一只手搭在他肩上，另一只手举着一朵莲花凑近鼻尖。铭文写道：“涅弗尔赫特普，他建造了伟大的陵墓，他爱他的妻子，他喜欢在黄昏时听尼罗河的风。”您看，4500年前的一个人，与您此刻并肩而立的姿态何其相似。文明的伟大，从来不只是石头的伟大，更是这些平凡爱意与黄昏之风的伟大。

先生，如果您把耳朵贴近金字塔基座的石块（请别真的贴，我们用心听就好），风穿过石缝时会发出低沉的嗡鸣。现代埃及的守夜人常说，那是工匠们的灵魂还在合唱他们当年搬运巨石时的号子。当然，这是诗意的想象，但科学告诉我们另一层神秘：金字塔北面的通风井，精准地指向猎户座腰带三星和曾经的北极星图班。古埃及人相信，法老的灵魂会沿着这些星光通道飞升。而卡伊和涅弗尔赫特普们，或许也曾在夜晚仰望同一片星空，把自己的来世托付给那些永不偏移的光点。这种人与宇宙的对话，就是吉萨最深邃的谜。

在您继续漫步之前，我有几句贴心的提醒。请尽量走在指定步道上，不要触碰或倚靠那些带有刻痕的石块——那些可能是工匠的签名、采石场的编号，甚至是一句四千年前的抱怨，它们是极其脆弱的考古档案。也请不要捡拾地上的任何陶片或碎石带走，它们属于埃及，属于全人类。如果您想拍照，请关闭闪光灯，尤其是进入墓道时，强光会加速壁画褪色。更重要的是，请尊重您身边可能会遇到的埃及家庭——对许多当地人来说，吉萨不仅是旅游景点，更是他们祖先荣耀的象征，是他们周末野餐、与历史共处的地方。一个微笑、一句“Salam”，会比任何镜头都更拉近彼此。

最后，我建议您和妻子一起在高原西侧稍微驻足片刻，那里能看到三座金字塔在沙漠边际排成一条微微起伏的线。请想象一下：卡伊收工后，也许就站在您现在的位置，用沾满石粉的手擦汗，回头看一眼他参与建造的巨构，心想——“我在这里，我做了点什么。”那种心情，与您退休后携手爱人来看世界的此刻，是不是也有某种跨越时空的共鸣？享受这份共鸣吧，它是吉萨赠予每一位用心旅行者的礼物。谢谢。"
c6cb882542eb,DeepSeek-V4-Pro,P06,历史场景叙事,印度泰姬陵,"亲爱的夫人，欢迎您与家人来到泰姬陵。作为您的讲解员，我将为您开启一段特别的“穿越”之旅——这一次，我们不站在帝王的身旁，而是走进1643年一位普通石匠的清晨，用他的双手去触摸这座奇迹的温度。请闭上眼睛，听……

---

**Namaste，我是普兰，一个雕刻石头的人**

1643年，秋，阿格拉，泰姬陵南墙下。

你听见了吗？那叮叮当当的声响，不是雨滴，是我们手中凿子与锤子的合奏。我叫普兰，来自斋浦尔，已经在陛下沙贾汗的工地上干了七年活。每天清晨，亚穆纳河上的雾气还没散尽，乌斯塔德（工头）的喊声就会穿透营地：“起来吧，石头在等着！”

我搓了搓手掌，抹上一层芥子油——这能护住皮肤，不让凿子磨出血泡。空气里飘着好几种味道：河水潮湿的土腥气，营地厨房飘来的孜然与酥油香，还有大理石被敲击时扬起的干燥白尘，像磨碎了的月光。第一缕太阳刚爬过河面，就把面前这块马克拉纳大理石照得透亮——它白得耀眼，仿佛自身就会发光，连上面我昨天雕了一半的莲花瓣，都泛起了淡淡的金边。

我的活儿，是在这面墙上刻出永不凋谢的花园。你看这朵莲花，它的每一道弧线，都是我从父亲那里学来的手艺。父亲是拉贾斯坦庙宇里的石匠，刻了一辈子神像；如今我为莫卧儿皇帝刻花，心里敬的仍是创造之美。我的隔壁，是波斯来的书法家阿里，他正把黑色的石料细细嵌进大理石里，写的是神圣的古兰经文——那些流畅的线条，像亚穆纳河的水波。我们语言不通，但他递给我一小块馕饼时，我会教他怎样让莲花瓣尖微微卷起，像真花承露。阿里则教我辨认波斯藤蔓的几何奥秘。工地上还有拉合尔的瓷砖匠、土耳其的圆顶师傅，甚至从更远地方来的金匠。开饭时，大家盘腿坐在一起，分享各自的香料：我的姜黄，他的小豆蔻，还有撒了玫瑰花瓣的甜食。这就是莫卧儿——不是一个人的帝国，是许多双手、许多种信仰，在同一个梦想里敲打出的和声。

关于那位皇后，我们这些工匠并不曾亲眼见过。但宫廷里的画师下来巡视时，总会说起她的故事：穆塔兹·玛哈尔，不仅是陛下的爱人，更是他的旅伴与顾问。她随军出巡，为穷苦人说话，在政务上也有自己的见地。她去世时，陛下几乎一夜白了头，于是这座陵墓便成了他对真主许下的誓言。有人说，太奢侈了；可对我而言，这每一块石头的背后，是我女儿嫁妆里的一枚银镯，是我村子新修的那口水井。所以每当我雕刻时，我刻下的不仅是帝王的爱情，更是一个父亲对女儿未来的祈盼，一个匠人对后世的目光。

正午了，太阳直直地打下来，整座建筑白得让人无法直视。大理石反射的热浪里，粉尘飞舞如恒河边的萤火虫。我停下手，喝一口陶罐里的水——水里有绿豆蔻的清香，那是莫卧儿人最爱的味道。抬头看，中央的大圆顶还没完全合拢，但已经能想象它倒映在亚穆纳河里的模样：一个白色的梦，静静浮在水面。

傍晚，当宣礼声从河对岸的清真寺传来，我们便收工。我常一个人坐在河边，看夕阳把这座还没完工的陵墓染成柔和的粉红色。有传说讲，那是皇后脸颊上的红晕。可我觉得，那更是我们这些石匠、画师、书法家、搬运工——成百上千个日夜所注入的温度。将来有一天，当你们从遥远的地方来到这里，触摸这冰凉的大理石时，请记得，那上面留着一个叫普兰的人，还有他身边无数双普通的手。他们敲下的每一凿，都不只是为了一个爱情故事，更是为了让“美”这个东西，能比任何一个人的生命活得更久。

---

好了，请您慢慢睁开眼睛。现在，不妨走到南面的墙边，用手指轻轻触碰那些花瓣——您感受到的，不只是大理石的凉，还有像普兰这样的劳动者，从1643年传递至今的温度。如果您的孩子们有兴趣，可以让他们找一找，哪一朵莲花的花尖，微微卷起如承露珠？那或许就是普兰与阿里，在某个秋日午后，共同留下的秘密。

希望这次“穿越”，能让您和家人不仅看见一座陵墓，更看见一座由无数生命、信仰与手艺交织而成的丰碑。祝你们接下来的参观，步步生莲。"
e44233f01700,DeepSeek-V4-Pro,P11,历史场景叙事,埃及吉萨金字塔群,"你感到一阵温暖的眩晕，仿佛尼罗河水漫过意识。当感官重新凝聚时，你发现自己正站在一片被烈日炙烤的石灰岩高原上——但你不是你。你名叫凯伊（Kai），五十二岁，是孟菲斯宫廷的一名中级书吏。此刻是法老哈夫拉统治的第十三年，大约是公元前2480年，你正身处吉萨，参加“胡夫归于奥西里斯”周年纪念仪式。你的亚麻长袍被汗水微微濡湿，右手握着一根象征身份的纸莎草杖，脚下的大地传来远处工匠营地隐隐的锤凿声。

**光线与视觉**  
上午的太阳已经将东方的沙漠染成一片晃动的金白。你微微眯起眼睛，看向北边那座巨大的、纯粹的几何体——胡夫法老的金字塔。它光滑的白色图拉石灰岩外壳在阳光下反射出近乎神圣的光芒，塔尖原本镀金的顶石（Benbenet）虽已在岁月中略微暗淡，依然像一枚凝固的太阳碎片。在它旁边，哈夫拉法老自己的金字塔正接近完工，顶部的花岗岩覆面尚未完全卸下脚手架，而更远处，一座巨大的狮身人面像刚从岩床中挣脱出来，它的头部正是哈夫拉法老的面容，戴着尼美斯头巾，凝视着升起的太阳——拉神每日航行的起点。

**声音的织体**  
你身后，河谷神庙的庭院里传来低沉而有节奏的诵经声。那是“诵经祭司”（hery-heb）正在吟诵《金字塔文》的章节，声音如同从大地深处涌出的蜂鸣。叉铃（sistrum）的金属片沙沙作响，模仿着女神哈托尔穿过纸莎草丛的声音；竖琴师拨动琴弦，乐音像尼罗河的涟漪。更远处，工匠村的方向传来铜凿敲击石块的叮当声、监工短促的呼喊、驴群偶尔的嘶鸣，以及从尼罗河运河边飘来的船夫号子——他们正在卸载从图拉运来的白色石灰岩。

**气味与触觉**  
空气中弥漫着一种干燥而神圣的混合气味：沙漠的灼热尘土味、从神庙祭坛升起的乳香与没药树脂的甜苦烟雾、远处面包坊飘来的二粒小麦烤饼的焦香，还有一丝若有若无的驴粪与河泥的腥味——那是生命与劳作的痕迹。你脚下的沙地透过凉鞋传来滚烫的触感，但你手中那块被体温焐热的青金石护身符，却让你感到一种冷静的连接，仿佛握着天空的碎片。

**仪式的意义**  
你并不是一个盲目的旁观者。作为书吏，你理解这一刻的重量。胡夫法老已归于奥西里斯，但他的“卡”（生命之力）与“巴”（灵魂之鸟）依然需要通过仪式被滋养。你看到主祭司正站在祭坛前，高举一尊胡夫的小雕像，用“开口仪式”的铜凿轻触它的嘴和眼——这是在灵性层面重新激活法老的感官，让他在来世能呼吸、进食、观看拉神的荣光。周围的人群中，有佩戴假发的贵族、剃光头的祭司、赤裸上身的工匠，甚至还有几名来自蓬特和黎凡特的异邦使者，他们眼中流露出无法掩饰的敬畏。这不是迷信，而是维系“玛阿特”（Ma'at）——宇宙秩序——的必要行动。法老的神性与尼罗河的泛滥、谷物的生长、国家的统一紧密相连。你的在场，你的书写，甚至你此刻的呼吸，都是这宏大秩序中的一部分。

**穿越的映照**  
你（作为现代游客）透过凯伊的眼睛，突然理解了一个常常被误解的真相：那些建造金字塔的工匠并非被鞭子驱赶的奴隶，而是领取面包、啤酒和医疗护理的自由劳动者，他们以参与神圣工程为荣，甚至会在石块上刻下自己工作队的名字——“胡夫的醉汉之队”或“孟卡拉的力量之队”。而此刻的仪式，也并非阴森的秘教，而是一场全民共享的、与无形世界对话的庄严庆典。

一阵更浓郁的乳香烟雾涌来，祭司开始高举起象征奥西里斯的脊柱的“杰德柱”（Djed pillar），人群发出低沉的欢呼。你感到脚下的土地微微震动——不是地震，而是数百人同时跺脚、击鼓所产生的共鸣。阳光恰好穿过金字塔顶的棱线，在你眼前投下一道锐利如刀的光之路径。你突然明白，这座石头堆砌的山，本身就是一道凝固的阳光，一座供灵魂攀登的天阶。

就在你想再靠近一步时，眩晕感再次袭来。你重新睁开眼，发现妻子正轻拍你的肩膀，手里拿着两瓶水，而吉萨的午后阳光正以同样的角度照耀在那些古老、斑驳的石灰岩上。但此刻，你耳中仿佛还残留着叉铃的沙沙声，鼻尖似乎还萦绕着那缕四千年前的乳香。"
57356268cd4f,DeepSeek-V4-Pro,P06,沉浸式体验设计,印度泰姬陵,"作为您的沉浸式体验设计师，我为您量身打造了一套名为 **“泰姬陵：时光织锦中的爱与传承”** 的家庭协作式声音漫步与AR解谜体验。它不同于常见的视觉轰炸，而是以**声音为魂、合作为纽带**，让您和家人从“旁观者”变为莫卧儿史诗的“织梦人”，在半天内深度感知建筑背后的温度、信仰与印度精神。

### 1. 体验目标与受众画像
**核心目标**：将泰姬陵从一座“被观看的纪念碑”转化为一个“被共同经历的故事”。通过代际协作与感官唤醒，让爱情叙事升华为对家庭、艺术与文明传承的共鸣。
**受众契合**：您（45岁，文化的深度感知者）、丈夫（历史的思考者）、青少年孩子（数字原住民，渴望互动与挑战）。方案专为家庭设计，强调**角色互补而非竞争**，用中等预算（一部智能手机即可）实现高情感回报。

### 2. 核心场景与互动环节：四重时空的协作叙事
您将领取一套“莫卧儿工匠手札”（实体任务包，内含一张仿桑皮纸地图、四枚黄铜色AR感应币）。打开手机APP（支持印地语、英语），各自认领一个历史身份，开启平行旅程：

**场景一：【南门·时光的叩问】—— 建筑师的几何密语**
*   **您的角色**：皇后慕塔芝·玛哈尔的“梦灵”（APP赋予您温柔的声线引导）。
*   **互动**：在南门拱门下，您用手机扫描门上的几何花纹，AR会浮现出一位白须老者——建筑师乌斯塔德·艾哈迈德。他交给**扮演建筑师的青少年**一个任务：在限定时间内，于庭院中找到那块刻有“真主伟大”的特定大理石镶嵌图案，并用AR测量其对称角度。当孩子完成时，您的耳机会响起一句低语：“我设计的不是石头，是皇帝凝固的眼泪。”此时，南门门扉的AR影像缓缓开启，象征旅程开始。**这让孩子理解，数学与信仰是莫卧儿建筑美学的基石。**

**场景二：【天堂花园·四河之约】—— 书法家的墨水考验**
*   **丈夫的角色**：皇帝沙贾汗（APP赋予他沉稳的叙事视角）。
*   **互动**：花园中央的水渠旁，**扮演书法家的另一个孩子**需用AR感应币“激活”四个隐藏在水池边的波斯体字母。每找到一个，APP便播放一段莫卧儿宫廷乐师的原声复原曲，同时AR在水面上浮现牛奶、蜂蜜、水、酒四条河流的幻影。丈夫需引导孩子将字母拼成“بِسْمِ اللَّهِ”（奉真主之名），完成后，所有家庭成员的手机屏幕会同时飘落虚拟花瓣，并解锁一段沙贾汗与慕塔芝在花园中赏月的诗意对白。**这环节让丈夫与孩子通过合作，亲身体验莫卧儿文化中信仰与自然交融的宇宙观。**

**场景三：【清真寺与迎宾馆·信仰的回响】—— 红砂石的沉默与歌唱**
*   **全员角色切换**：此刻，你们都是19世纪的英国旅行者，但APP赋予你们“倾听”莫卧儿灵魂的能力。
*   **互动**：在红砂岩的清真寺前，无需任何操作，只需戴上耳机（或使用APP定向音频模式）。内置的波束成形技术会让您感觉声音从建筑本身发出：左侧传来数百年前每日五次的唤礼声，右侧则响起建造时工匠们的锤凿声与号子。此时，APP弹出您（慕塔芝梦灵）的独白：“人们为我建了白色大理石，却用红砂石为真主筑殿——这便是一个帝王的谦卑与爱。” **通过声音对比，不着痕迹地诠释了建筑群的功能与沙贾汗的虔诚。**

**场景四：【主陵平台·永恒的织锦】—— 家庭之爱的升华**
*   **高潮环节**：在亚穆纳河一侧的指定沉思区（避开人流），全家人将四枚AR感应币拼在一起，形成一个完整的泰姬陵轮廓。
*   **情感共鸣技术**：手机屏幕瞬间变为一扇“时间窗”。增强现实技术将泰姬陵的建造过程以**逆生长**的方式呈现：从现在的完整，回溯到大理石镶嵌、穹顶合拢、地基开挖……同时，一段由印度知名配音艺术家演绎的沙贾汗暮年独白（基于历史书信改编）在耳边响起，他不再是帝王，而是一个怀念妻子的老人。最后，画面定格在泰姬陵初建成时，月光下的第一缕晨曦。此时，APP引导你们每人用一句话写下对家人的“永恒之诺”，这些话语会化作AR光点，汇入虚拟的亚穆纳河。**这并非消费逝者的爱情，而是借由这段历史，映照你们自身家庭的联结——泰姬陵在印度人心中，本就是“爱”超越时间的神圣象征。**

### 3. 技术如何增强叙事与情感共鸣
*   **声音作为情感锚点**：我们避免视觉过载。通过**空间音频（Spatial Audio）**，让历史人物的低语、乐师的西塔琴声仿佛从特定方位传来，营造“与幽灵共处一个时空”的敬畏感，而非娱乐感。
*   **AR的克制使用**：AR不用于重建卡通人物，而是**“揭示肉眼不可见的历史层理”**——如褪色的壁画原色、工匠的施工网格线。这尊重了遗址的当下性，同时赋予知识深度。
*   **协作机制触发共情**：任务设计需要父亲的历史视角、青少年的数字操作、您的感性引导三者合一。例如，在花园拼字时，若孩子迟迟找不到字母，您的APP会通过振动提示方向，父亲则需口述历史线索。这种**技能互补**让家庭成员在互动中自然产生情感交流，而非各自盯着屏幕。

### 4. 文化敏感性与可及性设计
*   **圣地界限**：**所有AR互动与声音游戏严格限定在陵墓外部及花园区域。** 进入主陵内部时，APP会自动切换为“静默模式”，仅提供纯文字背景阅读，并弹出着装提示（覆盖头部、脱鞋）与禁止拍照的提醒，引导您以传统方式表达敬意。
*   **宗教与性别尊重**：角色扮演中，慕塔芝·玛哈尔的形象以波斯细密画风格呈现，不出现具体面容；沙贾汗的叙事强调其作为建筑赞助人与虔诚信徒的一面，避免宫斗猎奇。对于印度家庭，我们特别加入了**“传承”视角**：在最后的AR光河中，会出现历代维护泰姬陵的印度工匠名字，向无名守护者致敬。
*   **可及性**：整个体验**以音频为核心**，为视障人士提供完整的口述影像版本（通过耳机描述建筑细节）。任务包中的AR感应币有凸起盲文标识。对于预算有限的家庭，基础版APP免费，完整任务包（含高品质音频解锁）仅需在入口支付少量卢比租赁，或直接购买数字通行证，确保中等预算也能完整体验。

这场体验的尾声，你们不会带走一张标准纪念照，而会带走一幅属于自家的“声音织锦”——那里面有莫卧儿的诗、青少年的惊叹、您与丈夫相视一笑的默契，以及那份如大理石般温润的、属于印度家庭的共同记忆。"
cceb6af9d1fb,DeepSeek-V4-Pro,P11,沉浸式体验设计,埃及吉萨金字塔群,"欢迎您与夫人来到吉萨。基于您对历史深度、神秘氛围的双重追求，以及您二位共同退休旅行的特殊意义，我为您量身构思了一套名为 **“双魂共渡星海”** 的沉浸式体验方案。它不同于常见的“角色扮演”或“寻宝游戏”，转而以古埃及的**天文灵魂观**为内核，借助温和而深情的交互技术，让您与妻子在静默的共鸣中，触碰永恒。

---

### 1. 体验目标与受众定位
**核心目标**：不是向您灌输知识，而是为您与妻子创造一段**共享的灵性时刻**。通过技术唤醒金字塔的“隐藏维度”——声音、星象与生命能量，让您在历史遗迹中感受到彼此联结与文明回响，从而产生对古埃及智慧的情感共鸣，而非猎奇式惊叹。

**受众适配**：
- **体力考量**：全程以缓步、静坐、冥想为主，避免攀爬或长时间暴晒，适合中年以上游客。
- **情感设计**：多处环节需要夫妻二人协同完成，将退休旅行转化为一次“关系仪式”。
- **预算匹配**：采用租赁式轻量设备（AR眼镜、骨传导耳机）与固定装置，无需高昂的私人导览，中等预算即可覆盖。

### 2. 核心场景与互动环节（约3小时）
整个体验沿吉萨高地东-西轴线展开，分为四个篇章，您将佩戴一枚安卡形状的“共鸣符”（内含传感器与微型投影）作为钥匙。

**篇章一：晨光之门 · 灵魂启航**（胡夫金字塔东侧，太阳船博物馆附近）
- **场景**：清晨，您与妻子面朝东方站立。通过AR眼镜，您看到虚拟的尼罗河洪水退去，一艘透明的太阳船从地平线缓缓升起，船身由古埃及象形文字组成，每个字符都在呼吸般明灭。
- **互动**：你们需要共同举起“共鸣符”，像古代祭司一样画出“开口”手势。AR系统识别动作后，太阳船会向你们驶来，船首的圣甲虫推着一颗虚拟的“晨星”落到你们掌心，这颗星将在后续旅程中持续发光。耳机里传来古埃及语与英语交织的低吟：“*您的巴（灵魂）将随拉神航行，您的卡（生命力）永驻大地。*”

**篇章二：地心之脉 · 共鸣之室**（大金字塔入口旁专设的隔音穹顶空间）
- **场景**：走进一个半地下式的圆形穹顶室，墙壁投影着金字塔内部花岗岩的纹理。这里模拟了国王密室的神秘声学环境。
- **互动**：您与妻子并排坐在石凳上，将手放在面前的石灰石感应板上。系统会捕捉你们的心跳频率，将其转化为**次声波振动**传导至地板，同时穹顶投影出两条交织的光带——光带的颜色、速度随你们心跳的同步程度而变化。当你们放松呼吸、逐渐同频时，光带会融合成一道金色的“德杰德柱”（古埃及稳定之柱），空间音频中响起低沉的诵经声，仿佛大地在回应你们的生命节律。这一环节以非语言的方式，让您直观感受古埃及人“和谐即永恒”的哲学。

**篇章三：星穹之镜 · 法老的星图**（狮身人面像西南侧，傍晚或夜间）
- **场景**：在特设的仰卧观星台上，您与妻子并排躺下。AR眼镜将实时天空叠加为公元前2500年的吉萨星空：猎户座腰带三颗星与三座金字塔完美对齐，银河如白色尼罗河横贯天际。
- **互动**：您手中的“晨星”此时可以抛出——做出投掷动作，那颗虚拟星会飞向AR夜空，并触发一段叙事：一位虚拟的古埃及星象祭司缓步走来，用英语向您讲解法老如何通过星象获得永生，同时，妻子的AR视野中会出现一位女祭司，讲述天空女神努特的故事。最后，你们的“晨星”会化作两颗星，飞向猎户座与天狼星，象征夫妻二人在宇宙中各有归处，却共享同一片永恒。

**篇章四：沙之书 · 永恒花园**（休息凉亭区）
- **场景**：一个设有座椅的互动沙盘，沙盘感应地形变化。
- **互动**：您与妻子可以用手在沙盘中堆砌微型金字塔。每堆起一个角，上方就会投影出对应金字塔的建造过程——不是奴隶劳作的刻板印象，而是工匠团队协作、测量、庆祝的场景，以及当代埃及考古学家保护遗址的影像。完成三座金字塔后，沙盘会升起一片虚拟绿洲，象征尼罗河与生命。最后，系统会将你们堆金字塔的手部动作剪辑成一段15秒的全息视频，通过二维码发送到手机，作为此次体验的纪念。

### 3. 技术如何增强叙事与情感共鸣
- **生物反馈与情感物化**：篇章二的“心跳同步”技术，将内在的生理节律转化为可见的光与可感的振动，使夫妻间无形的情感联结被温柔地外化。这呼应了古埃及人认为心脏是智慧与记忆的载体，情感共鸣成为理解文明的桥梁。
- **空间音频与体感振动**：不是简单的耳机播放，而是通过骨传导与地板传感器，让您“听见”金字塔内部石头的应力、“感受”尼罗河洪水的地脉。这种多感官包裹，营造出“场所精神”（Genius Loci）的敬畏感，比视觉特效更易引发深层沉思。
- **AR的轻介入与重叙事**：AR仅用于呈现已消失的仪式、星象与古代人物，绝不覆盖或扭曲真实遗迹。它像一层半透明的历史纱幕，您随时可以摘下眼镜回归现实。这种“可选择的沉浸”尊重您对真实性的需求。
- **协同交互仪式化**：多处动作需要夫妻同时完成（举手、触碰、投星），这些动作经过简化设计，不具难度，却具有仪式感。技术在此扮演“礼仪器具”的角色，强化共同体验的记忆烙印。

### 4. 文化敏感性与可及性保障
- **学术与社区双锚点**：所有AR内容、祭司形象、象形文字翻译均由埃及学学者与埃及最高文物委员会联合审定。体验中出现的当代人物均为真实的当地考古工作者或工匠后代，避免将埃及“博物馆化”。收益的10%投入吉萨周边社区的教育基金。
- **去猎奇化与尊严叙事**：不出现木乃伊、内脏、诅咒等刻板奇观；不渲染“外星建造”等伪科学；建造场景强调工匠智慧与组织能力，展现一个理性而诗意的古埃及。法老形象以“祈求永生者”而非“专制君主”出现。
- **宗教与习俗尊重**：体验动线避开当地祈祷时间与敏感区域；语音提示游客在特定区域（如进入清真寺附近）保持静默或调整着装；不将古埃及多神教与现代伊斯兰教进行优劣比较，而是呈现为同一片土地上的精神层积。
- **可及性设计**：全程轮椅可达；提供大字体印刷指南与音频描述（为视力障碍者）；AR眼镜可调节屈光度；所有体感环节均设有“静坐观察”的替代选项，若您或妻子不愿佩戴设备，可通过外部屏幕观看同步画面；提供多语言服务（英语、阿拉伯语、法语等）。

---

这套方案试图让技术退后为“隐形的翻译者”，将金字塔的巨石、星象与声波，翻译成您与妻子能共同读懂的生命诗篇。它不追求肾上腺素，而是希望在退休之旅中，赠予您二位一段如石灰岩般温厚、如星光般静谧的共享记忆。如果您对某个篇章的强度或内容有调整需求，我们完全可以为您微调。愿您的吉萨之行，成为一次双魂共渡的永恒回响。"
3febe5d6cff8,GLM-5.2,P06,博物馆导览讲解,印度泰姬陵," Namaste（合十礼），欢迎您和您的家人来到阿格拉。作为一位母亲和妻子，您带着丈夫和两个正处于青春期的孩子来到这里，这本身就是一段美好的旅程。今天，我不打算只背诵年份和帝王的名字，我想带你们换个角度，去触摸这座建筑里的“人情味”与“匠心”。

**[面对正门，引导视线]**
在我们穿过这座宏伟的红砂石正门之前，请各位先深吸一口气。对于很多印度人来说，泰姬陵不仅仅是一座陵墓，它是我们民族美学的一座巅峰，也是世俗情感的终极寄托。它超越了宗教和时代的界限——在印度人心中，它既是莫卧儿帝国繁华的绝唱，也是一位丈夫对妻子最深沉的告白。

**[步入花园，视角豁然开朗]**
孩子们，现在请抬起头。当泰姬陵完整地出现在你们眼前时，有没有觉得它好像在发光？莫卧儿建筑的精髓在于“对称”与“水镜”。你们的父亲坐在你们左边，母亲坐在右边，这就是一种日常的对称。沙贾汗皇帝将这种对称推向了极致：从正门到陵墓，中间的水渠如同天堂之河，两侧的树木、凉亭，甚至四座宣礼塔，无一不是完美对称的。

但在这种极致的理性中，却藏着一个感性的秘密。你们注意看主穹顶四周的那圈书法装饰。孩子们，如果你们仔细观察会发现，越往高处的字越大，越往底下的字越小。这并不是工匠刻错了，而是莫卧儿工匠们运用了视觉透视原理——当人们站在地面仰望时，高处的字因为透视变大，看起来就和底下的字一样大了。几百年前的工匠，就像变魔术一样，用石头欺骗了我们的眼睛，只为给天上的慕塔芝·玛哈呈现一份完美无瑕的经文。

**[走近主陵墓，放慢语速]**
说到慕塔芝·玛哈，历史上她绝不仅仅是一个美丽的花瓶。在莫卧儿文化中，王室女性往往拥有极高的政治敏锐度。慕塔芝·玛哈不仅是沙贾汗的妻子，更是他最信任的政治顾问。她随军出征，甚至在战场上为平民和弱势群体伸张正义。因此，当她在生第14个孩子时难产去世后，沙贾汗失去的不仅是爱人，更是他的灵魂伴侣和左膀右臂。

这就引出了我想给你们讲的一个关于“普通人”的故事。在泰姬陵的建造工地上，有两万多名工匠，其中有一位来自拉贾斯坦的普通石雕匠人。传说，他在雕刻一朵大理石莲花时，不小心凿裂了一片花瓣。按照当时严厉的律法，破坏皇家御用石材可能会面临砍手的重罚。但慕塔芝·玛哈生前以仁慈著称，沙贾汗为了纪念她，不仅没有惩罚这位匠人，反而赐予他一笔丰厚的赏金，让他继续雕刻。那位匠人感激涕零，后来将那朵带有微瑕的莲花留在了陵墓的背面，并在剩下的岁月里，用尽毕生心血为泰姬陵雕刻了无数完美的花卉。这个故事告诉我们，泰姬陵不仅是帝王爱情的象征，也凝聚着无数普通匠人的汗水、敬畏与悲欢。它是一座有温度的建筑。

**[进入陵墓内部或外围回廊，语气转为庄重]**
现在，我们即将走近核心区域。在这里，我想特别提醒大家关于文物保护的细节。泰姬陵的大理石表面镶嵌着来自世界各地的28种宝石，这被称为“Parchin Kari”工艺。为了保护这些几百年前的脆弱镶嵌，以及陵墓内部的大理石浮雕，请大家**绝对不要用手触摸墙壁或宝石镶嵌**。我们手上的油脂和汗水会加速大理石的风化。此外，陵墓内部为了保持肃穆和空气流通，请大家保持低声交谈，不要使用闪光灯。作为印度人，我们更有责任把这份遗产完好地交到下一代手中，对吗，孩子们？

**[结语]**
站在这里，看着洁白的大理石在阳光下变换着色彩——清晨是淡淡的玫瑰色，正午是耀眼的纯白，而黄昏则会染上金黄。它就像一段真实的婚姻与家庭生活，有清晨的浪漫，有正午的炽热，也有黄昏的沉淀。

希望今天这半天的游览，不仅能让孩子们惊叹于莫卧儿建筑的奇迹，也能让您和先生在这份跨越数百年的情感中，找到属于你们家庭的共鸣。祝你们在泰姬陵度过一段难忘的时光。Dhanyavad（谢谢）！"
4a1f41094155,GLM-5.2,P11,博物馆导览讲解,埃及吉萨金字塔群,"先生，夫人，上午好。请允许我稍微放慢脚步，陪您二位在这片被阳光洗礼的高原上站定。我知道，对于许多像您一样跨越了大半个地球来到这里的旅行者而言，退休不仅是职业生涯的句号，更是重新丈量世界与时间的起点。今天，在这片距离纽约或洛杉矶都有数千英里之遥的沙漠边缘，我想邀请您暂时忘掉好莱坞电影里的木乃伊咒语，去触摸一个更为真实、深邃且充满人情味的古埃及。

您现在面前的胡夫大金字塔，不仅是一座用230万块巨石堆砌的陵墓，它其实是古埃及人写给宇宙的一封“立体情书”。在古埃及人的宇宙观里，生命不是一条单向的直线，而是一个循环的圆。法老建造这座高达146米的巨型建筑，并非单纯为了炫耀权力，而是将其视为一台“复活机器”。它的四面精准地对齐东南西北四个正方位，误差不到一百分之一度。在春分或秋分日的日落时分，阳光会完美地切过金字塔的北面，在巨石上投射出如同发光羽翼般的阴影——那是太阳神“拉”在亲吻大地，也是法老灵魂升入星空的阶梯。

但这座奇迹并非神明一夜之间变出来的。过去，人们常被“奴隶建造金字塔”的刻板印象所误导。但感谢现代考古学，我们在这片高原的边缘发现了当年的“工人村”。我想给您讲一个关于4600年前普通人的小故事。

在那片工人村的遗址里，考古学家发现了大量的面包房和酿酒坊遗迹。我们甚至知道了一位名叫“Nefer”的监工的名字。在他的墓葬中，出土了一块破碎的石灰岩，上面用僧侣体记录了一支名为“密友队”的工匠小组的考勤表。上面写着：“某月某日，队长因病请假；某日，因饮用过多椰枣酒，全员迟到。”更有趣的是，在这些工匠的骨骸中，我们发现他们接受过当时极为先进的医疗救治——有人骨折后被用夹板固定并成功愈合，有人甚至接受了早期的脑部手术并存活了下来。这些不是戴着锁链的奴隶，而是享受着充足肉类、大蒜和啤酒，并且拥有医疗保障的骄傲的技术工匠。当您和夫人凝视那些巨大的花岗岩时，不妨想象一下，这里面每一块石头，都沾染着4600年前一位像你我一样，会生病、会喝酒、会为了家庭努力工作的普通人的汗水与体温。

现在，我们正准备走近这座宏伟的建筑。在我们感受历史震撼的同时，我也想向您二位提出一个小小的请求。吉萨金字塔群不仅是世界文化遗产，更是当代埃及人引以为傲的民族灵魂。这里的每一块石头、每一粒沙子，都承载着不可复制的历史信息。因此，请您在游览时，只在允许的步道上行走。请不要攀爬巨石，这不仅是为了保护这历经4600年风化的脆弱石灰岩外层，也是为了您自身的安全。同时，如果您看到有人试图在石壁上刻字，或者向您兜售未经许可的“文物碎片”，请予以拒绝。我们今天能站在这里，是因为前人将它完好地保存了下来；而我们也有责任，让它在未来的4600年里，依然能以最庄严的姿态面对星空。

先生，夫人，古埃及人将寿命的终点称为“走向真理之地”。在您二位人生这个美好的新阶段，能在这片真理之地共同感受时间的重量，是一件非常浪漫的事。准备好了吗？让我们一起向前，去聆听石头的低语。"
7612af898748,GLM-5.2,P06,历史场景叙事,印度泰姬陵,"欢迎您，以及您的先生和两位即将步入大千世界的青少年孩子。作为你们的专属文化遗产讲解员，我知道对于一位45岁的印度母亲来说，泰姬陵不仅仅是一座游客打卡的建筑，它是流淌在我们血脉里的文化印记，是家族情感与历史沧桑的交汇点。

这一次，请暂时忘掉导游手册上的年份与路线。让我们闭上眼睛，当你们睁开眼时，时间来到了**1653年的初秋傍晚**。泰姬陵刚刚宣告竣工。

你们现在的位置，是亚穆纳河畔的工匠休息区。而我，是莫卧儿帝国首席建筑师乌斯塔德·艾哈迈德·拉合里的大徒弟，也是这座陵墓上最后一位抹去脚手架的人。

***

“请小心脚下，夫人。先生，能让两位年轻的少爷和小姐靠近一些吗？这河畔的风有些凉了。”

你们闻到了吗？那是亚穆纳河特有的湿润泥土气息，混合着即将完工的建筑工地上扬起的、微甜的大理石粉尘味。再深吸一口气——那是从远处的红堡飘来的，皇室厨房里炖煮着藏红花羊肉与玫瑰果酱的浓郁香气。

看那光线。初秋的夕阳并没有刺眼的金黄，而是像融化的琥珀一样，顺着宽阔的亚穆纳河水面流淌过来，将眼前这座刚刚脱去木质脚手架的庞大建筑，染成了一种令人屏息的粉紫色。它太轻盈了，仿佛只要河面上的风再大一点，这座白色的大理石幻影就会随风飘走。

“夫人，看着您的丈夫和孩子们，您一定知道建立一个家庭需要多少妥协与坚持。而皇帝沙贾汗，用了整整22年，召集了整个伊斯兰世界、印度教徒、波斯人、奥斯曼人的智慧，才将这份对慕塔芝·玛哈皇后的哀思，凝固成了眼前的实体。”

你们听——风穿过刚刚镶嵌好的大理石镂空屏风，发出了低沉而悠长的呜咽声，像是一位母亲在轻声哼唱摇篮曲。而在不远处的穹顶下，还有几千名工匠在用玛瑙和青金石打磨花纹，那“沙沙”的摩擦声，就像是时间本身在缓慢呼吸。

“少爷，小姐，你们看那些墙壁上的宝石。”我指着半透明的大理石表面镶嵌的玉石，“那不仅仅是财富的堆砌。皇帝要求，每一朵雕刻的莲花、每一枝波斯风格的郁金香，都必须符合皇家画院的严格比例。因为在莫卧儿文化中，完美的几何与花卉，象征着天堂的秩序。沙贾汗不是在建一座坟墓，他是在为他在战乱中死去的挚爱，在人间复制一座永恒的天国花园。”

我看着你们一家四口，目光在你们彼此相牵的手上停留。

“在我们的印度，生死并不是截然断裂的。泰姬陵是沙贾汗对爱情的献祭，但它也是两万多名工匠的汗水，是印度拉贾斯坦采石场里的鲜血，是波斯书法家笔尖的墨迹。它是一座由极致的痛苦与极致的美丽共同浇筑的丰碑。当皇帝站在这里，看着亡妻的空棺椁被安放在地下正中央时，他不仅失去了一位妻子，也失去了帝国的灵魂——因为慕塔芝·玛哈不仅是他的爱侣，更是他最信任的政治顾问，是那位在战场上为他生下第十四个孩子后难产而死的坚强女性。”

夕阳终于沉入河面，天空转为深蓝。月光即将洒下。泰姬陵的白色大理石开始在夜色中发出幽幽的蓝光，仿佛拥有了生命。

“夫人，先生，孩子们。这座建筑在印度人心中，从来不是一座阴森的陵墓。它是我们对抗遗忘的武器。当你们待会儿走入那座八角形的墓室，感受到里面沁人心脾的凉爽时，请记住，那是大自然与人类智慧的共舞——双层穹顶让热空气上升，而地下室的冷空气下沉，即使外面是印度的酷暑，里面也永远如春。”

“去吧，带着你们家族的羁绊，走过那道象征着凡间与天国界限的银色大门。当你们站在水池的尽头，看到泰姬陵倒映在水中时，那不仅是建筑的倒影，也是沙贾汗破碎的心，在几百年后的岁月里，终于得到了平静的回响。”

***

**讲解员后记（为您一家人定制）：**
在接下来的半天里，您可以引导孩子们去触摸墙壁上那些比硬币还小的宝石镶嵌，告诉他们这叫“Pietra Dura”工艺；可以和先生在清真寺的拱门下感受对称几何的震撼。作为印度女性，您可以告诉孩子们，慕塔芝·玛哈并非只是一个柔弱的宠妃，她生前积极参与朝政，她的离去直接导致了沙贾汗晚年的悲剧。这能让青少年们理解，历史的复杂远胜于简单的“痴情皇帝与美艳皇后”的童话。祝你们一家在泰姬陵拥有一段跨越时空的共鸣之旅。"
f21db8da813b,GLM-5.2,P11,历史场景叙事,埃及吉萨金字塔群,"欢迎您和夫人来到吉萨。五十岁，正是人生阅历如黄金般醇厚的时刻，在这个年纪站在金字塔前，相信您对“永恒”二字会有更深邃的体悟。

为了让您的退休旅行成为一段不可磨灭的记忆，请允许我换一种方式为您导览。现在，请您和夫人闭上眼睛，深呼吸。当我们再次睁开眼时，20世纪的喧嚣将退去，我们将回到这片高原最辉煌的时刻。

***

**时间：** 公元前2560年，古埃及第四王朝，胡夫法老统治晚期。
**地点：** 吉萨高原，大金字塔（胡夫金字塔）即将竣工的现场，工匠村的瞭望台。
**人物：** 您是“内卡瑞”，一位深受法老敬重的皇家建筑师与星辰祭司；夫人是“塔谢瑞特”，掌管医药与香料的贵族女祭司。

夕阳正以肉眼可见的速度向西方的利比亚沙漠沉去。您站在大金字塔的石灰岩巨石上，脚下是尚未剥离的、光滑洁白的图拉石灰岩外罩。在最后一抹余晖的照射下，整座金字塔并不像今天这般粗糙沧桑，而是宛如一块被天火点燃的巨大白宝石，将刺眼的光芒反射向苍穹。

空气中弥漫着一种复杂而迷人的气味：夫人塔谢瑞特长袍上散发着浓郁的乳香与没药的香气，这不仅是神祇的嗅觉，也是她用来为工匠们驱除邪灵的药香；而在金字塔的背风处，飘来的是劳工村落里刚刚烤好的大麦面包和发酵啤酒的麦芽甜味，混合着沙漠傍晚特有的干燥尘土气息。

您听到了吗？那不是机器的轰鸣，而是成千上万人交织在一起的生命律动。远处，尼罗河泛滥期刚退，肥沃的黑土上传来农夫们收割亚麻的歌声；近处，工匠们正用木槌敲击着花岗岩，发出沉闷而有节奏的“咚、咚”声。伴随着这声音，是工头们指挥拖拽巨石的号子声。没有鞭子的抽打声，没有绝望的哀嚎——这些劳工是尼罗河泛滥期间无法务农的自由民，他们以服劳役为荣，因为他们相信，为法老建造这座通往星辰的阶梯，就是在维护宇宙的“玛阿特”（Ma'at，即宇宙的真理与秩序）。

塔谢瑞特轻轻走到您身边，将一块冰凉的雪花石膏碎片放在您长满老茧的手心里。她轻声说道：“看，天狼星升起来了。”

您抬起头。随着天狼星在东方的地平线闪烁，古埃及的新年即将到来，这意味着尼罗河将再次泛滥，带来新生。在您的眼中，这座金字塔不仅仅是一座陵墓。它是古埃及社会的缩影——法老、祭司、书吏、工匠、农夫，所有人像齿轮一样咬合在一起，用凡人的血肉与智慧，在地球上建造了一个微缩的宇宙。

金字塔的朝向精准地对准了北极星，内部的通道直指天狼星。您作为建筑师，深知自己正在完成一项神圣的使命：当法老驾崩，他的灵魂将顺着这精准的几何通道，升入星空，与太阳神“拉”合二为一。法老的永生，意味着尼罗河将继续泛滥，埃及将继续丰收，您的妻子将继续治病救人，您的孩子们将在和平中长大。

这是一种何等宏大的生死观。死亡并非终结，而是另一场漫长旅程的开始。

夜幕完全降临，火把在金字塔四周亮起，宛如地上的星河。您和夫人并肩站立，感受着夜晚沙漠的凉风拂过面颊。在这片被神明眷顾的土地上，您感受到的不是对死亡的恐惧，而是对宇宙秩序的敬畏与深深的安宁。

***

您可以和夫人睁开眼了。

先生，今天当您和夫人牵着手，站在历经四千五百年风霜的金字塔前时，虽然白色的外罩石已剥落，劳工的村落已化为尘土，但您脚下的这片土地，依然回荡着内卡瑞与塔谢瑞特时代的呼吸。古埃及人将对家人的爱、对自然的敬畏和对宇宙的探索，全部凝结在了这些巨石之中。

祝您和夫人在接下来的埃及之旅中，不仅能看到历史的遗迹，更能触摸到那份跨越千年的、属于人类共同的永恒。"
de725a603b0e,GLM-5.2,P06,沉浸式体验设计,印度泰姬陵,"你好！很高兴为您一家设计这次泰姬陵的沉浸式体验。考虑到您是一位45岁的印度女性，带着丈夫和两个青少年孩子，这次体验不仅是一次观光，更是一次**家庭情感的纽带、莫卧儿历史的重温以及对印度文化认同的深度探索**。

为了给您带来截然不同的全新视角，这一次我们将不再以沙贾汗的视角为主线，而是从**“材质与感官”**及**“无名工匠与慕塔芝的智慧”**的角度切入，为您定制这半天的《光影与宝石：泰姬陵的感官密码》沉浸式体验方案。

---

### 1. 体验目标与受众分析
*   **受众画像匹配**：作为印度本地人，您和家人对泰姬陵的基础故事已有文化共鸣。因此，体验目标定为“从已知故事中挖掘未知细节”。对于青少年，纯历史讲解容易枯燥，需要通过“解谜”和“科技交互”激发探索欲；对于您和丈夫，则提供深度的情感共鸣与文化哲学思考。
*   **体验目标**：打破“泰姬陵仅是帝王爱情纪念碑”的单一片面认知，通过AR、空间音频与触觉互动，展现莫卧儿时代的工匠精神、慕塔芝·玛哈的女性力量，以及泰姬陵在印度人心中作为“永恒与和谐”象征的深层意义。

### 2. 核心场景与互动环节（半天行程）

**第一站：入口红堡—— “时空之声”听觉沉浸（约30分钟）**
*   **环节**：在入口处，您的家庭将领取轻量级的骨传导智能头戴设备。当你们穿过宏伟的达尔瓦扎（主城门）时，设备不会播放传统的导游解说，而是播放**“时空混音”**。
*   **体验**：青少年会听到1648年集市上的喧嚣声、大象的沉闷脚步声，随后声音逐渐过渡到一种奇妙的宁静——只有水声和石匠雕刻大理石的敲击声。这种声音对比，让一家人在踏入花园的瞬间，完成从现代喧闹到莫卧儿静谧的心理转换。

**第二站：前庭花园—— “天堂几何”AR寻宝（约45分钟）**
*   **环节**：专为两个青少年设计的AR平板探索游戏。莫卧儿花园强调“四分庭园”的对称与水镜效果。
*   **体验**：孩子们需要在现实中走到特定的水渠旁，用平板扫描。AR界面会显示水流系统的地下结构，并要求孩子们通过调整虚拟阀门，让水池倒影完美呈现泰姬陵的对称图像。完成解谜后，屏幕上会浮现波斯文诗句：“这是人间天堂的缩影”，让青少年在游戏中理解莫卧儿建筑对“对称即神圣”的追求。

**第三站：主陵墓本体—— “会呼吸的石头”触觉与光影交互（约60分钟）**
*   **环节**：这是核心区域。我们避开拥挤的中央棺椁，引导您一家关注建筑细节。您将获得一个带有震动反馈的“触觉指环”。
*   **体验**：
    *   **大理石的呼吸**：当您的手指靠近镶嵌在大理石上的半宝石（如玛瑙、碧玉、玉髓）时，指环会根据石头的材质发出不同频率的微弱震动。AR眼镜会叠加显示这些石头从拉贾斯坦邦、中国甚至阿拉伯半岛的运输路线。
    *   **光影魔法**：通过AR滤镜，您和家人可以滑动时间轴，看到泰姬陵在清晨（粉红色）、正午（耀眼的白色）和月夜（银蓝色）的色彩变化原理。同时，AR会还原内部曾有的奢华挂毯和光源，解释莫卧儿人如何利用镂空大理石屏风进行自然采光与通风。

**第四站：亚穆纳河畔—— “未完成的梦”全息微剧场（约30分钟）**
*   **环节**：在陵墓背面的河畔长椅区（著名的戴安娜王妃长椅旁），设置有隐蔽的定向声场装置。
*   **体验**：一家人坐下休息时，眼前会通过手机AR投射出一个微缩的全息沙盘。沙盘展示了沙贾汗原本计划在河对岸建造的“黑色泰姬陵”。此时，音频中不再是沙贾汗的悲叹，而是**慕塔芝·玛哈的虚拟独白**。她以第一人称讲述自己不仅是被哀悼的对象，更是莫卧儿帝国当时的重要政治顾问，表达了她希望这座建筑成为“宽容与和平的灯塔”的愿景。这为您和丈夫提供了探讨历史中女性角色的深刻话题。

### 3. 技术如何增强叙事与情感共鸣

*   **空间音频的“情感包裹”**：技术没有生硬地展示数据，而是用风声、水声、凿石声构建情感场。当您站在大理石屏风前，空间音频会让慕塔芝的轻柔诵读声仿佛从石缝中传出，让“爱”不再停留在帝王的占有欲，而是化作一种可感知的宁静。
*   **AR的“透视眼”功能**：对于青少年，AR不是用来玩虚拟游戏的，而是“时间的X光机”。它剥开了表层的历史，让孩子们看到力学结构、光学原理和矿物学，将人文学科与STEM（科学、技术、工程、数学）结合，极大地增强了他们的参与感。
*   **震动反馈的“通感”**：通过触觉指环，将冰冷的石头转化为有温度的历史载体。当孩子们摸到不同宝石的震动频率时，他们实际上是在触摸全球化贸易的脉络，感受到这座建筑是全世界工匠共同的心血。

### 4. 文化敏感性与可及性考量

*   **文化敏感性**：
    *   **去浪漫化与去刻板印象**：不仅强调“爱情”，更强调莫卧儿文化的包容性。讲解中会提及印度教徒与穆斯林工匠的合作，以及建筑中融合的印度本土元素（如莲花装饰），体现印度多元文化的交融。
    *   **陵墓的敬畏感**：在主陵墓内部，AR将自动关闭视觉叠加，仅保留低语空间音频。技术退居幕后，尊重这是安息之地的庄严属性，避免光污染破坏圣洁氛围。
*   **可及性**：
    *   **物理可及性**：考虑到45岁及青少年人群的体力，路线设计为“先分散（花园解谜）后集中（主陵墓）再休息（河畔剧场）”，避免长时间排队站立。设备均提供轻量化选项，且支持连接个人助听器。
    *   **认知可及性**：界面设计提供印地语、乌尔都语和英语的无缝切换。对于青少年的AR界面，采用游戏化UI；对于成人的音频，采用纪录片级别的深度叙事，满足不同认知层级的需求。
    *   **中等预算实现**：方案采用BYOD（自带设备）兼容模式，大部分AR体验可通过家庭现有的智能手机配合租用的轻量级骨传导耳机和纸质AR滤镜片即可实现，无需昂贵的VR头显，符合中等预算预期。

**结语**：
通过这个方案，您一家四口在泰姬陵的半天，将不再只是走马观花地拍一张全家福。孩子们会惊叹于古代工匠的科学智慧，您和丈夫会在慕塔芝的独白与亚穆纳河的微风中，重新审视这段跨越数百年的爱与哀愁。泰姬陵不仅是沙贾汗的眼泪，更是印度这片土地对完美与和谐的永恒追求。祝您和家人有一趟难忘的文化之旅！"
a9b0c1929609,GLM-5.2,P11,沉浸式体验设计,埃及吉萨金字塔群,"您好！欢迎来到这片被时间亲吻的土地。作为您的文化遗产叙事设计师，我非常荣幸能为您和您的夫人量身定制这次吉萨金字塔群的沉浸式体验。

考虑到您二位正处于人生中这个美好的阶段——退休旅行不仅是一次度假，更是对生命新篇章的期许。古埃及人对“永恒”有着深刻的理解，这与您此刻的心境不谋而合。这一次，我们将摒弃传统的“走马观花”与“猎奇探险”，以**“时间的编织者：从尼罗河到星辰的永恒对话”**为主题，为您打造一场兼具历史厚度、诗意氛围与人文关怀的沉浸式旅程。

---

### 1. 体验目标与受众定位
**受众画像分析**：您是一位50岁的美国男性，拥有一定的人生阅历，与妻子共度退休时光。您追求的不是刺激，而是深度、共鸣与舒适度。
**体验目标**：
*   **情感层面**：将古埃及人对永恒的追求与您二位“白头偕老、步入人生新阶段”的感悟相连结，创造专属的浪漫与哲思。
*   **认知层面**：打破“外星人建造”等刻板印象，展现古埃及人的智慧，同时致敬当代埃及考古学家的守护。
*   **技术定位**：中等预算下的“轻量级沉浸”——不依赖笨重的VR头显，而是采用智能AR透镜、定向空间音频与实体互动装置的巧妙结合，确保游览的舒适与自由。

---

### 2. 核心场景与互动环节

**第一幕：晨光中的时间切片（大金字塔外围）**
*   **场景设定**：清晨，游客较少时，您二位站在胡夫金字塔巨大的石灰岩巨石前。
*   **互动体验**：您将佩戴一副轻便的智能AR透镜。当您看向金字塔表面时，AR技术不会呈现喧闹的动画，而是以“时间切片”的形式，将金字塔还原成不同历史时期的样貌：从公元前2500年光滑闪耀的白色石灰岩外壳，到中世纪的风化，再到今天的模样。
*   **叙事点**：通过定向音频（隐藏在您衣领上的微型扬声器），您会听到一位当代埃及考古学家（虚拟向导）的低语，他将以第一人称讲述他的祖父是如何在这片沙土中寻找历史碎片的，拉近您与现代埃及的情感联系。

**第二幕：大画廊的共鸣（金字塔内部）**
*   **场景设定**：进入大金字塔内部。由于内部空间狭窄且保护规定严格，此处完全依靠空间音频与触觉反馈。
*   **互动体验**：您和夫人将手牵手走过大画廊。您手中握着一把特制的“时空手杖”（既是登山杖，也是互动设备）。手杖会根据您所在的位置产生微小的震动。当您将手杖轻触墙壁时，您夫人耳机中会听到对应石材开采与运输的古老劳动号子，而您耳机中则会听到现代工程师对建筑力学分析的赞叹。
*   **叙事点**：这里没有视觉干扰，只有黑暗、回声与您二位的呼吸声。这种极简的感官体验，旨在让您体会古埃及建筑中“空”的哲学，以及人类在巨大空间面前的渺小与坚韧。

**第三幕：工匠村的日与夜（互动全息沙盘）**
*   **场景设定**：离开金字塔群，来到附近的古代工匠村遗址。这里相对安静，充满生活气息。
*   **互动体验**：现场设置了一个实体互动沙盘。您和夫人可以通过移动沙盘上的实体木块（代表石块、木材和水），来模拟解决一个古埃及建造难题：如何利用尼罗河泛滥期的水流将石材运送至高地。
*   **叙事点**：当您成功解谜时，沙盘上方会投射出柔和的光影，展现出工匠们下班后与家人共进晚餐、喝啤酒的场景。这打破了“奴隶建造金字塔”的误解，展现了古埃及普通人充满烟火气的生活，也呼应您二位当下享受家庭与退休生活的温馨。

---

### 3. 技术如何增强叙事与情感共鸣

*   **“双线叙事”音频系统**：系统识别到您和夫人的年龄与关系，会自动开启“双线模式”。您听到的旁白更多偏向历史脉络与建筑逻辑，而夫人听到的则更多偏向神话传说、王室女性的生活以及古埃及的医药与美容。两人在游览后可以交流彼此听到的不同故事，增加互动乐趣。
*   **触觉共情技术**：在工匠村，设有一块温感石板。当您二位同时将手放上去，石板会逐渐升温，并伴随微弱的振动，模拟心跳的节奏。屏幕上浮现一句话：“在古埃及语中，‘心’是灵魂的居所。正如伊西斯与奥西里斯的重逢，时间终将见证爱的永恒。”这一刻，技术化作了情感的催化剂。

---

### 4. 文化敏感性与可及性

*   **文化尊重**：整个体验中，绝不使用“诅咒”、“木乃伊复活”等猎奇或妖魔化古埃及的元素。我们将古埃及文明视为一个高度发达、充满理性的社会来对待。同时，通过当代埃及学者的“虚拟向导”声音，强调埃及人民对自己文化遗产的主体地位与持续贡献。
*   **可及性设计**：
    *   **体力考量**：考虑到50岁的年龄，行程安排了充足的休息点。AR透镜重量极轻，不会造成颈部负担。“时空手杖”提供物理支撑。
    *   **幽闭空间替代方案**：如果您或夫人对金字塔内部的狭窄空间感到不适，我们提供“外部沉浸舱”（位于高地的高清环幕帐篷），可以在舒适的环境中体验内部的高精度3D扫描影像。
    *   **视觉与听觉辅助**：所有音频均配有文字字幕，可在AR透镜边缘显示；听觉不佳者可使用骨传导耳机，确保不影响正常交谈。

**结语**：
这次旅程不是一次简单的观光，而是一场跨越四千年的对话。当夕阳西下，金色的阳光洒在金字塔尖，您和夫人并肩站立，耳边的音频会渐渐淡出，只留下风声。我们希望，这不仅是一次对古老文明的致敬，更是为您二位退休生活献上的一首关于时间与爱的赞美诗。"
2e025b17099c,Kimi-K2.7-Code,P06,博物馆导览讲解,印度泰姬陵,"（站在大水池南端，面向泰姬陵，语气轻松而庄重）

大家好，欢迎来到泰姬陵。今天我们不急着拍照，先在这里站一会儿，看看水面上的倒影——印度人常说，泰姬陵是“一封用大理石写成的情书”，而水池就是这封情书的信封。

它建于1632年到1653年之间，是莫卧儿皇帝沙贾汗为纪念皇后慕塔芝·玛哈尔而建的陵墓。慕塔芝原名阿姬曼·芭奴，在生下第十四个孩子后去世，临终时请求丈夫为她建造“世界上最美丽的陵墓”。沙贾汗不仅兑现了承诺，还在泰姬陵完工后被儿子奥朗则布囚禁在阿格拉红堡。他余生每天隔河遥望爱妻的陵墓，去世后终于由女儿安排，与慕塔芝合葬在这里。

但泰姬陵从来不只属于帝王。你们眼前的建筑，是波斯花园、中亚穹顶、印度大理石工艺和伊斯兰几何美学的相遇。四方形花园叫做“charbagh”，象征《古兰经》中天堂的四条河流；主穹顶高达73米，四角的宣礼塔微微向外倾斜——这是古代工程师的防震巧思，地震时塔身会向外倾倒，而不会砸向陵墓主体。你们两个孩子可以走近细看墙面：那些精美的花朵不是画上去的，而是用玛瑙、红玉髓、青金石等半宝石一片片镶嵌进去的，这种工艺叫“pietra dura”，来自意大利语，却被莫卧儿工匠发扬光大。

我想讲一个和普通人的故事。泰姬陵外围的塔吉甘吉社区，至今住着当年工匠的后裔。有一位叫阿西夫的年轻匠人，从祖父手里接过细小的凿子，继续制作大理石镶嵌花饰。他的家族没有出现在史册里，但泰姬陵的每一朵花里，都藏着像他祖先这样的无名工匠。民间传说工匠们的双手被砍断，以防他们再造出同样的建筑——这其实不是真的；史料显示，许多工匠获得了土地和报酬，并在这里定居下来。今天，如果你在他们经过认证的小作坊里买一件镶嵌工艺品，不只是带回家的纪念品，更是在支持一种“活着的遗产”。

对印度人来说，泰姬陵的意义很复杂，也很深厚。它是爱情的象征，是国家自豪感的标志，也是数百万印度人第一次亲眼见到的“世界奇迹”。但它也提醒我们：伟大的建筑背后是无数普通人的汗水与智慧，它属于每一个仰望它的人。

最后说几点保护提示：请不要用手触摸大理石和镶嵌花纹，皮肤上的油脂和酸性物质会加速石材风化；请沿步道行走，不要攀爬平台或坐在基座上；进入主墓室后请勿拍照，也请将手机调至静音；带走垃圾，尽量减少一次性塑料。让孩子们也参与进来——保护泰姬陵，就是保护我们自己的故事。

现在，请慢慢沿着水池中央走向陵墓。注意看阳光如何在白色大理石上变换颜色：清晨偏粉，正午银白，黄昏则像蜜糖。愿你们在这里感受到的，不只是历史，还有穿越近四百年的温柔与思念。"
4ddfab5b5652,Kimi-K2.7-Code,P11,博物馆导览讲解,埃及吉萨金字塔群,"各位，欢迎来到吉萨高原。此刻你们站的地方，在古埃及人心中从来不是单纯的“建筑工地”，而是太阳落下的西岸——亡者之国与永生之路的起点。

大约四千五百年前，第四王朝的法老胡夫、哈夫拉与门卡乌拉选择在这里修建陵墓，其实是在借用尼罗河与太阳的地理语言。每天傍晚，太阳神拉会乘船沉入西方地平线；而金字塔，正是帮助法老灵魂登上太阳船、穿越黑夜、在黎明重生的阶梯。你们看到的不仅是石块的堆叠，更是一套完整的宇宙观：尖顶指向天界，四面朝向正方位，外层覆盖的白色石灰石在阳光下会反射出星辰般的光芒——所以古希腊人称这里为“金字塔”，意为“火之山”。

但让我讲一个不那么宏大、却更动人的故事。

在胡夫金字塔附近，考古学家发现了一座工匠村。那里不是奴隶营，而是一个有医生、面包房、肉铺，甚至有理发店的社区。在一块石料上，有人刻下了一行潦草的古埃及文字：“胡夫大王的工匠，安赫的班组。”另一处涂鸦则写着：“我们在这里工作了三个月，面包很好吃。”

想象一下：一个名叫佩皮的年轻石匠，也许只有十七岁，来自尼罗河三角洲。他每天清晨跟着班组爬上脚手架，用铜凿修整石灰石。中午，他会和同伴坐在金字塔的阴影里吃洋葱、鱼和配给的啤酒。某个下午，他趁工头不注意，在石块背面刻下自己的名字——不是为了让全世界记住，只是想在永恒中留下一点“我曾在这里”的痕迹。四千五百年后，我们读到了他的笔迹。

这些金字塔之所以屹立，不仅因为法老的野心，更因为成千上万个“佩皮”的技艺、汗水，以及他们对“工作即神圣”的信念。他们没有留下雕像，但他们的指纹藏在每一块石头的缝隙里。

参观时请注意：请不要触摸石壁或攀爬遗迹，人体的油脂和摩擦会加速古老石灰石的侵蚀；进入墓室通道时避免使用闪光灯；也请尊重当地导游和商贩，许多吉萨居民世代生活在这里，他们的家族记忆与这片土地紧密相连。

当你们离开的时候，我希望你们记住的不仅是金字塔的高度，而是它所连接的两个世界：一个是法老向往的星辰，另一个是普通人在尘土中创造的永恒。这就是吉萨真正的神秘之处——它不是死者的纪念碑，而是生者信念的延续。

祝你们退休旅行愉快，愿这里的夕阳给你们留下温暖的回忆。"
974275d5527d,Kimi-K2.7-Code,P06,历史场景叙事,印度泰姬陵,"下面这份叙事换一个视角：不再只从沙贾汗与慕塔芝的爱情出发，而是让你以一位**莫卧儿宫廷女官**的身份，在**贾汉娜拉公主**的陪同下，走进尚未完全竣工的泰姬陵工地。这样你能同时看到：女性的哀思、工匠的技艺、帝国的多元，以及这座建筑在印度人心中超越“浪漫符号”的深层意义。

---

### 【场景设定】

- **时间**：1643 年 6 月，一个初夏的黎明前（慕塔芝·玛哈尔去世十二年后，主体陵寝刚落成，宣礼塔与庭院尚在收尾）。
- **地点**：亚穆纳河南岸，泰姬·玛哈尔陵寝的南侧大理石台地，正对还未装上最终铜尖的主穹顶。
- **人物**：你——45 岁，来自德干、信奉伊斯兰教的宫廷女官，曾是慕塔芝皇后身边的侍读；你的丈夫是皇室书记官；两个孩子正在皇家学堂学习；同行者还有**贾汉娜拉公主**（慕塔芝的长女）、大书法家**阿马纳特·汗·设拉子**、总工程师**乌斯塔德·艾哈迈德·拉合里**。

---

### 【沉浸式叙事】

请闭上眼。你现在不是站在 2025 年的游客队伍中，而是赤足踏在 1643 年尚带凉意的白色大理石上。

天还是蟹壳青。亚穆纳河就在台地边缘低语，水气混着石灰砂浆的涩味、新鲜茉莉的甜香，以及远处檀香木熏炉的烟，一起扑进你的面纱。你听见河对岸阿格拉堡传来第一声宣礼，像一根细线穿过晨雾；近处则是铁凿轻敲大理石的“叮、叮”声，波斯语、印地语、旁遮普语和拉贾斯坦方言在脚手架间交错。

贾汉娜拉公主走在你前面，一袭素白棉绸，没有珠宝。她停在主殿南入口的拱门下，仰头看阿马纳特·汗正在做最后的润色。那位年迈的书法家悬在竹架上，笔尖蘸着磨细的墨玉粉，正将《雅辛章》中关于乐园与陪伴的经文，一笔一画嵌进大理石门框。

“母亲喜欢清晨的花园，”贾汉娜拉忽然说，声音很轻，“她说花香是尘世对乐园的模仿。”

你低头致意。你记得慕塔芝临终时的嘱托——不是命令建造一座巨陵，而是请丈夫好好抚养孩子，并希望她能被安葬在一条河边，让河水带走悲伤。

乌斯塔德·艾哈迈德·拉合里走过来，手掌抚过一块刚刚抛光的大理石。他向你的两个孩子解释：“你们看到的不是一块石头，而是一部地图。白色大理石来自拉贾斯坦的马克拉纳；青金石来自阿富汗；玛瑙与红玉髓来自阿拉伯和印度各地；镶嵌图案的工匠中有穆斯林，也有印度教徒。这座陵寝的每一笔、每一刀，都是许多人共同的语言。”

阳光终于越过地平线。先是穹顶边缘泛起贝壳粉，接着整座主殿像被点燃的珍珠，从灰白变成淡金。你看见工人们停下凿子，不是偷懒，而是按照惯例，在日出时默立片刻——有人低声祈祷，有人只是望着光。这是莫卧儿工地的日常：技艺与信仰并行，死亡与清晨同在一个庭院。

贾汉娜拉带你走下台阶，进入尚未对公众开放的地下墓室。空气骤然变凉，弥漫着泥土与玫瑰水的气息。慕塔芝的真正石棺安放在中央，沙贾汗为自己预留的位置在旁侧——此刻还空着。公主将一束茉莉花放在墓边，对你的孩子们说：

“人们以后会称这里为‘爱的象征’。但你们要记得，它也是**记忆的公共契约**。一个皇帝用帝国的资源，把私人的悲痛变成一座让所有人都能进入的花园。它提醒我们：失去是普遍的，而美可以成为不同信仰、不同地域的人共同拥有的语言。”

你握住丈夫的手。你的两个孩子——平时总低头看手机游戏的少年——此刻安静地看着穹顶内壁上那些精密的几何花纹。你忽然意识到，这座建筑之所以三百多年后仍让印度人骄傲，并不只是因为它关乎一对皇室夫妇，而是因为它把**哀悼、工艺、平等与多元**都封存在同一块大理石里。

---

### 【回到当下：它对你意味着什么？】

当你重新睁开眼，眼前的泰姬陵与 1643 年那个黎明并无本质不同：阳光依旧会让大理石变色，经文依旧在低语，亚穆纳河依旧流淌。对今天的印度人而言，泰姬陵不只是“爱情圣地”，它是：

- **多元工艺的丰碑**：波斯书法、印度花纹、中亚穹顶、拉贾斯坦石材在此共生；
- **公共记忆的载体**：一个帝王把私人悲伤转化为全民可进入的沉思空间；
- **国家认同的交集**：无论信仰、语言或阶层，无数印度人都在这里找到自己与历史相连的瞬间。

---

### 【半日家庭参观小建议】

1. **最佳时段**：日出开门（约 6:00）入场，避开人潮与高温，光线也最宜看大理石变色。
2. **门票与预算**：印度公民票价较低，可网上预订；请一位 ASI 认证讲解员（约 ₹500–800）或租用官方语音导览，比门口拉客的“导游”更可靠。
3. **动线建议**：南门 Darwaza → 花园中轴 → 主殿（脱鞋进入，注意墓室内部较暗拥挤）→ 东侧清真寺（非礼拜时间可外观）→ 若时间允许，傍晚到对岸 **Mehtab Bagh** 看日落倒影。
4. **与孩子互动**：让他们寻找不同石材颜色、辨认阿拉伯书法的纹样，或讨论“为什么一个皇帝要为妻子建这么大的墓”——这会比你想象的更能引发他们对历史与性别的思考。

祝你一家人在泰姬陵度过一段既有美感、也有温度的时光。"
babc9f157706,Kimi-K2.7-Code,P11,历史场景叙事,埃及吉萨金字塔群,"您好！欢迎来到吉萨高原。为了让您和妻子今天的参观更有层次，我想邀请您暂时放下相机，做一个简短的“时空折叠”练习。这一次，我们不从法老或祭司的视角进入，而是从一个**见证者**的眼睛——一位普通的王室书吏——重新凝视您眼前这座金字塔。

---

**【沉浸式叙事：书吏伊姆尼的黎明】**

现在，请闭上眼睛，深呼吸。

你叫**伊姆尼**，四十三岁，王室书吏兼工程记录员。你的左臂下夹着一卷纸草，右手握着削尖的芦苇笔。此刻是**公元前2560年前后**，第四王朝胡夫法老在位的第二十三年，也是眼前这座“胡夫的地平线”金字塔即将封顶的年份。

天色仍是蟹壳青。你站在高原西缘，脚下是细密的石灰岩碎屑，被夜露浸得微微发亮。谷底，尼罗河还在沉睡，但湿气已经升上来了——那是**淤泥、纸莎草茎和远处渔船鱼腥**混合的气息，湿润、厚重，带着生命轮回的味道。你熟悉这气味，因为正是这条河，把图拉采面石和花岗岩从上游漂来，也把来自上下埃及的工匠送到这里。

东边，天狼星尚未完全隐去。你知道，等它再次与太阳同升，新的泛滥季就要到来，届时三角洲的农民会放下锄头，应召而来。他们不是奴隶——你每次写下出勤簿时都会这样想——他们是领取口粮与报酬的工匠、石匠、木匠，以及在泛滥期为王国效力的自由民。他们住在东侧的工匠村里，吃国家配给的面包、洋葱和鱼，受伤时有人医治，死去时能在自己的墓地中得到体面的安葬。这座建筑是国家意志的体现，但更是千万双手自愿参与的集体承诺。

身后传来**清脆而有节奏的敲击声**：铜凿切入石灰岩的声响。你转身，看见数百盏陶油灯在渐亮的天光中摇曳，像被风吹落的星子。工头们的喊声短促而清晰，不是鞭打，而是测量、校准、提醒。一块巨大的覆面石被撬棍抬起，滑上涂满尼罗河泥浆的滑道，绳索摩擦涂了油脂的木梁，发出低沉而悠长的呻吟。

你的工作是记录：今天到场多少人，多少石块就位，多少筐碎石需要清运。但此刻，你的目光不由自主地被金字塔顶端吸住。

**第一缕阳光跃过了尼罗河东岸。**

那道金光像一把缓缓抬起的刷子，从金字塔尖开始，将白色的覆面石一层一层染成蜂蜜与琥珀的颜色。你没有学过现代天文学，但你听建筑师赫米乌努说过：这座建筑的轴线精确指向那几颗永不沉落的星辰，让法老的灵魂能循着这条永恒的阶梯，加入太阳神拉的日舟，穿越天空。

空气中忽然飘来**乳香与没药**的气息。一队祭司从河谷神庙方向走来，白色亚麻长袍在晨光中几乎透明。他们低声吟诵着咒语，音节古老而绵长，混进风里——那是为法老打开天国之门的《金字塔文》。你并非祭司，但你知道这些文字的分量：它们将帮助胡夫跨越死亡，化身为奥西里斯，继续护佑这片土地、这条河流、这些人民。

法老本人今天不会亲临——他的遗体正在孟菲斯接受最庄严的仪式，而这座建筑必须在他启程前完美竣工。你感到一种深沉的庄严：你记录的不仅是一堆石块的搬运，更是一个文明对“永恒”最郑重的回答。每一道缝隙、每一次校准、每一声号子，都刻着人们对秩序、重生与集体记忆的信仰。

太阳升高了，光线变得炽白而刺眼。你低头，在纸草上画下今天的记录符号。汗水从额头滑落，与石灰岩粉尘混合，在皮肤上结成一层薄薄的壳。远处，工匠们唱起了劳动号子，节奏沉稳，像尼罗河涨落一样古老。

---

**【回到当下】**

现在，请慢慢睁开眼睛。

您仍然站在吉萨高原上，但那些曾让金字塔闪耀如星辰的白色覆面石，大多已在岁月中剥落。风还在吹，沙还在流动。当您稍后绕到金字塔东侧，看到那些工匠村的遗址时，请记住：**这片土地上的奇迹，不是由恐惧和鞭子堆砌的，而是由信仰、技艺、组织与对来世的敬畏共同托举起来的。**

当代埃及人常说：“我们不是在守护废墟，而是在照看祖先写给时间的一封信。”希望您今天读到的，是信中最温柔也最有力的一行。"
3b1e3ebf41a1,Kimi-K2.7-Code,P06,沉浸式体验设计,印度泰姬陵,"# 「月光与大理石：泰姬陵半日沉浸式家庭之旅」  
**——为 45 岁印度女性、丈夫与两位青少年设计的文化叙事体验方案**

---

## 一、体验目标与受众定位

### 1.1 受众画像
- **核心家庭**：45 岁女性（组织者、文化兴趣浓厚）、丈夫（可能更关注历史与建筑）、两位青少年（13–17 岁，偏好互动、游戏化、视觉冲击）。
- **预算**：中等，因此方案以**手机 AR + 租赁设备 + 现场装置**为主，避免高成本 VR 头显大量采购。
- **文化背景**：印度本土游客，对泰姬陵有情感认同，但希望超越“打卡式观光”，深入理解莫卧儿爱情叙事、建筑工艺、以及在印度多元记忆中的地位。

### 1.2 体验目标
1. **情感共鸣**：让家庭成员感受沙贾汗与慕塔芝·玛哈尔之间的历史关系，同时理解泰姬陵作为“哀悼之建筑”的深意。  
2. **文化理解**：介绍莫卧儿时期的艺术、诗歌、园林哲学、伊斯兰书法与工匠体系，避免将泰姬陵简化为“浪漫童话”。  
3. **批判性视角**：呈现泰姬陵的多重身份——帝国工程、劳工智慧、后殖民国家象征、阿格拉市民的日常生活背景。  
4. **家庭互动**：通过角色扮演与协作任务，让青少年主动参与，让父母成为共同探索者而非单纯陪同者。

---

## 二、核心场景与互动环节（约 4 小时）

### 场景一：启程 · 「沙贾汗abad 的黎明」（入口广场 / 游客中心，45 分钟）

**氛围营造**：  
现场播放经过复原的 17 世纪阿格拉环境音——远处的恒河支流、铁匠铺、波斯语叫卖、清真寺宣礼声。游客领取一个**「家族信物包」**：手机 AR 导览码、耳机、一本可折叠的「莫卧儿家庭手札」。

**互动环节：「选择你的家族身份」**  
家庭成员分别抽取角色卡：
- **妻子**：可选择扮演慕塔芝·玛哈尔（Mumtaz Mahal）或宫廷诗人。
- **丈夫**：可选择扮演沙贾汗（Shah Jahan）或首席建筑师乌斯塔德·艾哈迈德·拉合里（Ustad Ahmad Lahori）。
- **青少年 A**：工匠学徒，负责解读阿拉伯文书法与宝石镶嵌。
- **青少年 B**：宫廷史官，负责记录“帝国日记”。

> 这一设计让全家人以不同视角进入叙事，而非单向听讲。

---

### 场景二：漫步 · 「天堂花园的数学」（Charbagh 花园，60 分钟）

**叙事焦点**：莫卧儿园林的宇宙观——四分花园象征天堂四条河流，水渠象征生命与净化。

**互动装置：「流动的几何」**  
在花园中央设置一块**投影互动地面**。当家庭成员站在特定位置时，地面会浮现出泰姬陵的对称轴线、水渠倒影与天文对齐线。青少年可以用脚“踩”出对称图案，系统即时反馈：“你们刚刚重现了 17 世纪波斯园林的比例。”

**AR 体验：「看见消失的水」**  
打开手机 AR，原本干涸或简化的水渠会“重新流动”，并显示当年喷泉系统如何利用恒河水压。AR 中还会浮现一位虚拟园丁，用乌尔都语/印地语双语讲述日常维护的艰辛。

---

### 场景三：凝视 · 「大理石之心」（主陵墓，75 分钟）

**叙事焦点**：建筑细节、书法艺术、宝石镶嵌工艺，以及陵墓内外的生死对话。

**AR 层一：「书法在发光」**  
对准入口的《古兰经》铭文，AR 会高亮显示书法内容，并提供三种解读：
- 宗教/神秘主义解读（通往天堂的经文）
- 历史解读（由书法家阿马纳特·汗书写，尺寸随高度调整以矫正透视）
- 当代解读（这些文字对今天不同信仰印度人的意义）

**AR 层二：「宝石的隐藏颜色」**  
对准大理石墙面，AR 还原 **Pietra Dura（硬石镶嵌）** 中宝石在烛光下的原始光泽，解释每块石头来源：青金石来自阿富汗、红玉髓来自阿拉伯、翡翠来自中国等。这自然引出莫卧儿帝国的全球贸易网络。

**声音装置：「慕塔芝的十四封信」**  
在陵墓外廊设置一处**定向声场座椅**。坐下后，耳机中传来基于历史记载创作的声音剧：慕塔芝在临终前对沙贾汗的嘱托、沙贾汗在阿格拉堡遥望泰姬陵的独白、以及一位无名石匠对这件作品的感慨。  
> 采用**多声道叙事**，不只有帝王爱情，也有工匠视角，避免单一浪漫化。

---

### 场景四：对话 · 「月光与记忆」（Mehtab Bagh 或出口反思区，60 分钟）

**叙事焦点**：泰姬陵在印度独立后的象征意义、当代保护挑战、以及个人记忆。

**互动装置：「印度的泰姬陵」**  
一面大型互动墙，邀请游客回答三个问题：
- 泰姬陵对你意味着什么？
- 谁才是这座建筑真正的建造者？
- 如果你是 17 世纪的一名工匠，你会留下什么？

答案以文字、语音或涂鸦形式投影上墙，与历史图像并置。家庭成员可共同留下一段“家族留言”。

**VR 轻体验：「月光泰姬陵」**  
为无法长时间排队或登高的家庭成员提供一段 5 分钟 360° 影像：满月之夜从亚穆纳河对岸看泰姬陵，配合苏菲音乐与诗歌朗诵。此环节采用**低成本 cardboard VR**，由现场租赁。

**角色扮演收尾：「家庭史官汇报」**  
青少年以“宫廷史官”身份向父母汇报今日所学，父母给予反馈。现场讲解员颁发一张**「泰姬陵叙事守护者」**电子证书。

---

## 三、技术如何增强叙事与情感共鸣

| 技术 | 叙事功能 | 情感效果 |
|---|---|---|
| **手机 AR** | 还原历史场景、书法含义、宝石光泽 | 让“静止的大理石”开口说话，产生时间穿越感 |
| **空间音频 / 定向声场** | 多角色声音剧、环境音复原 | 营造私密聆听体验，增强悲伤、敬畏与亲密感 |
| **投影互动地面** | 可视化园林几何与水系 | 让青少年通过身体参与理解抽象的建筑美学 |
| **互动留言墙** | 连接历史与当代公众记忆 | 让游客从“观看者”变为“叙事共创者” |
| **低成本 Cardboard VR** | 呈现月光泰姬陵全景 | 照顾体力有限者，提供诗意收尾 |
| **角色卡与任务手册** | 游戏化家庭协作 | 降低青少年学习门槛，增强家庭互动 |

> **技术服务于故事，而非炫技**。所有数字内容都经过历史学家与本地文化顾问审核，确保准确性。

---

## 四、文化敏感性与可及性

### 4.1 文化敏感性
- **避免单一浪漫化**：泰姬陵不只是“爱情纪念碑”，也是帝国权力、劳工牺牲与宗教表达的场所。方案中加入工匠、书法家、园丁等“无名者”的声音。
- **尊重伊斯兰传统**：进入陵墓需脱鞋、保持安静、避免闪光灯；讲解中正确介绍《古兰经》书法与苏菲文化，不将其娱乐化。
- **呈现多元印度记忆**：泰姬陵是印度穆斯林文化遗产的重要象征，也是全印度乃至世界的共同遗产。方案避免将其政治化，而是强调其作为“人类共同杰作”的价值。
- **语言选择**：提供印地语、乌尔都语、英语、泰米尔语、孟加拉语等多语言选项，体现印度语言多样性。

### 4.2 可及性
- **无障碍动线**：为轮椅使用者与行动不便者规划平坦路线，主陵墓内提供轮椅或电梯信息。
- **多感官替代**：AR 内容配有音频描述，声音剧提供字幕；互动地面也支持触觉反馈。
- **感官友好版**：为对强光、 loud sound 敏感者提供低刺激版本（关闭环境音、降低投影亮度）。
- **家庭友好设施**：设置阴凉休息区、饮水点、女性友好卫生间、母婴空间。
- **安全与隐私**：AR 应用不强制注册，数据本地化；青少年使用设备需家长确认。

---

## 五、预算与实施建议（中等预算）

| 项目 | 建议 |
|---|---|
| **AR 应用** | 与 ASI 或本地科技公司合作开发，游客可下载或租用预装手机 |
| **设备租赁** | 耳机、Cardboard VR、充电宝，按家庭套餐收费 |
| **现场装置** | 投影地面、定向音响、互动墙可由景区统一安装，家庭购买门票+体验套票 |
| **讲解员** | 配备 1 名专业讲解员 / 每 10 组家庭，重点在引导讨论而非背诵导览词 |
| **总时长** | 约 3.5–4 小时，适合半日游，结束后可自由购物或用餐 |

---

## 六、一句话总结

> 这不仅是一次泰姬陵参观，更是一场**让全家人以不同身份走进历史、用科技与感官重新发现“月光与大理石”**的文化对话。"
d15957ac65e9,Kimi-K2.7-Code,P11,沉浸式体验设计,埃及吉萨金字塔群,"# 《梅勒日志：尼罗河与天际线之间》
## ——吉萨金字塔群一日沉浸式文化遗产体验方案

---

## 一、体验定位与目标受众

### 1.1 体验名称与核心概念
本方案以**2013年发现的瓦迪·贾尔夫纸草（Wadi al-Jarf Papyri）**中的《梅勒日志》为历史锚点。这份距今约4500年的行政文书，记录了监工梅勒（Merer）率领船队从图拉采石场运送石灰岩至吉萨工地的日常。体验将您从“仰望金字塔的游客”转化为**与当代埃及考古学家共同解读这段近期发现的古代日记的“时间协作者”**。

### 1.2 目标受众画像
- **您**：50岁美国男性，退休旅行中，与妻子同行
- **需求特征**：偏好有历史深度的讲解、适度的身体节奏、舒适的休息与餐饮、有摄影与对话空间
- **体验调性**：知性神秘而非猎奇惊悚；尊重古埃及文明与当代埃及社会；避免“法老诅咒”“宝藏探险”等刻板叙事

### 1.3 体验目标
1. **历史深度**：通过一手考古文献理解金字塔建造的人力、物流与信仰体系
2. **情感共鸣**：让无名工匠、监工、祭司成为有温度的人物，而非宏大建筑的背景
3. **神秘氛围**：以“近期才破译的古代日志”为线索，营造探索未知的智性悬念
4. **文化尊重**：由当代埃及学者主导叙事，强调古埃及作为非洲文明与今日埃及的延续性

---

## 二、核心场景与互动环节

### 场景一：黎明 · 斯芬克斯门前的“纸草邀约”
**地点**：吉萨高原东侧观景平台（避开正午人流与烈日）

您与妻子在日出前抵达，一位**当代埃及考古学家或遗产讲解员**（可使用阿拉伯语与英语双语）迎接您，递上一块形似纸草的轻量AR平板。屏幕上缓缓浮现《梅勒日志》的象形文字与翻译：

> *“第一天：我们自图拉采石场启航，顺风而下，日落前抵达吉萨大港……”*

**互动**：您用平板扫描地平线，AR还原出4500年前尼罗河支流与吉萨古港的位置——如今干涸的平原曾是繁忙水道。

---

### 场景二：工匠村 · 无名者的纪念碑
**地点**：吉萨工匠村与墓地遗址（Heit el-Ghurab）

这里曾是建造者的居住区。通过AR平板，您看到泥砖屋、面包坊、医院与工具棚的复原影像。音频中传来**重建的古代埃及语工作歌谣**（基于语言学研究与节奏考古）。

**互动**：在“石块的旅程”装置前，您与妻子各选择一块虚拟石灰岩，上面刻着一位真实工匠的名字（来自考古发现的工匠涂鸦）。您的“石块”将汇入一座不断生长的**数字 communal 金字塔**，象征集体劳动的累积。

---

### 场景三：太阳船博物馆 · 尼罗河的晨祷
**地点**：胡夫太阳船博物馆（有空调与座椅）

梅勒的船队最终运送的石块，与这艘为法老穿越冥界而造的太阳船共享同一片水域记忆。

**互动**：您坐在复原船舱造型的座椅上，佩戴轻量VR头显（仅用于坐姿体验，避免眩晕），经历一段**8分钟的尼罗河黎明航行**：从图拉采石场顺流而下，经过纸莎草丛与芦苇荡，抵达吉萨大港。座椅有轻微震动，配合水声、鸟鸣与船桨节奏。

---

### 场景四：大金字塔 · 剥开时间的岩层
**地点**：胡夫金字塔外部与可进入的通道区域

**互动一：AR时间剥离**
举起AR平板，您可“擦除”现代风化的表层，依次看到：
- 今日粗糙的石块表面
- 中世纪石灰岩被拆走后的残迹
- 原始抛光白色石灰岩外壳与金质塔尖
- 内部墓道、王后室、大走廊的结构透视

**互动二：梅勒的“最后一段路”**
在金字塔北侧，您跟随梅勒的虚拟足迹，体验一块石头从尼罗河驳船到斜坡、再到最终定位的全过程。您会听到不同角色的声音：水手、工程师、祭司、监工——**没有奴隶主的鞭打，只有分工、技术与信仰**。

---

### 场景五：皇后金字塔群 · 地上的星图
**地点**：三座皇后金字塔与周围高原

这里引入古埃及的天文信仰：金字塔不仅是陵墓，也是法老升天加入北极不灭星辰的阶梯。

**互动**：黄昏时分，地面投影系统将古代埃及星座图投射在沙地上。您与妻子手持AR平板，对照今日天空与古埃及“天牛女神”等星座想象。梅勒日志中的天文记录与金字塔方位精度被联系起来——**神秘来自人类对宇宙秩序的精确观测，而非超自然力量**。

---

### 场景六：黄昏 · 全景广场的当代茶席
**地点**：吉萨全景广场（Panorama Point）的遮阳帐篷

一天探索后，您在传统埃及薄荷茶与椰枣的陪伴下，与考古学家进行**“日志收尾”对话**。

**互动**：您在AR平板上留下一段语音或文字“献词”，回应一个问题：*“如果你能为4500年后的人留下一句话，你会说什么？”* 这些献词将汇入一个**全球数字遗产档案**，与古代工匠的涂鸦形成跨越时间的呼应。

---

## 三、技术如何增强叙事与情感共鸣

| 技术 | 叙事功能 | 情感效果 |
|---|---|---|
| **AR平板/轻量AR眼镜** | 叠加古港、原始塔身、内部结构 | 让“消失的时间”可视可触，产生时空折叠感 |
| **空间音频/骨传导耳机** | 古代埃及语、尼罗河声、市集声、凿石声 | 在不隔绝现实对话的前提下营造沉浸声景 |
| **坐姿VR（8分钟）** | 重现尼罗河运输旅程 | 以身体感受理解“巨石如何移动” |
| **地面投影与星空映射** | 展示古埃及宇宙观 | 在黄昏沙漠中营造静谧而庄严的神秘氛围 |
| **AI对话角色“梅勒”** | 基于真实日志内容回答游客提问 | 让历史人物成为可交流的“向导” |
| **触觉座椅与震动平台** | 模拟行船与凿石震动 | 用身体记忆强化对古代劳动的共情 |
| **数字献词档案** | 连接游客与古代工匠、未来世代 | 将“参观”转化为“参与”，产生归属感 |

---

## 四、文化敏感性与可及性

### 4.1 文化敏感性
- **拒绝刻板叙事**：不渲染“法老诅咒”“木乃伊复仇”等好莱坞式想象；强调金字塔是**工程、信仰与社会组织**的结晶。
- **纠正“奴隶建造”误区**：基于现代考古学，呈现工匠村证据——建造者是受雇的熟练工人，享有医疗、饮食与体面葬礼。
- **当代埃及视角**：讲解员以当代埃及学者、工匠后裔或遗产守护者身份出现，避免“西方发现者”叙事。
- **尊重宗教与习俗**：进入相关区域前提醒着装与摄影规定；使用阿拉伯语名称（如“胡夫”/Khufu、“哈夫拉”/Khafre）并解释其文化含义。
- **承认考古史的复杂性**：简要提及殖民时期文物掠夺与当代埃及的文物保护努力，鼓励游客支持本地遗产机构。

### 4.2 可及性设计（针对50岁以上游客）
- **节奏舒缓**：每个场景间安排15–20分钟休息，提供遮阳棚、座椅与饮用水。
- **避免运动眩晕**：VR仅用于坐姿体验；AR以平板为主，可选轻量眼镜。
- **听力支持**：提供骨传导耳机（不堵塞耳道，便于夫妻交流）与字幕选项。
- **步行距离控制**：使用小型电瓶车连接主要站点，总步行控制在3公里以内，多为平路。
- **餐饮与卫生**：安排有空调的午餐地点与干净的卫生间休息站。
- **小团规模**：6–10人精品团，确保您能提问、停留、拍照，不被催促。

### 4.3 预算与后勤（中等预算参考）
- **人均约250–400美元**，包含：专业双语考古向导、AR设备租赁、轻量VR体验、午餐与黄昏茶席、景区间交通、保险。
- **最佳时段**：10月至次年4月，避开酷暑；建议清晨6:30开始，日落前结束。
- **装备建议**：轻便长袖、舒适步行鞋、帽子、防晒霜；景区内有饮用水补给。

---

## 结语

《梅勒日志》体验希望带给您和妻子的，不是“征服一座古代奇迹”的虚荣，而是一份**跨越时间的共情**：当您站在胡夫金字塔前，您会知道4500年前有一位名叫梅勒的人，也曾在同一片天际线下记录风向、水位与石块的重量。技术的意义，是让这些无名者的声音重新被听见。"
bd226e1b4453,LongCat-2.0,P06,博物馆导览讲解,印度泰姬陵,"# 泰姬陵导览讲解词

## ——献给一位母亲和她的家人

---

**【开场：从""心""出发】**

欢迎来到泰姬陵。

在开始之前，我想先问大家一个问题——你们知道，这座白色大理石建筑最初的名字是什么吗？

不是""泰姬陵""。

它的建造者沙贾汗皇帝，将它命名为**""穆塔兹·马哈尔""**——这是他为妻子慕塔芝·玛哈取的名字，意为""宫殿之选""。换句话说，这座建筑从诞生那一刻起，就不是一座冰冷的陵墓，而是一个男人写给妻子的、最长的情书。

今天，我想带你们走进的，不只是这座建筑的石头与穹顶，而是**石头背后那些活生生的人**——包括那些你们从未听说过的普通人。

---

**【第一部分：一个关于""失去""的故事】**

1631年，慕塔芝·玛哈在分娩第十四个孩子时去世。

你们可以想象一下那个场景——一位皇后，在漫长的婚姻中几乎陪伴丈夫每一次出征，每一次迁徙。她不是养在深宫里的花瓶，而是沙贾汗最信任的顾问、最亲密的伴侣。据说，她甚至会在深夜与皇帝讨论国事，而沙贾罕会认真倾听她的意见。

她去世时，沙贾汗悲痛到据说头发一夜之间变白。

他下令建造这座陵墓，**动用了两万名工匠，历时22年**。

但今天，我想讲的不是皇帝的故事——我想讲一个**普通工匠**的故事。

---

**【第二部分：无名者的指纹——一个趣味故事】**

你们知道吗？关于泰姬陵，有一个流传很广的传说：说沙贾汗为了防止工匠们再建造出同样精美的建筑，下令砍掉了所有工匠的双手。

**这个故事是假的。**

历史学家们已经证实，这只是一个后世编造的传说——也许是为了强调泰姬陵的独一无二。但真相其实更动人：

那些工匠，**他们的手没有被砍掉，而是被一代代传承了下来。**

在泰姬陵的建造过程中，来自波斯、奥斯曼帝国、欧洲和印度本土的工匠们，将各自家乡的技艺带到了阿格拉。他们中有**镶嵌宝石的细密画匠**，有**雕刻花卉纹样的石匠**，有**懂得如何让大理石透光的专家**。

据说，有一位来自巴尔赫（今阿富汗北部）的老工匠，他负责的是墙壁上的**花卉浮雕**。他雕刻的每一朵花都不同——郁金香、莲花、雏菊——而且每一朵都栩栩如生，仿佛能闻到花香。

他的儿子后来也参与了建造。再后来，他的孙子在莫卧儿王朝后来的建筑中继续工作。

**他们的手没有被砍掉。他们的手艺，变成了家族的血脉。**

今天，在拉贾斯坦邦的某些村庄里，仍然有工匠家族声称自己的祖先参与过泰姬陵的建造。他们可能拿不出文字证明，但他们的手艺里，藏着泰姬陵的基因。

所以，当你们走进去，看到墙壁上那些精美的花卉镶嵌时——请记住，那不只是皇帝的荣耀，**那是一双一双普通人的手，一刀一刀刻出来的。**

---

**【第三部分：泰姬陵在印度人心中的意义】**

现在，我想和你们聊聊，泰姬陵对今天的印度人意味着什么。

对很多外国人来说，泰姬陵是""世界新七大奇迹""之一，是Instagram上的打卡圣地。但对印度人来说，它要复杂得多。

**首先，它是爱情的象征。** 在印度的流行文化里，泰姬陵几乎等同于""永恒的爱情""。无数情侣来这里许愿，无数电影在这里取景。你们可能看过宝莱坞电影里，男女主角在泰姬陵前相拥的画面——这已经成为印度浪漫叙事的一部分。

**其次，它是印度多元文化的缩影。** 你们注意到没有？泰姬陵的建筑风格其实是""混血""的——它有波斯的尖拱，有伊斯兰的几何纹样，有印度教的莲花底座，甚至还有一些欧洲装饰元素。这恰恰体现了莫卧儿帝国时期，印度作为文明交汇点的独特地位。

**但它也承载着争议。** 对一些人来说，它提醒着一段帝国统治的历史；对另一些人来说，它代表着印度工匠的卓越技艺。这种复杂性，恰恰是文化遗产的魅力所在——**它不是单一的答案，而是多重的叙事。**

作为一位母亲，我想特别告诉你们：泰姬陵的建造，始于一个男人对妻子的爱，但它最终成为了**全人类共同的遗产**。1983年，它被联合国教科文组织列入世界遗产名录。从那时起，它不再只属于印度，而属于每一个愿意走进它、理解它的人。

---

**【第四部分：文物保护提示】**

在结束之前，我想提醒大家几件事——这不仅是为了保护这座建筑，也是为了尊重那些创造它的无名工匠：

1. **请勿触摸墙壁和镶嵌宝石的部分。** 人体油脂会加速大理石的老化，也会磨损那些精细的宝石镶嵌。你们看到的每一朵花，都是工匠们数月甚至数年的心血。

2. **请勿使用闪光灯拍照。** 闪光灯的紫外线会对大理石和彩绘造成不可逆的损伤。

3. **请保持安静。** 泰姬陵本质上是一座陵墓。虽然它现在是旅游景点，但对许多人来说，它仍然是一个神圣的、值得沉思的地方。

4. **请勿乱扔垃圾。** 每年有数百万游客来到这里，每一个人的小小举动，都会影响这座建筑的存续。

---

**【结尾：邀请】**

最后，我想邀请你们做一件事：

当你们走进主墓室，看到沙贾汗和慕塔芝·玛哈的石棺时，请安静地站一会儿。

不要急着拍照，不要急着离开。

试着想象一下——**22年，2万人，从波斯运来的绿松石，从中国运来的玉石，从锡兰运来的青金石**——所有这些，都汇聚在了这个房间里。

而这一切的起点，是一个男人对妻子说的一句话：

**""我要为你建造世界上最美的陵墓。""**

但我想补充的是——**最美的不是陵墓本身，而是建造它的那些人的心。**

祝你们一家人，在这里度过一个美好的上午。

---

*（讲解时长约4分钟）*"
e5e5d0638bad,LongCat-2.0,P11,博物馆导览讲解,埃及吉萨金字塔群,"# 吉萨金字塔群导览讲解词

## ——时间的低语：与五千年对坐片刻

---

各位，欢迎来到吉萨高原。

请允许我先请大家做一件事——不必急着举起手机，而是用大约十秒钟，只是**看**。看这座建筑从底部的白色石灰岩到顶部的金色天空之间，光线如何一寸一寸地移动。四千五百年来，每一天，太阳都用同样的方式抚摸这座石头的表面。您此刻正在经历的这一刻，与一个站在同样位置、穿着亚麻长袍的古埃及人，几乎没有区别。

我是您今天的导览员。接下来这段时间，我想和大家分享的，不是百科全书式的年份和数据，而是一些关于**时间、人与信念**的故事。

---

### 一、这不是""一座""金字塔，而是一个""世界""

我们眼前的大金字塔，属于法老胡夫，大约建于公元前2560年。为了帮您感受这个数字的分量，请允许我做一个对比：**当这座金字塔建成时，北美大陆上最早的城市文明还要再等将近两千年才会出现。** 而您所熟悉的美国建国历史，距今不过二百五十年——这座金字塔比美国的历史，早了将近十九个""美国""的长度。

但吉萨高原上并不只有三座大金字塔。请大家环顾四周——那些较小的方形平顶建筑，是王后们的陵墓；那些排列整齐的坑道，是贵族大臣的墓地；远处您能看到一些低矮的围墙遗迹，那是祭祀神庙的残骸。整个吉萨，是一座**为死亡而建的完整城市**。古埃及人相信，死后的世界是此生的延续，因此他们为来世建造了一座比生前更宏伟的都城。

这背后有一个深刻的观念：**古埃及人并不恐惧死亡，他们恐惧的是""被遗忘""。** 只要名字还在被人念出，灵魂就依然活着。所以，当您今天站在这里，念出""胡夫""这个名字的时候——从某种古老的意义上说，他确实还活着。

---

### 二、一个普通建造者的故事

现在，我想讲一个关于**普通人**的故事。

长久以来，西方世界流传着一个说法：金字塔是奴隶建造的。这个说法可以追溯到古希腊历史学家希罗多德，他在两千多年前游历埃及时记录下了这个观点。但现代考古学告诉我们，**这个说法很可能是错的。**

1999年，考古学家马克·莱纳（Mark Lehner）的团队在金字塔旁边发现了一片墓地。墓地的主人不是法老，不是贵族，而是**普通工人**。他们的骨骼上留下了劳动的痕迹——脊椎压缩性骨折、手臂骨骼的磨损——但同时也留下了被善待的证据：骨折后愈合的痕迹说明他们接受了治疗，墓葬中还有啤酒和面包的配给残留。

更令人动容的是，在金字塔的石块上，工人们留下了自己的""施工队名称""，刻在石头上，像是某种骄傲的签名。其中有一个队名叫**""胡夫的朋友""**，另一个叫**""醉酒的美赫""**——您看，五千年前的建筑工人，和今天的建筑工人一样，给自己的团队起了一个带点幽默感的名字。

希罗多德记载说，建造金字塔需要十万人轮班工作。现代学者估算，实际参与建造的常备劳动力大约在两万到三万人之间——包括石匠、工程师、面包师、酿酒师、医生和水手。他们沿着尼罗河运输来自阿斯旺的花岗岩，用铜制工具和石锤打磨石块，用斜坡和杠杆将每块平均两吨半的石头提升到一百四十米的高度。

**这不是奴隶的悲歌，而是一个文明组织能力的奇迹。** 这些普通人，用面包和啤酒作为报酬，用信仰作为动力，做了一件他们相信会让自己永垂不朽的事。

---

### 三、石头里的天文学与信仰

各位，如果您仔细观察大金字塔的方位，会发现它的四个底边几乎精确地朝向正东、正南、正西、正北——误差不超过零点零五度。在没有任何现代测量工具的时代，古埃及人通过对北极星的长期观测，实现了这种精度。

更令人惊叹的是，考古学家发现大金字塔内部有两条狭窄的通道，分别指向猎户座和天狼星。在古埃及神话中，猎户座代表奥西里斯——冥界之神，复活与永生的象征；天狼星则与女神伊西斯相关联，它的升起预示着尼罗河泛滥和新年的到来。

**这座金字塔，既是一座陵墓，也是一座天文仪器，更是一份写给宇宙的信。** 古埃及人相信，法老的灵魂会沿着这些通道升天，与星辰合为一体。

我想提醒大家的是，古埃及文明并非一个""神秘而不可理喻""的文明。它拥有高度发达的数学、医学、工程学和行政管理体系。我们今天所熟知的许多概念——从365天的日历到基础的外科手术——都深受古埃及文明的影响。希腊哲学家泰勒斯、毕达格拉斯都曾游历埃及，将这里的知识带回地中海世界。**古埃及不是人类文明的""他者""，而是人类文明共同的祖先之一。**

---

### 四、关于文物保护的几点提醒

在结束之前，我想和大家分享几点重要的提示：

**第一，请勿攀爬金字塔。** 这不仅是为了保护石面免受侵蚀——虽然每年仍有大量石灰岩表层在脱落——也是出于对您自身安全的考虑。金字塔的石阶经过数千年的风化，表面极为光滑且不规则，跌落事故时有发生。

**第二，部分区域禁止拍照。** 这是出于对遗址保护的考虑，也请您尊重现场工作人员的指引。

**第三，吉萨高原日照强烈，气温较高。** 请务必携带充足饮水，佩戴遮阳帽，并注意休息。如果您和太太感到任何不适，请立即告知工作人员或回到阴凉处休息。

**第四，也是最重要的一点：** 当您与当地的骆驼骑手、纪念品商贩交流时，请保持友善与尊重。"
a7a74e18f3a9,LongCat-2.0,P06,历史场景叙事,印度泰姬陵,"# 泰姬陵沉浸式叙事：镶嵌工匠的黎明

---

## 场景设定

**时间**：1648年，一个初秋的清晨，泰姬陵主体工程已近尾声

**地点**：泰姬陵内部，中央穹顶下的墓室

**人物**：阿卜杜勒·卡里姆（Abdul Karim），一位来自波斯赫拉特的细密画工匠，受沙贾汗皇帝征召，已在阿格拉工作了六年

---

## 沉浸式叙事

---

### 第一幕：黎明前的准备

*（第一人称视角）*

---

我叫阿卜杜勒·卡里姆。此刻，我跪在冰凉的大理石地面上，面前是一块尚未完成的镶嵌饰板。

天还没亮。阿格拉的秋天带着一丝凉意，但墓室里是恒温的——这白色的石头吸走了所有温度，也吸走了所有声音。我能听见自己的呼吸，还有远处穹顶下某只鸽子扑翅的回响。那声音被放大了，像一只鸟在教堂里飞翔。

我点燃了面前的一盏油灯。

火焰跳动时，我看见了周围的世界：四壁的白色大理石上，工匠们已经用黑色大理石镶嵌出《古兰经》的经文。那些字母——""仁慈的真主啊，请为信仰者敞开天堂之门""——在晨光中像黑色的河流，从墙壁顶端倾泻而下。

我闻到了什么？

石灰、石粉、还有我腰间皮囊里藏着的玫瑰水。每天清晨，我都会用玫瑰水擦拭双手。这不是奢侈——这是规矩。我们被告知，这座陵墓是爱的殿堂，我们的手指必须洁净，我们的心必须虔诚。

---

### 第二幕：镶嵌一块花瓣

我低下头，开始今天的工作。

我的面前是一朵大理石镶嵌的莲花——不，不是莲花，是郁金香。在波斯，郁金香象征永恒的爱。沙贾汗陛下的乌里兹贝格（首席设计师）说，这朵花要嵌在慕塔芝·玛哈尔棺椁的东侧，代表""清晨绽放的爱""。

我从木盒里取出一片宝石。

这是一块青金石，来自遥远的巴达赫shan。它蓝得像阿格拉的夜空，蓝得像慕塔芝·玛哈尔名字的含义——""宫殿之选中者""。我用镊子夹起它，在灯下转动。光线穿过石头内部的细小金色斑点——那是黄铁矿，波斯人叫它""太阳的碎屑""。

我把它按进预先雕刻好的凹槽里。

""咔。""

一声轻响。

完美。

我笑了。六年了，我嵌入了成千上万片宝石——青金石、绿松石、玛瑙、玉髓、孔雀石、珊瑚。每一片都来自不同的土地：波斯的青金石、中国的玉、锡兰的蓝宝石、阿拉伯的珊瑚、缅甸的红宝石。

你知道吗？这座陵墓本身就是一座世界地图。

沙贾汗皇帝把整个帝国的财富、整个大陆的珍宝，都汇聚在这里——不是为了炫耀，而是为了说一句话：

**""她的离去，值得整个世界来哀悼。""**

---

### 第三幕：一个声音

""卡里姆师傅。""

我回头。是我的徒弟，一个十六岁的印度男孩，名叫拉杰。他的父亲是石匠，三年前去世了。拉杰继承了他的手艺，也继承了他的沉默。

""怎么了？""

""乌里兹贝格大人来了。""

我站起身，膝盖有些僵硬。六年了，我的膝盖已经习惯了大理石地面。

乌里兹贝格走进来。他穿着一件深红色的长袍，头巾上插着一根孔雀羽毛——那是皇帝赐予的荣誉。他的胡子已经花白，但眼睛依然锐利。

他走到我面前，低头看了看我刚才镶嵌的郁金香。

沉默。

然后他点了点头。

""很好，""他说，""但花瓣的弧度不够。慕塔芝殿下的爱，应该是柔软的，不是僵硬的。""

我低下头：""是，大人。""

他拍了拍我的肩膀：""明天，皇帝会来检查。""

我的心跳加快了。

沙贾汗皇帝。

那个失去了爱妻的男人。

那个用二十年时间、两万工匠、无数珍宝，只为建造一座陵墓的男人。

---

### 第四幕：等待皇帝

*（叙事节奏放慢）*

---

那天下午，我站在陵墓的阳台上，等待。

亚穆纳河在脚下流淌，河水浑浊，带着上游的泥沙。河对岸是一片荒草地——那里什么都没有，只有野草和几棵枯树。

但我知道，沙贾汗皇帝曾计划在对岸为自己建造一座黑色的大理石桥，一座与白色泰姬陵相呼应的黑色陵墓。

黑色与白色。

生与死。

他与她。

但那个计划永远不会实现了。他的儿子奥朗则布已经起兵，帝国的内战即将开始。

这些，我现在还不知道。

此刻，我只看见夕阳。

它把天空染成了橘红色，又把白色大理石染成了金色。泰姬陵在发光——不是反射光，而是像自己在发光。

我听见了什么？

远处，宣礼塔上传来了唤礼声。

""真主至大——""

那声音在空气中回荡，与河水的声音、鸽子的扑翅声、工匠们的锤击声交织在一起。

我闭上眼睛。

我想起了赫拉特。我的家乡。那里的花园，那里的清真寺，那里的细密画工坊。我离开时，母亲哭了。她说：""你要去印度，去建造一座陵墓。""

我说：""是的，母亲。一座世界上最美的陵墓。""

她问：""为谁？""

我说：""为一个女人。""

她沉默了很久，然后说：""那一定是值得的。""

---

### 第五幕：皇帝的脚步

*（叙事进入高潮）*

---

脚步声。

从远处传来。

整齐的、沉重的、带着金属碰撞声的脚步声。

是皇帝的护卫队。

我跪下来。所有工匠都跪下来。

然后，他出现了。

沙贾汗。

他穿着一件简单的白色长袍——不是朝服，不是礼服，只是一件普通的长袍。他的头巾上没有珠宝，只有一根简单的羽毛。

但他的眼睛……

他的眼睛是红的。

他老了。六年前我第一次见到他时，他还有黑色的胡须，挺拔的身姿。现在，他的胡须全白了，他的背有些驼，他的步伐缓慢而沉重。

他走进墓室。

他走到棺椁前。

慕塔芝·玛哈尔的棺椁。

他伸出手，轻轻抚摸着大理石上的镶嵌花纹。

他的手指在颤抖。

我看见了。

所有人都看见了。

他低下头，额头抵着大理石。

沉默。

长长的沉默。

然后，他开口了。

他的声音很轻，但在寂静的墓室里，每个人都听得见：

**""你听见了吗？""**

他不是在问我们。

他是在问她。

---

### 第六幕：工匠的独白

*（第一人称内心独白）*

---

我跪在那里，低着头，不敢看。

但我听见了一切。

我听见了他的呼吸，他的低语，他的哭泣。

我忽然明白了一件事：

这座陵墓，不是给她的。

她已经死了。她什么都听不见，什么都看不见。

这座陵墓，是给他自己的。

他需要一个地方，一个可以让她""存在""的地方。一个可以让他每天来、每天说""你听见了吗""的地方。

这座白色的建筑，这些宝石，这些经文，这些花朵——

都是他的语言。

他不会说""我想你""，所以他用大理石说。

他不会说""我后悔""，所以他用宝石说。

他不会说""我永远爱你""，所以他用二十年说。

我抬起头，偷偷看了他一眼。

他站在那里，背对着我们，面对着她的棺椁。

夕阳从窗户照进来，把他的影子拉得很长。

那个影子，像一座孤独的塔。

---

### 尾声：回到现在

*（叙事者跳出历史，与游客对话）*

---

我叫阿卜杜勒·卡里姆。

我在泰姬陵工作了六年，然后回到了赫拉特。我再也没有见过沙贾汗皇帝。

后来我听说，他被儿子囚禁在阿格拉红堡。

后来我听说，"
94f934673c84,LongCat-2.0,P11,历史场景叙事,埃及吉萨金字塔群,"# 尼罗河畔的织布工

## ——公元前2560年，胡夫法老统治第12年，吉萨高原东缘

---

我叫阿赫特，今年三十四岁。

此刻我蹲在尼罗河东岸的泥砖屋前，把最后一捆亚麻线浸入靛蓝染料。河水在晨光中泛着铜色，远处——就在那片被热浪蒸腾得微微扭曲的地平线上——我丈夫阿蒙涅姆赫特参与建造的那座""属于胡夫的山丘""，正一寸一寸地刺向天空。

今天是**""阿赫特季""的第三个月**，尼罗河的洪水已经开始退去。空气中弥漫着淤泥特有的腥甜气息——那是众神赐予我们的黑土（*kemet*），是万物重生的味道。我的女儿奈菲尔在屋里咳嗽了两声，我回头看了一眼，她正帮祖母把晒干的纸莎草捆扎整齐，准备送到工地的书写员那里去。

---

## 清晨的出发

我把一罐啤酒、几块扁面包和一串风干的尼罗河鲈鱼装进篮子，用亚麻布盖好。今天是我去工地送补给的日子。

沿着河岸向北走，脚下的路是被无数双脚踩实的黄土小道。路两旁是退水后露出的新泥地，已经有农人在丈量土地了——书记员拿着打了绳结的测量绳，嘴里念念有词。一个赶驴的老人朝我点了点头。他的驴背上驮着两筐石灰石块，都是从图拉采石场顺流运来的。

**声音从远处传来。**

起初是一种低沉的、有节奏的号子声，像大地的心跳。走近了，我才分辨出那是数百人同时喊出的劳动号子——**""嘿——嚯！嘿——嚯！""**——他们在拖拽一块巨大的花岗岩基座。绳索是纸莎草搓成的，粗如我的手臂，深深勒进那些赤裸肩膀的皮肉里。

然后是另一种声音：铜凿敲击石头的清脆回响，叮叮当当，此起彼伏，像某种古老的打击乐。偶尔，一声尖锐的哨响划破空气——那是工头的信号，意味着某块巨石即将就位，所有人必须同时发力。

---

## 工地

我从未从正面看过那座金字塔。

我的视角永远是侧面、背面、下面。它太大了，大到人的眼睛无法一次性把它装进去。我只能看到无穷无尽的阶梯——那些巨大的石灰石台阶层层叠叠地向上延伸，每一级都有我腰部那么高。坡道上铺着湿滑的泥板，减少巨石与地面的摩擦力。几十个人一组，身体前倾几乎与地面平行，绳索绷得像竖琴的弦。

**气味浓烈得几乎可以咀嚼。**

汗液、湿泥、被太阳烤热的石灰石粉尘、纸莎草绳索被拉扯时散出的植物纤维味、远处炊烟里飘来的洋葱和大蒜味——工地上有一个专门的厨房区域，每天要为数千名劳动者提供伙食。我听说，光是面包和啤酒的消耗量，就足以养活一座小城。

我找到了阿蒙涅姆赫特。

他正坐在一个临时搭起的棕榈叶棚下喝水。他的皮肤被晒成了深褐色，肩膀上有绳索磨出的茧，但他的眼睛是亮的。他看见我，笑了，露出缺了一颗门牙的嘴。

""今天怎么样？""我把篮子递给他。

""今天我们把王后墓室上方的最后一块花岗岩过梁吊上去了。""他说这话时声音很轻，带着一种我熟悉的敬畏，""那块石头有五十吨重，阿赫特。五十吨。我们用了滚木、杠杆和整整三天。""

他咬了一口面包，嚼了几口，又补了一句：

""你知道那根过梁上面刻着什么吗？写着'我们是胡夫的伙伴，我们为他的永恒之家而劳作。'""

他说""伙伴""这个词的时候，下巴微微抬起。

---

## 我看到的

我坐在棚子旁边等他吃完，目光越过人群，落在金字塔的基座上。

那里有一群书吏，正蹲在一块平整的石板上，用炭笔和纸莎草记录着什么。他们负责统计每个工队搬运的石块数量、消耗的口粮、出勤的人数。我听阿蒙涅姆赫特说过，整个工地被分成若干个""班组""（*phyle*），每个班组有自己的名字——有的叫""胡夫的伙伴""，有的叫""绿色之船""，有的叫""伟大的白色王冠""。这些名字不是随便起的，它们代表着荣誉。

**这不是强迫劳动。**

我想让你明白这一点。我丈夫和他的同伴们是领报酬的——面包、啤酒、亚麻布、鱼、偶尔还有一小块肉。他们轮班工作，有休息日，有医生（工地附近发现过骨折被妥善接好的骨骼证据，说明有专业的医疗照顾）。他们建造的不是一座坟墓，而是一座**让法老得以在来世继续统治、从而确保尼罗河继续泛滥、确保太阳每天继续升起的神圣机器**。

法老活着，是荷鲁斯；死后，是奥西里斯。而奥西里斯掌管着复活与来世。如果法老的永恒之家不够坚固，如果他的灵魂无法顺利通过冥界的考验——那么，玛阿特（*Ma'at*，宇宙秩序）就会崩塌。尼罗河不再泛滥，庄稼不再生长，太阳不再升起。

**所以，我们建造的不仅仅是一座金字塔。我们在维系这个世界。**

---

## 黄昏

太阳开始西沉，光线变成了蜂蜜的颜色。

工地上响起收工的号角声——低沉、悠长，像公牛的哞叫。人们放下工具，三三两两地走向河岸边的临时营地。有人在唱歌，有人在争吵，有人蹲在地上用河水洗去脸上的石灰粉尘。

我站起身，拍了拍裙子上的土。阿蒙涅姆赫特送我到工地边缘，指了指金字塔的顶端——那里还差最后一块顶石（金字塔的顶端石，称为""奔奔石""，象征原始之丘）。

""再过两个洪水季，""他说，""它就会完成。""

我顺着他手指的方向看去。夕阳正好落在金字塔的斜面上，把整面石灰石照得像一块燃烧的金子。那一瞬间，我突然理解了为什么我的丈夫每次提起这座建筑时，语气里都带着一种近乎宗教般的虔诚——

**因为它确实像一座从大地上生长出来的山。**

而山，是众神居住的地方。

---

## 归途

我沿着河岸往回走，身后是渐渐安静下来的工地，面前是正在亮起灯火的村庄。尼罗河在暮色中变成了一条黑色的绸带，倒映着天边最后一抹橘红。

我想到奈菲尔，想到她将来也会嫁人，也会有自己的孩子，也会在某个清晨蹲在河边染她的亚麻布。而远处"
3cf442ecaa92,LongCat-2.0,P06,沉浸式体验设计,印度泰姬陵,"# 「石头的低语」—— 泰姬陵家庭沉浸式文化体验方案

## 一、体验目标与受众画像

### 核心受众理解

| 维度 | 您（45岁印度女性） | 丈夫 | 青少年孩子 |
|------|-------------------|------|-----------|
| 文化连接 | 可能已有基础认知，期待深层共鸣 | 可能更关注历史与政治维度 | 数字原住民，需要""酷""的切入点 |
| 情感期待 | 爱情故事的永恒性、母性视角的延伸 | 权力、遗产、男性叙事 | 反叛、真实、与当下的关联 |
| 参与方式 | 反思型、情感驱动 | 分析型、事实驱动 | 动手型、社交驱动 |

### 体验核心目标

```
┌─────────────────────────────────────────────────────────┐
│  不是""观看""一座建筑，而是""进入""一个跨越时空的对话        │
│                                                         │
│  • 让青少年理解：爱情可以是一种政治表达、一种信仰实践    │
│  • 让您重新发现：熟悉的故事中那些被忽略的女性视角        │
│  • 让全家共同完成：一件属于你们家庭的""记忆工艺品""        │
└─────────────────────────────────────────────────────────┘
```

---

## 二、核心场景与互动环节设计

### 【序章】入口：时间裂缝（15分钟）

**场景设定：** 泰姬陵西门外的""莫卧儿花园""复原区

**叙事视角：** 以**乌斯塔德·艾哈迈德·拉合里**（泰姬陵首席建筑师）的""回忆""为主线，而非沙贾汗的帝王叙事

**互动设计：**

```
【家庭任务卡】每人获得一张""角色卷轴""
┌────────────────┬────────────────┬────────────────┬────────────────┐
│    您的卷轴     │   丈夫的卷轴    │  孩子A的卷轴   │  孩子B的卷轴   │
├────────────────┼────────────────┼────────────────┼────────────────┤
│ ""宫廷女官视角"" │ ""波斯使节视角""  │ ""宝石工匠学徒"" │ ""花园灌溉师""   │
│                │                │                │                │
│ 关注：后宫生活 │ 关注：外交与贸易│ 关注：材料工艺 │ 关注：水利系统 │
│ 女性空间、     │ 帝国版图、     │ 技术挑战、    │ 生态智慧、    │
│ 丧子之痛       │ 权力博弈       │ 跨文化团队    │ 日常劳作      │
└────────────────┴────────────────┴────────────────┴────────────────┘
```

**技术应用：**
- **轻量AR眼镜**（非全沉浸VR，保持对真实环境的感知）
- 扫描花园中的特定植物时，浮现该植物在莫卧儿医学/诗歌中的象征意义
- 您的卷轴会触发**蔓陀罗花**的隐藏叙事——它在波斯文化中象征""永恒之爱""

---

### 【第一幕】红砂岩门廊：22间房子的秘密（25分钟）

**核心叙事转折：** 泰姬陵并非只有""爱情""——它是一座**城市**

**场景体验：**

```
【声音装置】进入红砂岩大门时，环境音渐变：
现代游客喧嚣 → 逐渐淡出 → 17世纪环境音渐入
    • 远处大象的低鸣
    • 工匠敲击大理石的叮当声
    • 波斯语与印地语交织的讨价还价
    • 宣礼塔的唤拜声
```

**互动环节：「消失的市集」**

| 位置 | 触发方式 | 浮现内容 |
|------|---------|---------|
| 东门壁龛 | 手掌贴合石壁（温度感应） | 一位**女性香料商人**的全息影像，讲述她如何为后宫供货 |
| 中央喷泉 | 向池中投入硬币（象征性捐赠） | 水面浮现**水利工程师**的日记片段，解释如何从亚穆纳河引水 |
| 西侧回廊 | 手机扫描特定几何图案 | 解锁**宝石来源地图**：青金石来自阿富汗、翡翠来自缅甸、玛瑙来自阿拉伯 |

**给您的特别设计：**
> 当您（女官视角）走到特定位置时，会听到一段**未被正史记载的后宫对话**——关于慕塔芝·玛哈（Mumtaz Mahal）如何在丈夫征战期间参与政治决策。这不是虚构，而是基于莫卧儿宫廷记录中她作为""印章持有者""的历史事实。

---

### 【第二幕】主陵墓：大理石的呼吸（30分钟）

**核心叙事：** 从""完美建筑""到""有缺陷的真实""

**情感高潮设计：**

```
【光影剧场】陵墓内部
┌────────────────────────────────────────────────────────┐
│                                                        │
│   时间：黄昏时分（利用自然光变化）                       │
│                                                        │
│   技术：天花板投影 + 环绕声场 + 地面震动装置            │
│                                                        │
│   叙事：                                               │
│   当最后一缕阳光穿过大理石镂空屏风时，                  │
│   整个空间开始""呼吸""——                                 │
│   光线流转，仿佛建筑本身在讲述                         │
│                                                        │
│   声音：                                               │
│   不是宏大的交响乐，而是：                             │
│   • 大理石被雕刻时的细微声响                           │
│   • 沙贾汗被囚禁后，在月光下低语的诗句                  │
│   • 慕塔芝临终前的遗言（基于历史推测，标注""想象""）      │
│                                                        │
└────────────────────────────────────────────────────────┘
```

**家庭互动：「不对称的真相」**

**关键教育时刻：** 泰姬陵并非完美对称

```
【青少年挑战任务】
""找到那座'错误'的坟墓""

事实：沙贾汗本人的棺椁被放置在偏离中心的位置
      （原本的计划是他在河对面为自己建一座黑色泰姬陵）

任务：在AR辅助下，找到这个""不对称""
      并讨论：为什么""不完美""反而让这个故事更动人？
```

**给您的情感设计：**
> 当您站在慕塔芝的棺椁前时，AR会显示一行乌尔都语诗句，这是沙贾汗为她写的墓志铭：
> 
> *""被埋葬在这座坟墓中的，不是一个人，而是一个时代的叹息""*
> 
> 同时，您会听到一个女性声音的旁白——这是**现代印度女性学者**的解读，将17世纪的哀悼与当代印度女性的处境进行对话。

---

### 【第三幕】亚穆纳河畔：被遗忘的工匠（20分钟）

**叙事视角转换：** 从帝王到普通人

**核心体验：「20,000个名字」**

```
【互动装置】河畔的""记忆墙""
┌─────────────────────────────────────────────────────────┐
│                                                         │
│   一面长达50米的触摸屏墙，上面漂浮着20,000个光点         │
│   每个光点代表一位参与建造的工匠                         │
│                                                         │
│   互动方式：                                             │
│   • 轻触光点 → 显示该工匠的名字（基于历史记录推测）      │
│   • 长按光点 → 听到一段""虚构但合理""的独白               │
│                                                         │
│   示例独白（来自一位虚构的""拉贾斯坦石匠""）：            │
│   ""我的父亲为阿克巴大帝建造了法塔赫布尔西格里，          │
│    我本以为这会是我的坟墓，没想到它成了我的荣耀。        │
│    我的儿子将在这里找到工作，                            │
│    因为这座白色大理石，永远不会完工——                    │
│    它需要永恒的维护，就像爱一样。""                       "
31d9ccc15232,LongCat-2.0,P11,沉浸式体验设计,埃及吉萨金字塔群,"# 「尼罗河的回声」沉浸式文化遗产体验方案
## ——为退休旅行者设计的感官考古之旅

---

## 一、体验目标与受众画像适配

### 核心受众洞察
您是一位50岁的美国男性，与妻子进行退休旅行，这意味着：
- **体力考量**：避免高强度徒步，提供休憩节点
- **认知偏好**：具备一定人生阅历，偏好深度叙事而非快餐式信息
- **情感需求**：寻求与伴侣共享有意义的文化时刻
- **技术接受度**：愿意尝试新科技，但需要直观操作

### 体验目标
| 维度 | 具体目标 |
|------|----------|
| **知识层** | 理解金字塔作为""复活机器""的宗教功能，而非仅是陵墓 |
| **情感层** | 感受古埃及人对""永恒""的追求，引发对生命意义的思考 |
| **连接层** | 建立古埃及文明与当代埃及社会的活态联系 |
| **体验层** | 创造夫妻可共同探索、讨论、回忆的共享经历 |

---

## 二、核心场景与互动环节设计

### 【序章】开罗城市声音地图（30分钟）
**地点**：吉萨高原脚下的体验中心

**场景设计**：
游客进入一个圆形声场空间，四周是当代开罗的城市声音——宣礼声、车流、市集叫卖。随着灯光渐暗，声音逐渐""剥离""，最终归于寂静，只余风声。

**互动环节**：
- 每位游客获得一个**陶制听筒**（仿古埃及河马女神塔沃里特造型）
- 将听筒贴近墙壁的感应点，听到不同时代的""声音地层""：
  - 第1层：2024年开罗
  - 第2层：1920年代考古发掘现场
  - 第3层：公元1000年阿拉伯旅行者的描述
  - 第4层：公元前2500年工匠的劳作声

**设计意图**：以""声音考古""概念开场，暗示我们将通过感官而非仅靠眼睛来理解历史。

---

### 【第一幕】胡夫法老的""永恒之屋""（60分钟）
**地点**：大金字塔入口至国王墓室通道

**技术增强叙事**：

**1. 触觉导览手套**
- 佩戴特制手套，沿上升通道前行时，手套会根据位置产生不同振动：
  - 粗糙石面 → 模拟原始工具的凿痕
  - 光滑石面 → 模拟抛光后的触感
  - 特定石块 → 轻微脉动，暗示""心脏""位置

**2. 呼吸同步照明**
- 通道内的光源随游客呼吸节奏明暗变化
- 设计隐喻：古埃及人认为呼吸是灵魂（""巴""）的体现

**3. 国王墓室AR叠加**
- 使用轻量级AR眼镜（非全沉浸VR，保留真实空间感）
- 叠加内容：
  - 石棺表面的原始色彩（基于颜料残留分析）
  - 墓室封顶时的星空图（公元前2560年北极星位置）
  - 工匠留下的 graffiti（涂鸦）以阿拉伯语+英语显示

**文化敏感性处理**：
- 明确标注哪些是考古证据，哪些是合理推测
- 避免将墓室呈现为""恐怖""或""诅咒""空间
- 强调这是""复活室""而非""死亡空间""

---

### 【第二幕】工匠村的日常（45分钟）
**地点**：考古遗址旁的复原区域

**角色扮演互动**：

游客被邀请""成为""一名古埃及工匠家庭，完成一项任务：

**任务**：为即将到来的奥西里斯节庆准备供品

**角色分配**（夫妻可共同参与）：
- **您**：石匠，需在互动台上完成一块""石块""的虚拟打磨
- **妻子**：织布工，在数字织机上完成一段亚麻布的编织

**技术实现**：
- 压力感应石板，真实模拟打磨阻力
- 动作捕捉织机，手势决定图案
- 完成后，两人的作品会""出现""于墙面投影的供品清单中

**叙事深度**：
- 工匠名字基于真实考古发现（如""梅雷鲁卡""）
- 穿插工匠日记片段（基于出土文献改编）
- 揭示：建造者不是奴隶，而是有偿劳工与季节性农民

---

### 【第三幕】尼罗河的赠礼（30分钟）
**地点**：高原边缘的观景平台

**多感官装置**：

**1. 气味释放系统**
- 根据风向释放不同气味：
  - 湿润泥土（尼罗河泛滥季）
  - 纸莎草（河岸植被）
  - 烤面包（基于出土面包残留物复原）

**2. 地面振动平台**
- 模拟尼罗河泛滥时的低频震动
- 游客赤脚站立，感受""大地脉搏""

**3. 当代连接**
- 平台边缘设置透明屏幕，显示：
  - 阿斯旺大坝建成前后尼罗河水位对比
  - 当代埃及农民仍使用的传统灌溉工具
  - 简短采访：一位当代埃及农民谈""尼罗河之于我""

---

### 【终章】星空下的对话（30分钟）
**地点**：狮身人面像观景台（黄昏时段）

**体验设计**：

**1. 天文对齐演示**
- 便携式投影仪将公元前2500年的星空投射于薄幕
- 讲解猎户座与奥西里斯神话的关联
- 揭示金字塔群与猎户座腰带三星的对应关系

**2. 夫妻对话卡**
- 发放双语卡片，印有开放式问题：
  - ""古埃及人相信死后生命延续，这让你想到什么？""
  - ""如果为你的后代留下一座'永恒之屋'，它会是什么样子？""
- 提供私密角落，鼓励夫妻交流

**3. 声音纪念品**
- 游客可录制一段话，系统将其混入""尼罗河声音地图""
- 一年后收到邮件，听到自己的声音与古埃及回声交织

---

## 三、技术增强叙事与情感共鸣的策略

### 技术选择原则
| 原则 | 应用 |
|------|------|
| **隐形技术** | 技术不喧宾夺主，服务于叙事而非展示 |
| **多感官冗余** | 关键信息通过视觉+听觉+触觉多渠道传递 |
| **渐进式沉浸** | 从现实逐步过渡到增强现实，避免突兀 |
| **可及性优先** | 所有技术环节都有非技术替代方案 |

### 情感共鸣设计

**1. ""微小化""策略**
- 不强调金字塔的宏大，而是聚焦个体工匠的故事
- 让游客在情感上与""一个人""而非""一个文明""连接

**2. ""未完成感""**
- 故意保留一些""空白""，如：
  - 某些石块的用途""至今未知""
  - 某些象形文字""尚未破译""
- 邀请游客成为""共同探索者""而非""被动接受者""

**3. ""当代回响""**
- 每个古埃及元素都连接当代对应物：
  - 古埃及面包 → 当代埃及面包店
  - 古埃及灌溉 → 当代阿斯旺大坝
  - 古埃及星空观测 → 当代埃及天文台

---

## 四、文化敏感性与可及性保障

### 文化敏感性框架

**1. 表述规范**
| 避免 | 采用 |
|------|------|
| ""木乃伊的诅咒"" | ""墓葬的保护传统"" |
| ""法老的宝藏"" | ""复活的装备"" |
| ""原始信仰"" | ""复杂的宗教体系"
53c0011d0d8e,MiniMax-M2.5,P06,博物馆导览讲解,印度泰姬陵,"

# 泰姬陵半日导览讲解词

**——一位印度母亲的私人讲述**

---

## 开场：从花园中央说起

孩子们，爸爸妈妈，停一下。

我们现在站在这里——莫卧儿花园的正中央。你们注意到了吗？无论从哪个角度看，泰姬陵永远在视线正前方。这不是巧合。这是300多年前那些天才建筑师的精心设计——**他们要确保每一位走进这座花园的人，视线最先触及的，是沙贾汗与泰姬的爱情本身。**

你们看那座白色大理石建筑。它洁白无瑕，像一位穿着婚纱的新娘。所以印度人叫它""Mumtaz Mahal""——**“被选中的那位”**。但今天我想从一个不同的角度， 带你们认识这座建筑。

---

## 历史背景：一位皇帝的哀伤

你们知道吗，沙贾汗皇帝在泰姬陵建成之前，已经有了另一座陵墓的构想——给他自己。在亚穆纳河对岸，他原本想建一座黑色的陵墓，与妻子的白色陵墓隔河相望，中间用银桥连接。**他想告诉后世：没有她，他的世界是黑暗的。**

但历史没有给他机会。沙贾汗晚年被自己的儿子奥朗则布篡权囚禁据说，就在这座宫殿——我们现在看到的阿格拉堡——他每天只能从窗户遥望远处的泰姬陵据说，他就是在那里度过了人生的最后八年。

每当我想起这段历史，我都会想：**什么是真正的永恒？】**

不是那座大理石陵墓本身——石头会风化， 会褪色。**永恒是300多年后，我们一家人还站在这里，讨论着这段爱情。** 永恒是每个清晨，来自世界各地的人来到这里，只为亲眼见证一个男人对妻子的承诺。

---

## 建筑美学：细节中的秘密

孩子们，仔细看大门上方的那些花朵图案——

那是**22种不同的宝石镶嵌**而成，红宝石来自阿富汗，绿宝石来自波斯，黄玉来自印度本土。工人们用骆驼毛刷一点一点镶嵌，花了整整8年。

你们知道最神奇的是什么吗？**这些图案在不同的光线下会""变颜色""。** 清晨是淡粉色，中午是纯白色，傍晚是金黄色， 月光下则是柔和的银白色。300多年了，每天都不一样。

妈妈年轻时第一次来这里，导游说了一句话我至今记得：**""这座陵墓每天都在重新诞生，因为每天的光都不同。""**

---

## 趣味故事：一位普通石匠的手艺

现在我要告诉你们一个很少游客知道的故事——

1993年，一位叫**拉尔·比哈里**的老人从北方邦来到泰姬陵。他对管理人员说：“请让我看看第43块镶嵌石。”工作人员很奇怪你怎么知道编号？老人说：“**那块是我父亲做的，他在那块石头上刻了一个小小的标记。**

他们跟着老人走到指定位置——真的，在一朵小小的莲花花瓣旁边，有一个几乎看不见的**小十字刻痕**。那是比哈里家族四代石匠的传统——在完成的艺术品上留下一个看不见的签名。

后来 UNESCO 修复泰姬陵时，专门请这位老人的孙子参与了工作。**一块石头，一个家庭，三百年的沉默传承。**

孩子们，你们记住：**最伟大的建筑，不是石头本身，是建造它的人的手艺和心意。**

---

## 文化意义：印度人心中的泰姬陵

我在印度长大，泰姬陵对我们来说不只是旅游景点。

它是**""爱""这个词最具体的形象**。我小时候，奶奶常说：""如果一个男人爱你，他应该为你建一座泰姬陵。""——当然，这是玩笑话。但你知道吗，每年2月14日，泰姬陵前都有上百对印度新人来拍婚纱照。**他们要让自己爱情，得到这座永恒建筑的见证。**

2007年，泰姬陵被选为**""世界新七大奇迹""**之一。但对我们印度人而言，它从来不需要任何评选。**它是我们的骄傲，是我们土地上生长的白色莲花。**

---

## 文物保护提示

孩子们，最后妈妈要交代几件事：

1. **不要触摸陵墓主体的大理石**——手上的汗渍会腐蚀石材表面的光泽
2. **脱鞋进入陵墓内部时请小心**，地板很烫，记得带袜子
3. **不要使用强光手电筒**——摄影可以，但闪光灯会伤害内部壁画
4. 参观时间建议**清晨或傍晚**，光线最美，也最凉爽

---

## 结束语

好了，我们进去吧。

待会儿你们站在陵墓中央，试着抬头看那个圆顶——**你会感觉它像一只倒扣的莲花花瓣，静静保护着里面的爱情。**

300多年了，什么都变了——皇帝不在了，帝国不在了，连亚穆纳河的水位都下降了多少米。但这座白庙还在，**它替我们保存着人类最古老的一个秘密：**

**爱，可以比石头更坚硬。**

---

*（全文约4分钟朗读时长，适合家庭共同聆听）*"
b95ca460cb16,MiniMax-M2.5,P11,博物馆导览讲解,埃及吉萨金字塔群,"

# 吉萨金字塔群导览讲解词

---

**（开场，语速舒缓）**

亲爱的游客朋友们，欢迎来到人类文明最伟大的纪念碑前。我是你们的讲解员，此刻能与你们一起站在这里，我感到无比幸运。

---

**（历史背景）**

请回头看看，我们正站在尼罗河西岸——这片沙漠与绿洲的交界处。四千五百年前，这里是古埃及人眼中“永恒之地”的入口。

吉萨金字塔群包括三座主金字塔：胡夫金字塔（又称大金字塔）、哈夫拉金字塔和孟卡拉金字塔。它们建成于埃及第四王朝，约公元前2600年至公元前2500年年间。

有意思的是，我们今天看到的金字塔，它的原名古埃及人并不叫“金字塔”。在象形文字中，“金字塔”的意思是“高耸的尖顶”，而“金字塔”这个词是后人误译的结果——因为它让我们联想到希腊字母“Δ”（delta）。

**（趣味故事）**

说到金字塔，不能不提一位名叫“彼得”的普通工人——当然，不是你们美国人的彼得。

1907年，一位名叫弗林德里奇·彼得（Frederick Thomas Peter）的英国业余考古爱好者，声称自己在沙漠中找到了一份“失落已久的”金字塔建造者名单。他甚至向外界展示了一份用金墨水写在羊皮纸上的“工人工资表”。

这件事在当时引起轰动——如果是真的，那将彻底改写我们关于金字塔建造的认知。然而后来证实，这完全是彼得的伪造。他甚至在自己的公寓里用假名“自导自演”，把自己也列入了名单！

这个故事告诉我们：金字塔不仅吸引了无数真正的学者，也吸引过骗子。真相与传奇，往往只有一线之隔。

---

**（文化意义与建筑奇迹）**

让我们谈谈这些巨石。

胡夫金字塔用了约230万块石灰石，平均每块重2.5吨。最重的石块超过80吨。在没有起重机、没有卡车的时代，古埃及人如何将它们一一堆砌，至今仍是未解之谜。

2017年的一项研究表明，金字塔内部的石块可能是从内部坡道运送上去的——而不是外部斜坡。但这依然不能完全解释所有细节。

**我想请各位思考一个问题：**

我们今天用卫星、激光扫描仪、无人机，都无法完全复制这座建筑。四千五百年前的古埃及人没有钢铁，没有炸药，没有现代机械——他们拥有的，只是人力、智慧，和对永恒的渴望。

这是不是让您对自己的文明有了新的敬畏？

---

**（个人体验引导）**

现在，请各位闭上眼睛几秒钟。

想象一下：公元前2560年，你是一名普通石匠。你的父亲、祖父都参与过金字塔建造。轮到你时，你已经五十岁——和在场各位差不多同龄。

你每天清晨从尼罗河边的工作营出发，步行穿过沙漠，来到这座正在“生长”的山脚。你的妻子孩子在对岸的村子里等你。你不知道这座建筑何时完工——也许十年，也许二十年。

但你知道一件事：**当你完工后，你的名字将与法老的名字一起，被刻进永恒。**

这不是传说。考古学家在金字塔附近的工人墓穴中，发现了啤酒罐和面包——那是四千多年前，工人们actual（真正）喝过的、吃过的。

---

**（文物保护提示）**

各位，金字塔不仅是景点，更是历经四千五百年风雨的文化遗产。

请注意：
- **请勿攀爬金字塔石块**——石面已因多年触摸而受损，我们的每一份尊重都在保护历史
- **请勿在景区内吸烟**——沙漠干燥，易引发火灾
- **请将垃圾带走**——让这座伟大的遗迹保持它应有的尊严

---

**（收尾）**

最后，我想用一句话结束今天的讲解：

*“金字塔不会说话，但它们比任何文字都更清楚地告诉人类——只要有信念，平凡的人也能创造永恒。”*

祝各位在埃及的旅程愉快，愿这段记忆成为您人生中最特别的收藏。

谢谢大家。

---

*（全文约4分钟朗读时长）*"
57ecf0d05f1d,MiniMax-M2.5,P06,历史场景叙事,印度泰姬陵,"

# 恒河之水，滴落永恒

*——一六五三年，秋， Agra， 我是每日往返于亚穆纳河与红堡之间的送水妇*

---

我名叫莱拉。我的父亲是水，父亲的父亲也是水——我们家族世代为泰姬陵的工地送水。

今日寅时，我的水袋已装满。亚穆纳河的河水在黎明前是黑色的，像流淌的墨汁，却带着淤泥的腥甜与远处檀木林的清香。我赤脚踩在石板路上，沿着为工匠们开辟的专用水道步行。空气里漂浮着大理石粉末，那是比面粉还细的东西，落在皮肤上便是一层薄薄的雪。

你们问我为何记得如此清楚？因为那天是**沙贾汗皇帝亲自莅临工地**的日子。

---

**我从未见过那样安静的人群。**

三千名工匠同时停下了手中的锤凿。十六岁的石匠学徒达尼亚蹲在脚手架上，双手悬在半空，像一只被雷声惊住的鸟。远处传来象轿的铃铛声——不是清脆的那种，而是低沉、厚重的青铜声，每一声都敲在胸口。

皇帝从轿中走出时，我看见了**光**。

不是太阳光。是**他身上的丝绸**——奶白色掺杂极淡的杏色，绣满金线，在黎明与雾气中仿佛一团凝固的晨雾。他的胡须修剪得极其整齐，像一把黑色的扇子。他没有说话，只是缓缓走过每一座脚手架，用波斯语与建筑师乌斯塔德·艾哈迈德·拉合里交谈。

我听不懂波斯语。但我看得懂**手势**。

皇帝在一块已经打磨好的卡拉拉大理石前停下。那块石头的纹理像——请原谅我匮乏的比喻——像一位年迈妇人的手掌，每一道纹路都是故事。乌斯塔德跪下来，用手指蘸着水，在石面上画了一条线。皇帝摇头，亲自上手，用水抹出一片新的图案。

那一刻，我明白了。

**这不仅仅是一座陵墓。这是沙贾汗写给亡妻的长诗，是用石头刻下的《古兰经》经文，是莫卧儿帝国向永恒投递的一封信。**

---

**气味是最诚实的记忆。**

那天收工后，我坐在工地边缘的土坡上休息。身边堆放着来自拉贾斯坦的红砂岩，来自旁遮普的碧玉石，来自伊朗的青金石——它们在夕阳下像一座彩虹的废墟。远处飘来伙夫煮的扁豆汤香气，混合着大理石打磨产生的温热石粉味、工人身上的汗味，以及——很奇怪——一种淡淡的**番红花**味道。

番红花只在皇后的厨房里出现。

我想起母亲说过的话：“**泰姬陵的每一块石头上都沾着眼泪。**”

那时我不懂。现在我懂了。

---

**印度人为何爱这座陵墓？**

不是因为它的白色，不是因为它的对称——尽管这些都是真的。

而是因为**它证明了爱情可以被看见**。

在我们所处的时代，婚姻是家族的事，是两个村庄的事，是牛羊和嫁妆的事。一个男人为妻子建一座这样的陵墓，不是为了炫耀权力——虽然他确实有权——而是告诉全世界：**她存在过。她值得被记住。**

皇帝在失去妻子后的第八年，双鬓已经斑白。他让人把他囚禁在阿格拉堡的房间内，只为每天能看见泰姬陵的尖顶在晨光中闪烁。他后来被自己的儿子篡位，终老于那座红砂岩的牢笼中，却从未停止凝视。

**这座建筑，是我们民族对""永恒""最浪漫的回答。**

---

*（我放下笔。亚穆纳河的水仍在流淌，如同四百年前一样。）*

*我的曾曾孙女啊，若你将来站在我曾曾祖父运送过水源的地方——请记得，那个送水的女人，她不仅看见了石头，她还看见了爱。*

---

**致您：**

您的导游曾在泰姬陵的回廊上发现一处不太引人注意的铭文——那是波斯诗人赛义德·艾克伯的诗句：

*""希望那审视此墓之人，能获得与建造此墓者同等的安宁。""*

愿您和家人在参观时，不仅看见建筑的壮丽，更能感受到那些跨越三百七十年、仍然温热的情感脉动。"
9b9c5fd83347,MiniMax-M2.5,P11,历史场景叙事,埃及吉萨金字塔群,"

# 托勒密时代的访客

**——公元前246年，吉萨高原**

---

我名为克勒阿克西乌斯，一位来自雅典的地理学者。此刻，我正站在孟菲斯城邦西北的砂岩高原上，双脚陷入细密的金色沙砾。尼罗河的潮湿气息已远离我，取而代之的是干燥的热风，混合着远处椰枣林若有若无的甜香。

三座巨大的锥形石堆矗立在我面前。最宏伟的那座——他们称之为""胡夫的巨大居所""——在正午的阳光下呈现出近乎黑色的深灰，边缘被阳光切割成锐利的金线。我的向导是一位名叫帕赫尔的埃及祭司，他穿着洁白的亚麻长袍，胸前佩戴着青金石与红玉髓串成的圣甲虫护符。

""它们已矗立了超过两千年，""帕赫尔轻声说道，""我的祖先建造它们时，我的城市尚未诞生。""

我听见远处传来石匠的敲击声——不是建造，而是修复。托勒密王朝的统治者正在修缮这些遗迹，作为对古埃及诸神的供奉。数百名工人用铜凿与木楔，将新的石灰石块嵌入塔身剥落的位置。一位监工用科普特语呼喊着指令，那声音在高温中显得含混而遥远。

我凑近观察一块被风化侵蚀的石砖，上面刻着我看不懂的象形文字。帕赫尔注意到了我的目光。

""那是为法老灵魂准备的祈愿文，""他说，""他们相信，这些文字能让死者在来世获得食物与空气。""

我后退几步，凝视塔顶。一群黑鸢盘旋其上，发出尖锐的啸叫。帕赫尔说，当地人相信这些鸟是灵魂的使者。

汗珠顺着我的脊背滑落。我突然意识到，我正站在人类记忆的边界——这些石头比任何活着的生物都更古老，比我读过的任何史诗都更古老。它们不是陵墓，不是纪念碑，而是**信念本身**。

""没有文字记载它们的建造过程，""我低声写道，""只有石头，和石头里的沉默。""

帕赫尔微微一笑：""也许沉默本身就是答案。""

---

*（本场景设定于托勒密三世统治时期，一位希腊学者对吉萨金字塔的观察。叙事参考了古希腊旅行家对埃及的记载传统，并融入对古埃及丧葬信仰的尊重性描写。）*"
bcae5b95c245,MiniMax-M2.5,P06,沉浸式体验设计,印度泰姬陵,"

# 「时光中的爱」家庭沉浸式体验方案

## 一、体验目标与受众定位

**核心概念：爱的多元解读**

不同于传统讲解聚焦于沙贾汗与泰姬的浪漫叙事，本次方案采用“家庭共创”视角——将泰姬陵重新诠释为“爱的表达方式”的载体，让你们一家四口在参观中不仅聆听历史，更创造属于你们家庭的独特记忆。

**受众适配：**

- **您（45岁）**：作为家庭的文化引导者，您会欣赏深度叙事与美学细节，方案保留历史纵深感，同时尊重您对印度文化的本土理解
- **丈夫**：提供“陪伴者”视角的互动设计，让他在参与中成为孩子眼中的“故事伙伴”
- **青少年孩子**：这是关键——方案采用“探索者”模式，让孩子主动寻找答案而非被动接收，让泰姬陵成为他们理解家族情感与文化传承的入口

**体验目标：**

1. 从“听说爱情故事”转向“理解爱的多元表达”——泰姬陵不仅是沙贾汗的爱情结晶，也是莫卧儿建筑美学的巅峰，更是印度人集体记忆中的“美的圣殿”
2. 家庭成员共同完成“探索任务”，在互动中自然生成代际对话
3. 让孩子带着问题离开，而非带着答案离开——激发他们对文化遗产的持续好奇

---

## 二、核心场景与互动环节

### 第一幕：「门前的选择题」——入口广场的预热互动

**时间：** 15分钟

**设计理念：** 游客常在入口处匆忙拍照错过序章，这里设置为“减速带”，让全家以正确节奏进入叙事。

**互动方式：**

- 在入口广场设置一处半沉浸式“时光装置”——不是屏幕，而是一座实体石门框（取材自泰姬陵原建筑细节），门框上刻着三个问题：
  - “你认为泰姬陵是为了什么而建？”
  - “你认为爱情需要被看见吗？”
  - “你认为美可以永恒吗？”

- 家庭成员各自选择一个最想探索的问题，将手指放在石门的感应区——**这不是选择题的答案，而是你们选择的“探索频道”**

- 系统会根据你们的选择，为接下来的体验分配不同的故事权重——**同一次参观，不同家庭会听到不同侧重的故事**。这意味着：如果您的孩子选了“美可以永恒吗”，接下来的体验会更多引入印度哲學中“美与无常”的讨论，而非单纯的浪漫叙事。

**文化敏感性说明：** 方案不预设“正确答案是爱情”，而是呈现多元解读——包括建筑学视角、历史政治视角、哲学视角——尊重不同观众的理解方式。

---

### 第二幕：「看不见的建造者」——陵墓主体的AR体验

**时间：** 30分钟

**设计理念：** 游客通常聚焦于陵墓外观的完美对称，却忽略了背后两万名工匠的集体劳动。这里用技术还原“被抹去名字的建造者”。

**技术应用：**

- 全家佩戴轻量级AR眼镜（无需手持设备，眼镜夹在您的太阳镜上即可），进入陵墓主体后，视野中会叠加一层**“劳工视角”**：
  - 墙体上缓缓浮现工匠的名字（部分史料有记录的姓名）——不是著名建筑师，而是普通石匠、雕刻师、彩绘师
  - 地面出现光影动画，还原当年2万名工人同时工作的场景
  - 声音设计：不是宏大的交响乐，而是渐进的锤子声、搬运号子、远处的水声——**让你听到“建造”本身**

- **关键互动：** 每个家庭成员会收到一个微型感应器（可握在手心），当你将它贴在陵墓的任何一面墙上时，AR画面会显示“这面墙的石材来自哪里”、“雕刻这个图案的工匠可能来自哪个地区”。**这是您丈夫可以主导的环节——让他成为 family's explorer（家庭探索者），带着孩子寻找不同墙壁背后的故事。**

**叙事重点：** 泰姬陵不仅是沙贾汗的爱的宣言，也是两万名工匠的集体杰作。在印度文化语境中，这呼应了“集体荣耀”的传统价值观——一座伟大的建筑属于建造它的所有人。

---

### 第三幕：「花园里的对话」——中庭花园的角色扮演

**时间：** 20分钟

**设计理念：** 这是全方案最独特的环节——不让孩子只是“听”，而让他们“参与”。

**互动方式：**

- 引导员（不是传统导游，而是一位受过戏剧培训的“故事引导者”）邀请你们一家四口参与一个**即兴剧场**环节
- 场景设定：沙贾汗正在决定泰姬陵的设计方案，他召集群臣听取意见
- **您的丈夫将扮演“首席建筑师”**——引导者会给他提示卡，他会用简单的英语/印地语向“沙贾汗”（由引导者扮演）提出设计建议
- **您的孩子将扮演“工匠代表”**——他们需要表达普通工匠对设计的想法（比如“我们希望让花园更对称”“我们想让光线从特定角度照进来”）
- **您将扮演“泰姬陵的意志”**——一个象征性角色，在关键时候表达“这座建筑应该代表什么”

**为什么这样设计：**

- 青少年需要“参与感”而非“说教”——角色扮演让他们站在历史人物的位思考
- 代际共创——您的丈夫和孩子在这个场景中成为“队友”，您作为妻子和母亲的角色在故事中自然延伸
- 15分钟的即兴剧场会产生意想不到的家庭对话——这才是真正的“沉浸式体验”带来的延伸价值

**文化适配：** 引导者会确保内容不偏离史实太多，但允许合理的戏剧化。方案提供印地语和英语两个版本，您可以根据家庭偏好选择。

---

### 第四幕：「日落时的留言」——出口的情感收束

**时间：** 15分钟

**设计理念：** 参观不应在出口结束，而应在“意义生成”后结束。

**互动方式：**

- 出口处设有一面“回声墙”——不是触摸屏，而是一面真实的砂岩墙，中间嵌入一个小小的录音装置
- 每个家庭成员可以说一句话——**不是总结这次参观，而是对身边最重要的人说一句“在泰姬陵我想对你说的话”**
- 这段语音会被加密处理，生成一个专属二维码——你们可以带回家，日后扫描聆听
- **这是专属于你们家庭的“泰姬陵记忆”**——多年后，这个二维码会带你们回到这个下午，重新听到孩子青少年时期的声音、丈夫笨拙但真诚的表白、您自己都不记得说了什么的话

**为什么这样设计：**

- 传统纪念品是“物品”，这个方案提供的是“情感容器”
- 让孩子带着“表达爱意”的练习离开，而非带着“知识”离开——价值观的传递在体验结束后仍在延续
- 预算中等的前提下，这个装置的维护成本低，但情感价值极高

---

## 三、技术增强叙事与情感共鸣的策略

### 声音设计：不在于宏大，而在于“靠近”

- 方案不使用传统景区常见的“电子讲解器”— —那会让你们感觉是游客
- **全程使用“空间音频”**：在不同的区域，你们会听到不同的环境音——陵墓内部的回声、花园里的风声、远处的阿格拉堡钟声
- 关键场景使用**耳语式音频**——在“劳工视角”环节，引导者会轻声在耳边说：“他们建造了永恒，但自己很快被遗忘了。你还记得他们的名字吗？”——**这种设计让历史不再是宏大叙事，而是一种私密的对话**

### AR应用：不是“叠加信息”，而是“揭示隐藏”

- 避免市场上常见的“AR看建筑”——那只是让建筑多了一层卡通贴纸
- 本方案的AR专注于**“揭示不可见”**：劳工的名字、原本颜色的推测（泰姬陵原本是红砂岩+白色大理石的组合，不是纯白）、被拆除的附属建筑遗址
- 青少年会喜欢这种“发现秘密”的体验——他们不是在“被教育”，而是在“考古”

### 互动装置：可及性优先

- 所有技术设备都有“手动模式”备选——如果您的丈夫或孩子对电子设备不熟悉，可以选择纯人工引导
- AR眼镜采用夹式设计，佩戴近视眼镜也可使用
- 角色扮演环节提供“退出权”——如果孩子不想参与表演，可以选择旁观并获得单独的音频讲解

---

## 四、文化敏感性与可及性保障

### 文化敏感性

- **避免“爱情唯一论”**：方案呈现多元叙事——沙贾汗的浪漫、沙贾汗的政治考量、工匠的集体贡献、泰姬陵在印度独立运动中的象征意义、当代印度人对其“ UNESCO遗产”与“印度认同”的双重理解
- **不回避历史的复杂性**：泰姬陵建成背后有劳工的苦难、财务对帝国的负担、沙贾汗晚年被儿子囚禁在阿格拉堡的悲剧——方案以适龄方式呈现，不美化也不控诉
- **尊重宗教多样性**：泰姬陵是莫卧儿帝国伊斯兰建筑与印度教工艺传统的融合，方案会呈现这种“双重遗产”

### 可及性保障

- **时间灵活**：完整方案3小时，但拆分为四个独立模块，您可以根据家人体力选择参加1-2个
- **体力适配**：陵墓主体有台阶，方案提供“低体力版”路线——在花园中央的“对话环节”可以坐着参与，只有AR环节需要短暂站立
- **语言适配**：提供英语、印地语、以及您丈夫可能需要的其他印度地方语言（如需要可提前预约）

---

## 五、预算说明与可选升级

**中等预算方案（约人民币1500-2000元/家庭）：**

- 包含四个核心环节
- AR设备租赁（夹式眼镜）
- 角色扮演引导员
- “回声墙”录音与二维码生成

**可选升级：**

- +300"
56465d797e61,MiniMax-M2.5,P11,沉浸式体验设计,埃及吉萨金字塔群,"

# 《永恒的门槛：吉萨金字塔守护者之夜》

## 沉浸式文化遗产体验方案

---

## 一、体验核心概念：日落时分的“永恒之门”

**角度创新**：我们不把您定义为“游客”，而是“被邀请的访客”——一位在退休之年终于踏上追寻人类文明源头之旅的智者。您与妻子将经历的，不是景点打卡，而是一次跨越四千年的“入门仪式”。

**核心体验逻辑**：古埃及人相信，金字塔是法老通往永恒的阶梯。我们将让您亲身走过这条从人间到“来世”的路——不是作为旁观者观看，而是作为参与者“被选中”，通过四道“门槛”，理解古埃及人为何建造这些庞然大物，以及他们如何理解死亡、记忆与永恒。

**时间选择**：强烈建议选择**下午四点半入场、日落时分（大约六点至六点半）离场**的时段。这不是随意安排——古埃及人认为，日落是太阳神拉（Ra）沉入地下世界、开始夜间旅程的时刻，也是生与死边界最模糊的时刻。您将在这个神圣的时间窗口，完成整个体验。

---

## 二、体验流程：四道门槛

### 第一道门槛：狮身人面像前的“觉醒”

**场景设定**：您与妻子从主要入口进入，避开常规旅游路线，导览员（一位穿着传统埃及长袍、但并不cosplay成古埃及人的现代埃及学者）将在狮身人面像前迎接您们。导览员会用英语开场，但方式特别：

> “在古埃及，每一位进入金字塔区域的人，都需要先回答守望者的问题。现在，狮身人面像仍然在问同样的问题——不是用语言，而是用它的眼睛。你们不需要回答我，但需要问自己：你们为什么在人生这个时刻来到这里？”

**互动设计**：导览员会给每位游客发一枚**“奥西里斯的钥匙”**（实际上是一枚制作精美的黄铜质感小挂件，可随身携带，作为后续所有环节的“信物”）。这不是玩具，而是一个**NFC感应装置**的载体——它将激活您后续体验中的所有“机关”。

**文化叙事**：导览员会简要讲述狮身人面像的争议——它究竟是谁？它守卫了什么四千年？强调古埃及人如何将人类智慧（人）与力量（狮子）结合，创造出超越单纯纪念碑的“守护者”形象。**尊重性表述**：避免“斯芬克斯之谜”这个被过度浪漫化的希腊概念，而是告诉您，这尊雕像在古埃及语境中叫做“荷尔-艾姆-阿赫特”（Horemsakhet），意为“地平线上的荷鲁斯”，它不是谜语，而是法老权威与太阳神崇拜的结合体。

---

### 第二道门槛：胡夫金字塔北面的“攀登”

**场景设定**：您将不会被允许进入金字塔内部（这在现实中也不可能，且对文物有害），但您会体验一段**“模拟攀登”**——在金字塔北面设有一段经过安全加固的体验坡道，游客可以攀登约十五米高度，到达金字塔第一个平台层（大约是原建筑三分之一的高度）。

**技术增强**：

- **AR眼镜**（轻便型，不是笨重的头盔）：当您佩戴AR眼镜仰望金字塔塔顶时，眼镜会叠加一层**“历史图层”**——显示这座金字塔在建造过程中不同年代的样子：从最初的全白色石灰石外包层，到后来外包层被拆除用于开罗城市建设，再到现在的样子。您会看到它如何从“耀眼的白金”变成“风化的黄褐”。
- **声音设计**：当您开始攀登时，耳机里会传来**古埃及乐声**——不是现代人想象的“金字塔神秘音乐”，而是根据考古发现的古埃及竖琴、笛子和拍手节奏复原的音乐。乐曲名为《拉的光之阶梯》，由埃及音乐学家基于卢克索神庙浮雕中的乐手形象复原。

**情感设计**：在平台停留时，导览员会让您俯瞰整个吉萨高原，并说出以下这段话（原文大致意思，导览员会用更文学化的英语表达）：

> “四千年前，数万人用二十年的时间，把这块巨大的石头堆在这里。他们中的大多数人，没有留下名字。但他们堆石头时想的不是'我在工作'，而是在帮法老搭建一架通往星星的梯子。你们现在站的地方，是他们曾经站的地方。你们看到的夕阳，是他们曾经看到的夕阳。”

**可及性考虑**：如果您或妻子有任何行动不便，平台体验可以替换为**“地面沉浸室”体验**——一个配备环幕投影和体感座椅的移动装置，让您同样能感受到“站在金字塔高处俯瞰”的视觉震撼，且座椅会根据画面中的攀登节奏轻微晃动，模拟攀登的感受。

---

### 第三道门槛：金字塔南侧的“星室”

**场景设定**：在胡夫金字塔南侧，设有一个**半地下沉浸体验室**（建筑外观完全融入沙漠景观，不破坏景区整体风貌）。这个房间的设计灵感来自金字塔内部的“国王密室”和“王后密室”——虽然“金字塔未解之谜”经常被夸大，但我们可以用一种**有据可查**的方式重现古埃及人对星空的理解。

**核心体验**：进入“星室”后，您会坐在舒适的躺椅上（每位游客一个独立座位，夫妇可以相邻），头顶是仿金字塔内部花岗岩天花板的弧形幕布。灯光渐暗，随后：

- **穹顶投影**：根据考古学家对吉萨金字塔天文对齐的研究，投影会精确还原**公元前2500年左右某一天的星空**。您会看到猎户座（古埃及人认为这是奥西里斯的灵魂所化）如何从金字塔的通风井中“升起”。导览员会解释：胡夫金字塔的通风井并非“神秘通道”，而是精心计算的天文观测口，指向特定的恒星和行星。
- **声音叙事**：这次不是音乐，而是一个**古埃及祭司的低语**（由专业配音演员用复原的古埃及语言发音录制，虽然我们听不懂内容，但声调本身有一种古老的庄重感）。同时有英语耳语作为翻译：
  > “当星辰出现在正确的位置，法老的灵魂就会沿着这道光阶梯，升入永恒。”

**互动设计**：您的“奥西里斯的钥匙”会在此时发光（NFC感应触发），您可以通过手中的简易遥控器，选择让某一颗星“更亮”——这对应着古埃及天文学中的一个知识点：他们如何通过观察特定星辰的升起位置来判断尼罗河泛滥的时间（天狼星偕日升）。

---

### 第四道门槛：日落时分的“送别”

**场景设定**：体验的最后一站，不是回到入口，而是来到**金字塔群西侧的一片安静沙丘**。这里远离常规游客路线，有几个低矮的沙丘和几个白色帆布遮阳棚（供休息），但重点是：**这里是观看日落的绝佳位置，且通常没有普通游客**。

**仪式设计**：导览员会在这里与您们道别，但方式特别：

> “古埃及人相信，日落不是结束，而是开始。拉神会在夜间穿越地下世界，战胜黑暗，然后在第二天早晨重生。你们今天走过的地方，是人类最早试图'对抗死亡'的地方。但他们对抗死亡的方式，不是逃避它，而是把它变成另一段旅程的开始。”

**声音设计**：当太阳开始接近地平线时，耳机里会传来**尼罗河的水声**——这是古埃及人生活中最重要的声音，也是他们相信死后灵魂会去往的地方。水声会逐渐与风声融合，然后渐渐淡出。

**纪念品**：您的“奥西里斯的钥匙”会在此时最后一次发光，随后导览员会告诉您：

> “这把钥匙现在属于你们了。它不是护身符，也不保证任何事情。但它记得你们今天走过的路。记得你们在人生这个特别的时刻，选择来这里理解一群四千年前的人，如何面对我们所有人最终都会面对的问题。”

**技术细节**：钥匙中的NFC芯片会记录您的体验数据（不涉及隐私），您可以在离场后通过一个专属App回顾今天的体验——包括您选择的星辰、您站立的坐标、甚至您的心率变化（如果您在体验中佩戴了提供的轻便手环）。这个App不是“电子相册”，而是一个**互动式回顾工具**，您可以点击每一个体验点，重新听到当时的讲解，并看到一些补充的历史资料链接。

---

## 三、技术与叙事融合的设计理念

### 1. 声音作为“隐形叙事者”

本次体验中，声音不是背景音乐，而是**主要的情感触发器**。我们遵循以下原则：

- **不使用**任何“金字塔神秘氛围音效”——那种低频嗡嗡声完全是现代人的想象，与古埃及人对声音的理解无关。
- **只使用**有考古依据或学术复原的声音：古埃及乐器的复原件、基于象形文字发音规则重建的古埃及语、尼罗河岸边的自然声音（今天仍然可以在埃及某些河段听到）。
- **声音层级**：在体验中，声音不会一直“播放”，而是有明确的**静默时刻**——让您感受沙漠的寂静，那是古埃及人认为最接近永恒的时刻。

### 2. AR/VR的“克制使用”

我们有意**不提供全沉浸式VR**（即完全遮蔽视野的头盔），原因如下：

- 在金字塔脚下，如果完全遮蔽视野，你会错过真实的沙漠风、阳光的温度、远处骆驼的轮廓——这些真实的感官刺激是任何技术都无法替代的。
- AR（增强现实）是更好的选择：它在你眼前叠加信息，但不取代真实。
- AR眼镜只在**关键体验点**使用（攀登时的历史图层、星室中的星空），其余时间您是用肉眼与真实的古迹面对面。

### 3. “信物”的情感设计

“奥西里斯的钥匙”不是一个普通的纪念品，它是**体验的物理锚点**。设计理念来自古埃及的“卡”（Ka）——古埃及人相信每个人都有“生命之息”与“精神分身"
9bbefcc97069,Nex-N2-Pro,P06,博物馆导览讲解,印度泰姬陵,
b63d09d56828,Nex-N2-Pro,P11,博物馆导览讲解,埃及吉萨金字塔群,"### 导览讲解词：吉萨金字塔群（约3–5分钟）

请您和夫人先不要急着拍照，站在高原上向远处看——一边是开阔的沙漠，另一边，虽然今天被城市遮挡，但古埃及人心中最重要的方向，是尼罗河。对古埃及人来说，尼罗河象征生命、循环与再生；沙漠则通向死者与永恒。吉萨金字塔群正是建在这两个世界的交界处。

我们现在看到的三座主要金字塔，属于古王国第四王朝，大约距今4500多年。最大的是胡夫金字塔，其次是哈夫拉金字塔，再远处是孟卡拉金字塔。它们并不是孤立的“石头山”，而是一整套纪念性建筑群的一部分：河谷神庙、堤道、祭庙、王后金字塔、船坑，以及附近的狮身人面像，共同构成了法老死后通往永恒的道路。

很多人第一次来到这里，会感到一种神秘：古人没有现代机械，为什么能把如此巨大的工程做到几乎正对东南西北？石块如何运输？工程如何组织？这种神秘感很真实，但答案并不一定需要借助传说或外星人。真正令人震撼的是：一个高度组织化的社会，把信仰、数学、行政管理和劳动力动员结合在一起，完成了这项工程。金字塔不仅是陵墓，也是王权、宇宙秩序和“玛阿特”——也就是秩序、真理与平衡——的象征。

不过，今天我想请您从一个较少被看见的角度理解吉萨：普通人的生活。过去常有人说金字塔是奴隶建造的，但现代考古证据更支持另一种图景：许多建造者是受征调的埃及劳动者、工匠和季节性工人，他们并非被遗忘的无名者。考古学家在工人村发现了面包房、鱼骨、牛骨、医疗痕迹，甚至墓葬。这说明他们吃面包、喝啤酒，有人接受医疗照顾，也有人死后被安葬在靠近金字塔的地方——这本身就是一种荣誉。

有一个特别有趣的故事，来自红海边瓦迪·杰尔夫发现的莎草纸记录。其中提到一位名叫梅勒的官员，他负责带领船队，把图拉地区的优质石灰石运往吉萨，用于胡夫金字塔的外层包石。这不是现代意义上的私人日记，而更像工作日志，但它让我们第一次听见了四千多年前普通管理者的声音：他们记录天气、运输、补给和工程进度。想象一下，梅勒站在尼罗河边的码头上，看着石块装上船，知道自己参与的不只是一项工程，而是法老通往永恒的纪念。

当您再看这些金字塔时，可以试着把它们想象成“凝固的秩序”：底层是成千上万普通人的劳动，上层是王权与宗教理想。神秘感并不来自未知的神力，而来自这样一个事实——人类在很早以前，就已经能够为了信念、记忆和来世观念，组织起超越个人生命长度的伟大事业。

最后也提醒几句文物保护：请不要攀爬金字塔、触碰铭文或浮雕；不要带走任何石块、沙子或碎片；在墓室或博物馆内如看到禁止拍照或禁止闪光的提示，请遵守。也请尊重当地工作人员和周边居民，拍照前征得同意。吉萨不仅是古代文明的遗迹，也是今天埃及社会生活的一部分。慢慢看，轻声走，您会感受到它比想象中更安静，也更深沉。"
40dcf7b89438,Nex-N2-Pro,P06,历史场景叙事,印度泰姬陵,
95976cd48262,Nex-N2-Pro,P11,历史场景叙事,埃及吉萨金字塔群,
bf5787467761,Nex-N2-Pro,P06,沉浸式体验设计,印度泰姬陵,
3648cd08ddf0,Nex-N2-Pro,P11,沉浸式体验设计,埃及吉萨金字塔群,
fb38041fd879,Pro-GLM-5.1,P06,博物馆导览讲解,印度泰姬陵,"Namaste，姐姐！欢迎您带着家人回到这片属于我们所有印度人的心灵之地。

看到您和先生相伴，还有两位正值青春年华的孩子，我不禁觉得，今天这趟泰姬陵之旅有了最完美的见证者。孩子们，准备好了吗？当你们走过那扇巨大的拱门，请暂时放下手机，因为接下来映入眼帘的画面，绝对会让你们惊叹。

我们大多数人只知道沙贾汗与慕塔芝·玛哈的宏大爱情，但今天，我想带你们换个角度，去看看这座建筑背后“活着的灵魂”。

慕塔芝·玛哈不仅是沙贾汗深爱的妻子，更是他最信任的政治顾问。在莫卧儿时代的宫廷里，女性有着不可忽视的影响力。慕塔芝·玛哈在随军出征的军营中生下第14个孩子时不幸离世。姐姐，作为母亲，您一定能体会那种生死边缘的脆弱。沙贾汗失去的不仅是爱妻，更是他的灵魂伴侣和智囊。所以，泰姬陵不仅是一座陵墓，它是一个帝王在极致悲痛中，试图用最坚硬的大理石，留住最柔软记忆的疯狂尝试。

说到大理石，我要给你们讲一个普通人的故事。孩子们，你们看这洁白的大理石上，那些如藤蔓般缠绕的宝石镶嵌（Pietra Dura），是不是像极了大自然中绽放的花朵？这背后有一种几乎失传的工艺叫“ parchin kari”。当年，成千上万的工匠在这里劳作，其中有一位名叫伊斯拉姆的普通宝石切割匠。在史书上，他连一行字都没有留下，但民间传说，他为了将那颗珍贵的绿松石完美地嵌入大理石中，在烈日下连续打磨了数月，甚至连指纹都被磨平了。当他终于将宝石严丝合缝地按入凹槽时，他的双手已经鲜血淋漓。正是无数个像伊斯拉姆这样无名的工匠，用他们粗糙的双手和磨平的指纹，才托起了沙贾汗爱情的永恒。所以，当我们触摸历史时，摸到的不只是帝王的悲欢，更是普通人的血汗与尊严。

对于我们印度人来说，泰姬陵意味着什么？它绝不仅仅是一个打卡胜地，或是单纯的爱情象征。它刻在我们祖母的饼干铁盒上，印在我们小时候的火柴盒上，它是我们日常生活的一部分。它提醒着我们，在这个有着无数分歧的国度里，莫卧儿文化将波斯的高雅、中亚的雄健与印度本土的细腻完美融合，创造出了这种极致的和谐。泰姬陵是包容的，清晨它泛着微粉，正午它闪耀如雪，月夜它又透出幽蓝——它就像印度本身，随着光影流转，展现出千变万化的韧性。

好了，现在我们要脱鞋走上主平台了。姐姐，孩子们，请允许我做一个文物保护的温馨提示：待会儿在陵墓内部，请尽量压低声音，不仅是为了尊重长眠者，也是为了让这座几百年的建筑能少受一点声波震动的伤害。另外，请千万不要用手触摸那些精美的浮雕和宝石镶嵌。我们手上的汗液和油脂，对这几百年前的大理石来说，就像是缓慢的毒药。让我们的眼睛去收藏它的美，把手留给家人的温暖吧。

走吧，让我们一起走进这段流动的历史。愿你们的家庭，也能如这陵墓上的花卉纹饰一般，无论岁月如何流转，都紧紧相拥，生生不息。"
18bc4148c00f,Pro-GLM-5.1,P11,博物馆导览讲解,埃及吉萨金字塔群,"理查德先生，还有琳达女士，欢迎你们来到吉萨。在这个人生的新篇章——你们期盼已久的退休旅行中，能陪伴你们站在这里，我感到无比荣幸。

五十岁，是一个充满智慧的年纪，你们刚刚结束了一段漫长而辉煌的职业生涯，正站在另一个广阔人生的入口。有趣的是，古埃及人也将50岁视为一个极具象征意义的节点——在法老统治的第三十年，他们会举行“赫卜塞德节”（Heb-Sed Festival），也就是法老的更新仪式，以此重获统治的力量与青春。今天，我想请你们不用法老的视角，而是以一对刚步入人生新阶段的长者身份，去阅读这片大地上最宏伟的石头。

大多数人第一眼看到金字塔，都会被它的庞大体量震撼，觉得那是傲慢与权力的象征。但如果我们换一个角度，把吉萨高原看作一个巨大的“时间容器”，你们会发现，这些石头其实是对抗遗忘的深情书写。

古埃及人并不称死亡为“终结”，他们称之为“走向西方”——正如每天落日的方向。金字塔的倾斜面，正是对太阳光芒的模拟，他们相信这些光芒是法老灵魂升天的阶梯。而在深夜，金字塔内部的通道精准地指向猎户座和天狼星，那是他们心中永恒的居所。对于古埃及人来说，生命是一场短暂的停留，而死亡才是永恒的家园。你们此刻正站在生与死的交汇处，感受着四千五百年前人类对“永恒”最浪漫的想象。

说到这里，我想给你们讲一个关于“普通人”的故事。当我们仰望胡夫金字塔时，总以为这是无数奴隶在皮鞭下建成的，但现代考古学已经推翻了这种好莱坞式的刻板印象。在金字塔附近的工匠村落遗址里，我们发现了真正的建造者。

其中有一位名叫“佩内弗”的普通石匠。在4500年前的一天，佩内弗在切割一块石灰岩时，或许是太累了，或许是刚喝了他最爱的枣椰酒，他不小心切坏了石料。为了掩盖错误，也或许是出于一种顽皮，他在那块后来被砌入金字塔核心的石头背面，用红墨水写下了一句话：“此石由‘强壮的野猪’小队负责，我们喝得酩酊大醉！”此外，考古学家还发现了工匠们写给家人的信，有人在抱怨分配的口粮里洋葱不够多，还有人在为生病的孩子向神明祈祷。

这些带着烟火气的涂鸦和信件，让冰冷的巨石瞬间有了温度。金字塔不仅仅是法老的陵墓，它更是成千上万个像佩内弗一样的普通人——他们有名字、有幽默感、会抱怨、会疼爱家人的普通人——用双手共同筑起的时间纪念碑。

今天，这份生命力依然在延续。你们在景区里遇到的那些热情的当地人，无论是牵着骆驼的贝都因人，还是指引方向的安保人员，他们正是这些古老建造者的后代。他们不是停留在过去的布景，而是将这片土地的尊严与好客传承至今的活态文化。当你对他们微笑，或是用刚学会的阿拉伯语说一声“Shukran”（谢谢）时，你正在与这片土地进行最真实的连接。

在你们继续漫步之前，作为守护这片遗产的一员，我有一个小小的请求：请用你的目光和镜头去捕捉它们的壮美，但请不要攀爬任何石块，也请勿触摸那些裸露在外的古老岩壁。我们皮肤上的油脂和摩擦，会加速那层历经千年的风化外壳的剥落。保护它们，也是为了让更多像你们一样，在人生不同阶段来此寻找启示的人，依然能看到它们最真实的模样。

理查德，琳达，愿你们在这趟旅程中，不仅能看到四千年前的辉煌，也能感受到那些普通生命的回响。祝你们的退休生活，如同这吉萨高原上的星空一样，深邃、辽阔且充满惊喜。我们往前走吧。"
53a77413e363,Pro-GLM-5.1,P06,历史场景叙事,印度泰姬陵,"Namaste！欢迎来到阿格拉。作为一位与家人同行的印度女性，您此刻站在泰姬陵前，心境或许与单纯的游客不同——您不仅是在审视一座建筑，更是在感受一位妻子、母亲与帝国主人的生命回响。

泰姬陵绝不仅是一滴“建筑之泪”，它也是莫卧儿帝国多元文化交融的巅峰，是印度这片土地上工艺与情感的集大成者。今天，让我们换一个角度，不谈沙贾汗晚年的囚禁与哀叹，而是回到一切刚刚开始的时刻，去感受那份将悲痛转化为创造力的深沉力量。

***

### 沉浸式叙事：河畔的晨祷与永恒的蓝图

**时间**：1632年，初春，破晓时分
**地点**：阿格拉，亚穆纳河畔的莫卧儿皇家御苑（泰姬陵奠基现场）
**人物**：拉扎·古尔（Raza Gul）——慕塔芝·马哈尔的资深宫廷女官，此刻正负责监督地基初期的工程

*(请闭上眼，让亚穆纳河的微风拂过您的面颊……)*

“这河风的湿气，总是夹杂着亚穆纳河特有的泥土腥气，还有岸边无花果树落叶的微苦。天还没亮，但我已经能听到远处营地传来的声音——铜壶碰撞的清脆声响，那是工匠们在晨祷前取水净手。数千名来自拉贾斯坦、波斯和中亚的工匠，正用不同的方言低语，汇成一种奇异的、如同蜂群般的嗡鸣。

我站在这片泥泞的河岸上，看着晨雾像一层薄纱般被东方的暗红光芒撕开。前方的地面上，纵横交错的绳索和木桩划出了巨大的几何基线。就在那里，几十头大象正沉重地喘息着，它们粗糙的脚掌踩在湿润的泥土上，发出沉闷的‘吧嗒’声，将一筐筐从拉贾斯坦运来的红色砂岩夯实。

我的目光越过那些忙碌的背影，看向不远处那个孤独的身影——陛下（沙贾汗）。他裹着一件素白的羊毛披肩，在晨光中显得那样单薄。我认得那件披肩，那是阿姬曼（慕塔芝·马哈尔）生前最后一次随军时，亲手为他披上的。陛下没有看工匠，也没有看图纸，他长久地凝视着亚穆纳河面。河水平静，却深不见底，就像他此刻的哀痛。

世人总以为，泰姬陵是一座帝王为爱妻修建的华丽坟墓。但我知道，这不仅是哀思，更是承诺。阿姬曼在营帐中离世前，紧紧握着我的手，对陛下提出了三个愿望：其中之一，便是建造一座世间无双的殿宇，让他们的爱与信仰得以永存。陛下此刻的沉默，不是崩溃，而是一个帝王在将心碎铸造成不朽的意志。

你听，那石匠敲击錾子的声音——‘叮、叮、叮’，清脆而决绝。来自波斯的书法家阿马纳特·汗刚刚送来了黑大理石的经文草稿，来自克什米尔的工匠正在雕刻罂粟花与莲花交融的纹饰。陛下下令，这座建筑必须是完美对称的，因为对称是神性的秩序，是混乱尘世中永恒的倒影。那洁白的马克拉纳大理石尚未运达，但我知道，它将映照出从日出到日落的每一寸天光，就像阿姬曼的灵魂，包容而纯净。

我深吸一口带着檀香和湿润泥土气息的空气。这不仅仅是一座陵墓的奠基，这是莫卧儿最盛大的一场告别，也是我们对‘爱’最极致的雕刻……”

***

### 给您与家人的参观指引

当您和丈夫、孩子们从这段历史中回过神来，再次凝视眼前的泰姬陵时，我希望您能带着以下视角去感受：

1. **给您的陪伴建议（爱情与伴侣）**：泰姬陵的对称轴心，正是沙贾汗与慕塔芝的衣冠冢所在。您可以留意，无论从哪个角度看，建筑都是完美平衡的。这不仅是美学追求，更隐喻了慕塔芝作为沙贾汗的“帕迪沙·贝古姆”（Padshah Begum，帝国第一夫人），在政治与生活中都是他不可或缺的另一半，而非刻板印象中深闺里的弱女子。
2. **给孩子们的探索任务（文化与工艺）**：让青少年孩子们去寻找泰姬陵上的“拼花工艺”（Pietra Dura）。那些花朵的纹饰，其实是印度本土的莲花、郁金香与波斯风格的植物藤蔓的结合。告诉他们，这座建筑不仅是爱情的象征，更是17世纪全球最顶尖工匠的“联合国”，是印度包容性的极致体现。
3. **印度人心中的意义**：作为印度人，我们深知泰姬陵超越了莫卧儿王朝的兴衰。它之所以在印度人心中有着无可替代的地位，是因为它用一种近乎神圣的视觉语言，向世人宣告：在这片充满混沌与色彩的土地上，人类依然有能力雕琢出极致的宁静与秩序。

祝您和家人在这半天的时光里，不仅能看到大理石的光芒，更能触摸到历史的心跳。"
b1bad842cc72,Pro-GLM-5.1,P11,历史场景叙事,埃及吉萨金字塔群,"欢迎您和您的妻子来到吉萨。五十岁，正是人生中沉淀了足够阅历、能够真正与千年时光产生共鸣的年纪。退休旅行不仅是跨越地理的旅程，更是向内探寻的生命仪式。

这次，让我们避开那些关于奴隶与外星人的陈词滥调，将目光投向金字塔建筑群中常被游客匆匆走过、却至关重要的地方——**卡阿夫拉（哈夫拉）神庙山谷**。您现在所站立的花岗岩废墟，曾是连接生者与死者的神圣枢纽。

请闭上眼，让我带您回到四千六百年前的一个黎明。

***

**时间**：公元前2570年，秋分的黎明
**地点**：吉萨，卡阿夫拉金字塔山谷神庙的净化厅
**人物**：伊普伊（Ipuwy），50岁的“赫姆-奈特”（Hem-Netjer，高级祭司）

晨雾还未从尼罗河的河汊中散去，您——伊普伊，赤脚踩在山谷神庙打磨得如镜面般光滑的雪花石膏地板上。冰凉的触感从脚底直抵心头，让您从彻夜守灵的疲惫中清醒过来。您摸了摸自己光洁的头顶，感受着清晨微凉的空气，那里面混合着沼泽的湿润水汽、从堤道飘来的圣香——浓郁而带着柑橘清苦的没药，以及巨大花岗岩墙壁在夜里散发的、如同雷雨前般的矿物气息。

天光未亮，神庙内部一片幽暗。您手持莲花形状的灯盏，微弱的火光在坚硬的黑色花岗岩柱上投下摇曳的影子。这里没有喧闹，只有您和另外几位祭司沉稳的呼吸声，以及神庙外尼罗河水拍打泊船码头的轻柔节拍。

今天，是法老卡阿夫拉的“开口仪式”。您走到神庙深处的壁龛前，那里静静端坐着法老的卡（Ka，生命力）雕像。在您的眼中，这尊雕像不是冰冷的石头，而是法老灵魂在人间的居所。

“苏醒吧，荷鲁斯的化身。”您用低沉的嗓音吟唱起古老的颂歌。

您的妻子，神庙的“哈索尔乐女”，正站在柱廊后。随着她拨动竖琴的第一根弦，清越的琴声如同穿透浓雾的阳光，在空旷的石室中回荡。这声音与您手中倾倒的净水声交织——清水落在雪花石膏上，发出清脆的滴答声，这是赋予雕像生命的第一重洗礼。

光线在这一刻发生了变化。东方的太阳恰好跃出地平线，一道金色的光芒精准地穿过神庙狭窄的轴窗，直直地照射在法老雕像的面庞上。那是拉神的光辉，是宇宙秩序（玛阿特）的具象化。在那一瞬间，石像的眼睛仿佛活了过来，深邃地凝视着您。

作为五十岁的长者，您比年轻的祭司更懂得这凝视的重量。您知道，这座神庙、这条堤道、那座在晨光中闪耀着白色石灰岩外衣的巍峨金字塔，从来不是死亡的坟墓，而是一台维持宇宙运转的巨大机器。法老并非死去，他正踏上前往星空的旅程，而您手中的仪式、妻子的琴声、甚至工匠们对石块严丝合缝的打磨，都是为了让这趟旅程顺利，让尼罗河继续泛滥，让埃及的阳光永远明媚。这是一场关乎所有人福祉的宏大协作。

您深吸一口混合着圣香与晨露的空气，将手中的权杖轻轻抵在雕像的唇边。在这一刻，时间仿佛凝固，您站在了永恒的门槛上，生与死、瞬间与永恒，在这座幽暗而宏大的花岗岩殿堂里，达成了完美的和解。

***

**讲解员的话音落下：**

先生，当您和您的妻子现在重新看向眼前这些斑驳的黑色花岗岩时，或许能感受到伊普伊当年感受到的那份庄重。古埃及人并不畏惧死亡，他们用最极致的工艺和最深沉的信仰，将生命的尊严刻入每一块石头。

今天的埃及人依然延续着对生命的热爱与对未知的敬畏。当您漫步在金字塔下，不妨摸一摸那些石头，感受四千六百年前的温度。这不仅是法老的遗产，也是全人类面对时间流逝时，最优雅的一次抗争。祝您和夫人的退休之旅，如同那条通往星空的堤道一般，充满宁静与深远的光芒。"
a4fae1137e4b,Pro-GLM-5.1,P06,沉浸式体验设计,印度泰姬陵,"Namaste！欢迎来到这座属于印度的心脏之地——泰姬陵。作为您的专属文化遗产叙事设计师，我深知，对于一位45岁的印度母亲而言，泰姬陵绝不仅是世界奇迹，它是流淌在我们血液中的文化基因，是从小听着祖辈讲述的传说。

针对您和您的家庭（丈夫与两名青少年），我为您设计了一套名为**《不朽的织锦：从红堡到大理石之梦》**的半天沉浸式体验方案。这一次，我们将跳出传统的“帝王痴情”叙事，转而从**“慕塔芝的遗愿与莫卧儿的女权网络”**这一全新视角切入，结合轻量级科技，让青少年不觉枯燥，让成年人产生灵魂共鸣。

---

### 1）体验目标与受众分析

*   **受众画像契合：** 
    *   **45岁印度母亲（您）：** 体验的重心将放在慕塔芝·玛哈尔不仅是“被爱者”，更是莫卧儿宫廷的政治智囊与文化桥梁。您将在这段叙事中看到印度女性的坚韧与智慧。
    *   **丈夫：** 体验将探讨沙贾汗在失去挚爱后的心理坍塌，以及他在建筑中寻找永恒的徒劳与悲壮，引发对责任与情感的共鸣。
    *   **青少年孩子：** 拒绝枯燥说教。通过AR解密、声学互动和工匠角色扮演，将历史转化为“探案游戏”与“感官奇观”。
*   **体验目标：** 打破“泰姬陵是孤立陵墓”的刻板印象，将其还原为莫卧儿帝国多元文化（印度教、伊斯兰教、波斯艺术）交融的巅峰之作，并让一家人在互动中重新定义“爱”与“传承”。

---

### 2）核心场景与互动环节（半天行程）

**第一幕：红堡的回声（入口至花园前）——倾听被遗忘的声音**
*   **叙事：** 故事不从泰姬陵开始，而从17年前的分娩开始。慕塔兹在生下第14个孩子时离世，但她留下的不仅是悲伤，还有对帝国的遗言。
*   **互动：** 戴上骨传导定向音频项圈。当您们走过入口走廊，周遭的嘈杂声被过滤，耳边响起慕塔兹临终前对沙贾汗的轻声低语（关于善待子民、建造象征平等的殿堂）。青少年将收到一张“遗愿清单”AR地图，需要在后续游览中逐一确认这些遗愿是否被实现在建筑中。

**第二幕：天堂的倒影（莫卧儿花园）——水镜中的时空折叠**
*   **叙事：** 水在莫卧儿文化中是生命的象征，也是连接现世与天堂的媒介。
*   **互动：** 站在水池尽头，使用手机AR扫描水面。屏幕中，现实中的泰姬陵倒影与水面的倒影重合，但AR画面中会出现穿着莫卧儿服饰的宫女和工匠穿梭其中。孩子们需要通过AR寻找水池的几何中心，解锁隐藏剧情：沙贾汗曾试图在河对岸建造一座黑色大理石陵墓（黑泰姬），AR将在河对岸为您一家人叠加出那座从未建成的黑色幻影。

**第三幕：镶嵌的脉搏（主陵墓外围）——触碰工匠的温度**
*   **叙事：** 泰姬陵不仅是帝王的丰碑，更是两万名印度本土工匠与波斯大师的集体结晶。这里的“皮特拉杜拉”（宝石镶嵌工艺）是印度教与伊斯兰教美学的完美联姻。
*   **互动：** 领取“触觉交互盲盒”（包含未打磨的玛瑙、碧玉、青金石原石）。在陵墓外墙的特定区域，手机AR会识别您手中的宝石，并在屏幕上演示它如何被切割、嵌入大理石。孩子们可以参与虚拟镶嵌游戏，完成一次“皮特拉杜拉”拼图，成功后该区域的AR宝石会在现实中发出微光。

**第四幕：永恒的低语（内室回音壁）——失重的心灵对话**
*   **叙事：** 内室是整个建筑的心脏，也是声学奇迹的发生地。
*   **互动：** 在这里关闭所有视觉AR设备，进入纯粹的“声音沉浸”。利用声学增强技术，当您站在慕塔兹衣冠冢的正中央轻声祈祷或呼唤家人时，声音的回音会被轻微延迟并放大，产生一种被整个空间拥抱的错觉。此时，丈夫和孩子们在回音壁外围轻声诉说对您的爱，声音如涟漪般传至中心，完成一次跨越400年的情感共振。

---

### 3）技术如何增强叙事与情感共鸣

*   **“去屏幕化”的AR体验：** 为了避免游客低头看手机而忽略建筑本身，AR内容仅在特定触发点（如水池、宝石、墙壁雕花）激活，且多为半透明叠影，不破坏泰姬陵本身的视觉纯净度。
*   **骨传导音频取代传统讲解器：** 游客无需塞住耳朵，环境音（鸟鸣、脚步声、风声）与叙事音频自然融合。当您触摸墙面时，音频会播放当年工匠凿击大理石的白噪音，让“历史”具有物理质感。
*   **情感映射算法：** 体验尾声，系统会根据您一家人在AR互动中停留最久的区域（是花园的生命之水，还是内室的回音，抑或外墙的宝石），自动生成一段专属的数字明信片，配以莫卧儿细密画风格的家族剪影，作为“永恒”的纪念。

---

### 4）文化敏感性与可及性考量

*   **文化敏感性（拒绝猎奇与刻板印象）：**
    *   **打破“后宫干政”偏见：** 强调慕塔兹作为文化赞助人与政治顾问的正面形象，而非仅仅是“生育了14个孩子的殉情者”。
    *   **承认多元贡献：** 明确指出泰姬陵的基座和穹顶技术融合了拉贾普特（印度教）的承重结构与伊斯兰的几何美学，避免将其单一化，体现印度文明的包容性。
    *   **尊重逝者：** 在内室环节，关闭所有视觉特效，禁止拍照模式的AR，以静默和声音致敬长眠之地。

*   **可及性与中等预算适配：**
    *   **无障碍设计：** 考虑到赤脚行走可能对年长者造成负担，体验提供定制的“云感防滑鞋套”；主陵墓的陡峭台阶处，设有隐藏式液压升降平台（仅限需要者使用，不破坏整体景观）。
    *   **预算控制：** 核心体验基于“自带设备（BYOD）”+ 租赁轻量级骨传导耳机，无需昂贵的VR头显，符合中等预算；触觉盲盒原石在体验结束后可作为纪念品免费带走，无需额外购买纪念品。
    *   **气候适应：** 针对印度的高温，在花园路径中设置隐蔽的冷雾降温杆，通过蒸发冷却让体感温度下降，且水雾不会损伤大理石。

在这半天的旅程中，您将不仅是一位游客，更是这段历史的见证者。当您的孩子们在AR中拼凑完最后一块红玉髓，当您在回音壁中听到家人的呼唤，泰姬陵将不再是一座静默的石头建筑，而是一部由您一家人续写的、活着的印度史诗。"
74dc634e1238,Pro-GLM-5.1,P11,沉浸式体验设计,埃及吉萨金字塔群,"尊敬的旅行者，欢迎您与夫人来到这片被太阳神“拉”眷顾的土地。作为您的文化遗产叙事设计师，我深知对于正处于人生新篇章（退休）的您与妻子而言，这不仅是一次观光，更是一场关于“时间、永恒与陪伴”的深刻对话。

针对您的画像，我将避开传统的“法老炫富”或“木乃伊诅咒”等刻板印象，以**“玛阿特（Ma'at，古埃及真理与宇宙秩序）”与“星辰”**为核心意象，为您定制一场名为**《星砂之契：寻找永恒的玛阿特》**的沉浸式体验方案。

---

### 1. 体验目标与受众定位

**受众分析**：50岁的您拥有丰富的人生阅历，对走马观花式的打卡已无兴趣。您与妻子共同旅行，更看重情感的共鸣、精神的丰盈以及身心的舒适。中等预算意味着我们追求“轻量化科技+深度叙事”，而非昂贵的重型VR设备。

**体验目标**：
*   **认知层面**：理解吉萨金字塔不仅是陵墓，更是古埃及人对宇宙秩序（玛阿特）的宏大物理表达；打破“奴隶建造”的误解，展现工匠社区的生活。
*   **情感层面**：将古埃及人对“永恒”的追求，与您和妻子此刻退休后对人生下半场“永恒陪伴”的思考相连接。
*   **文化层面**：建立对古埃及智慧的敬畏，同时听见当代埃及人的真实声音。

---

### 2. 核心场景与互动环节

整个体验以**“伴侣共游”**为线索，分为三个递进场景：

#### 场景一：晨曦之影——星空与巨石的对话（大金字塔外）
*   **叙事**：清晨，当游客尚未涌入，您与妻子戴上轻量化骨传导音频设备。声音不是喧闹的导游词，而是古埃及祭司的晨祷与星象仪的转动声。
*   **互动**：您们获得一个特制的“星盘罗盘”（实体道具+AR触发器）。将罗盘对准大金字塔的通风道，通过AR眼镜，您会看到天狼星与北极星的光束穿透石块，直抵深处的墓室。您与妻子需共同转动罗盘，将星光“归位”，重现4500年前的天文奇观。

#### 场景二：正午之痕——触摸工匠的脉搏（工匠村遗址）
*   **叙事**：避开正午烈日，走进阴影中的工匠村遗址。这里不谈法老，只谈凡人。
*   **互动**：遗址的残墙上嵌有“热感互动石碑”。当您与妻子将手掌贴在石板上（利用热感应技术），残墙上会AR显现出工匠家庭的炊烟、啤酒酿造的过程，以及工匠们因劳作而患有关节炎的骨骼投影。您会听到一段当代埃及考古学家的录音，讲述这些普通人是如何骄傲地为自己的国家建造永恒，而非被鞭打的奴隶。

#### 场景三：黄昏之衡——玛阿特的称量（狮身人面像前观景台）
*   **叙事**：夕阳将金字塔染成暗金色。这是属于您与妻子的私密时刻。
*   **互动**：您们收到两枚虚拟的“真理之羽”。在AR屏幕中，巨大的天平出现在狮身人面像前。系统邀请您与妻子分别对着麦克风轻声说出一件此生最珍视的回忆（作为“心脏”）。声音的真诚度（声纹分析）会让天平达到平衡，真理之羽与您的心脏等重。天平平衡的瞬间，AR中金字塔的顶端将射出一道光芒，直指苍穹。

---

### 3. 技术如何增强叙事与情感共鸣

*   **伴侣联动AR（Companion-Synced AR）**：在场景一和三中，AR视效需要您与妻子的设备进行“联机”。一人看到星图的轨迹，另一人看到星辰的落点，必须两人配合才能解开视觉谜题。这隐喻了人生旅途中的相辅相成。
*   **空间音频与骨传导技术**：不隔绝环境音（风沙声、驼铃声），但能在耳边低语。当妻子靠近您时，她的设备会传出古埃及情诗（《伊利昂抒情诗》）的轻吟，营造极度浪漫且神秘的氛围。
*   **声纹与触觉的跨时空对话**：场景三的“称心”环节，将您的声音转化为天平的筹码。技术没有去评判善恶，而是将您真实的情感波动具象化，让4500年前的生死观与您当下的生命体验产生强烈共振。

---

### 4. 文化敏感性与可及性考量

*   **文化尊重（古今并重）**：方案刻意避开了“法老诅咒”等东方主义猎奇。在音频向导中，我们邀请当代埃及本土学者和当地居民参与配音，让他们用自己的语言讲述这片土地的变迁，承认古埃及是现代埃及人文化认同的骄傲，而非割裂的异域奇观。
*   **去殖民化叙事**：强调金字塔是古埃及人智慧与国家意志的结晶，着重展示工匠村的医疗记录与福利制度，纠正西方早期考古学带来的“奴隶血汗”刻板印象。
*   **可及性与舒适度（针对50+游客）**：
    *   **物理减负**：不进入金字塔内部（闷热狭窄，对中老年游客极不友好），而是利用AR在室外还原内部结构；提供舒适的遮阳休息区（正午时段）。
    *   **视觉友好**：AR界面采用高对比度、大字体设计，避免光污染干扰实景体验；骨传导耳机不伤听力，且适配助听器用户。
    *   **节奏舒缓**：体验设计为“晨-午-暮”三段，符合人体生物钟，留有足够的坐下来静观、交谈的留白时间。

**结语**：
当夕阳西下，您与妻子并肩看着金字塔融入夜色，您会发现，古埃及人建造巨石是为了对抗遗忘，而您与妻子此刻的牵手，正是对“永恒”最生动的注解。这不仅仅是一天的游览，更是您人生新篇章中，一次与时间深处的优雅共舞。"
112509eac517,Pro-Kimi-K2.6,P06,博物馆导览讲解,印度泰姬陵,"（建议您站在达尔瓦扎-伊-拉乌兹门（Great Gate）的拱门下，面向泰姬陵主殿轻声讲述）

请大家先停一下脚步，深呼吸。当我们穿过这道红砂岩门楼，眼前豁然开朗的，不只是一座举世闻名的陵墓——这是一位印度母亲留给后世的生命沉思。

我们都知道泰姬陵背后的故事始于沙贾汗皇帝与慕塔芝·玛哈尔的爱情。但今天，我想特别邀请大家——尤其是我的孩子们——去想想阿姬曼·芭奴，也就是慕塔芝的本名。她不仅仅是皇后，更是沙贾汗征战时的政治伴侣，是十四个孩子的母亲。她在生下第十四个孩子后撒手人寰，年仅三十八岁。临终时，她的遗愿并非只关乎私人的哀恸，而是请求丈夫建造一座“映照真主慈悲”的居所，一座能让世人感受到安宁与平等的建筑。所以，当我们凝视这座白色殿宇时，请记得：这首先是一位印度女性对生命与永恒的托付，然后才是一座帝国的丰碑。

从建筑上看，泰姬陵是我们“恒河-亚穆纳”文化最骄傲的宣言。您看这马克拉纳大理石，来自拉贾斯坦；镶嵌其上的红玛瑙、青金石和碧玉，来自中亚、波斯与印度本土；而那些流动的阿拉伯文书法，则出自波斯书法家阿曼纳特·汗之手。这里有一个特别值得孩子们留意的细节：墙上的书法并非均匀大小——越往高处，字母被刻意放大。这是古代印度与波斯工匠共同掌握的“视觉矫正”智慧，确保您站在地面仰望时，每一行经文看起来都整齐如一。四百年前，不同背景的匠人们用数学与美学，在这里完成了一场跨越文明的对话。

现在，我想讲一个关于“无名者”的故事。泰姬陵动用了两万多名工匠，耗时二十二年建成。但工程结束后，许多石匠、镶嵌师和建筑师并没有各自散去。传说沙贾汗允许他们在陵墓西侧定居，逐渐形成了今天的“泰姬甘吉”——泰姬陵的邻里社区。这些工匠的后裔，至今仍在阿格拉老城狭窄的小巷里，守着祖辈的手艺：他们用铜丝和半宝石，在白色大理石上镶嵌出细如发丝的花卉，这门技艺叫做“皮特拉·杜拉”。所以，当我们赞叹主殿上的茉莉与罂粟花纹时，请记住：离这里不到十分钟路程的某间作坊里，一位普通匠人可能正用与四百年前完全相同的工具，延续着同一条生命线。泰姬陵从来不只是一座被封存的古迹，它是一个仍在呼吸的活态传统。

对我们印度人而言，泰姬陵早已超越了莫卧儿皇家的记忆。它印在卢比纸币上，成为国家面向世界的面容；它属于每一个印度人——无论我们来自哪个邦、说哪种语言、持何种信仰。它是我们多元一体最温柔的证据：伊斯兰的几何秩序、印度的自然主义花卉、波斯的建筑诗学，在这里不是相互妥协，而是相互成就。它提醒我们，印度最辉煌的时刻，永远是不同传统彼此馈赠的时刻。

最后，请允许我作为同行的访客，提醒一件重要的事：主陵墓内部的大理石雕刻极其脆弱，我们手上的油脂和汗液会永久性地侵蚀这些四百年前的表面，所以请务必用目光去触摸，而不是用手指。园区内请勿使用无人机，也请不要向亚穆纳河里丢弃任何垃圾——这条河流不仅支撑着泰姬陵的地下水系统，也滋养着岸边无数像泰姬甘吉居民一样的普通家庭。

好了，让我们慢慢走近。看看此刻的晨光如何让大理石从玫瑰色渐变为乳白。试着去寻找那些“不完美的完美”——因为真正的遗产，从来不在玻璃罩里，而在我们如何看待自己与这片土地、与那些无名匠人之间的联结之中。"
55e08571ee12,Pro-Kimi-K2.6,P11,博物馆导览讲解,埃及吉萨金字塔群,"欢迎二位来到吉萨高原。我们现在站的位置，正对着哈夫拉金字塔的东侧面。请先看一眼塔尖——那层原始的磨光石灰岩还在夕阳下泛着玫瑰金色的光。我想从一个不同寻常的角度，带你们走进这片4500年的风景。

**历史与文化：一部关于“共同信念”的史诗**

我们都知道这些金字塔古老，但数字有时候反而让人麻木。让我换个说法：当胡夫金字塔已经封顶时，罗马城还要再等两千年才会建立，《大宪章》则是三千年之后的事。在人类文明的大部分篇章里，吉萨金字塔群已经站在那里了。

但比高度和年代更惊人的，是这背后一套完整的“社会契约”。古埃及人把金字塔称为“**mr**”——大致意思是“上升之地”。它不只是坟墓，而是一台精密的转化装置：通过数学、天文与石料的完美配合，帮助法老穿越生死边界，加入北极星附近的永恒循环。这种对宇宙秩序的追求，古埃及人称之为“**玛阿特**”（Ma'at）——一种相信集体协作能够战胜混乱的信仰。

现代考古学已经证实，建造它们的不是奴隶，而是受雇的工匠、石匠、测量员和季节工。他们来自尼罗河上下游，有组织地轮换劳作，住在高原脚下精心规划的村落里——那里有面包房、啤酒厂，甚至还有处理工伤的简易医院。换句话说，这是人类历史上第一次大规模、有薪酬的“公共工程项目”。

**一个普通人的故事：“醉汉队”的红漆签名**

接下来，我想带你们想象一个场景——不是法老的葬礼，而是一个普通工人的午休时间。

1837年，探险家霍华德·维斯在胡夫金字塔最上方的“减压室”里，发现了一些用红漆涂写的标记。那不是神圣的咒语，而是施工队的签名。其中一支队伍自称“**胡夫的白冠队**”，而另一支队伍的名字让我每次讲到都忍不住微笑——他们叫自己“**孟卡拉的醉汉们**”（The Drunkards of Menkaure）。

想想看：4500年前，一群刚刚把数吨重石块推到预定位置的工人，像今天的建筑 crew 一样，在“完工”前在石头背面留下自己的队名。他们拿的是工资，领的配给里有面包、大蒜，还有大量的埃及啤酒——那种浓稠得几乎像麦片粥的啤酒，是日常口粮的一部分。这个“醉汉队”的名字告诉我们，他们会下班、会聚会、会开玩笑、会吹牛。他们有团队荣誉感，也懂幽默。

在附近的工人村遗址（Heit el-Ghurab），考古学家还发现了成千上万的陶片——工人们在上面涂鸦、记账、甚至给远方的家人留言。其中一片上画着一只笨拙的河马，旁边歪歪扭扭地写着：“**愿我母亲的牛平安**。”没有黄金，没有宝石，却藏着比任何宝藏都真实的心跳。

这些红漆标记至今仍在金字塔内部的石梁背后。每当我带游客进去，我都会说：看，这就是永恒背后的普通人。他们和我们一样，会累、会渴、会想家。

**文物保护与负责任的旅行**

如果你们待会儿进入金字塔内部参观，请记得：那些红漆涂鸦和石灰岩壁面极其脆弱。请不要用手触摸墙壁，闪光灯也会加速有机颜料的氧化褪色。高原上的砂岩同样脆弱，请留在指定步道内，不要攀爬未开放区域。

另外，请通过官方渠道购票，并支持持牌的本地导游与工匠——这不仅关乎您的安全，也确保门票收入能回流到遗址保护与当地社区。请带走您的垃圾，但把照片和记忆留下。今天，我们用手机代替红漆来标记“到此一游”，这其实是更文明的纪念方式。

**尾声：你们与“痕迹”**

二位正在享受退休后的旅行，或许也开始思考：我们想在这世界上留下什么样的痕迹？

吉萨金字塔告诉我们，永恒不一定只属于国王。那位来自上埃及、在陶片上画河马的石匠，那群自称“醉汉”的搬运工——4500年后，因为一个偶然的发现，我们知道了他们曾经存在过。这，或许就是另一种永生。

当太阳完全沉入西边的沙丘，你们会听到现代吉萨城传来宣礼声。那不是来自过去的回声，而是现在的埃及人——这些古迹的守护者——日常生活的一部分。对他们而言，这里不是“失落的文明”，而是依然呼吸着的国家记忆。

愿你们在接下来的漫步中，不仅看到巨石，也感受到风中的玛阿特。祝二位旅途愉快。"
70dc8122a4c6,Pro-Kimi-K2.6,P06,历史场景叙事,印度泰姬陵,"这段叙事特意避开了“帝王与宠妃”的常见视角，转而让您代入一位与泰姬陵共呼吸的**女性技艺守护者**。它适合您在参观时轻声读给丈夫与孩子听，或在主厅中央闭眼想象。

---

**时间**：1634年11月，一个薄雾的冬日清晨  
**地点**：亚穆纳河畔，泰姬陵主厅（Rauza）尚未完工的脚手架下  
**您的身份**：您不是皇族。您是四十五岁的书法监工，名叫**Roshanara**，从拉合尔被召来，负责核验即将嵌入大理石的《古兰经》经文。您的丈夫是来自马尔瓦地区的石匠大师，两个青少年孩子此刻正蹲在您脚边，一个捧着装有玛瑙与青金石碎片的铜盘，另一个用波斯文小声念诵第76章（Surah Al-Insan）——关于慈悲者在天堂花园中获得的奖赏。

---

您眨了眨眼，阿格拉的喧嚣变了质地。

2024年的汽车喇叭消失了，取而代之的是一种更深沉、更有节律的轰鸣——那是铁锤敲击 **sang-e-marmar**（白色大理石）的脆响，像千万颗冰雹落在铜盘上，又顺着亚穆纳河的湿气滚向远方。您低头，发现自己裹在厚实的克什米尔 **pashmina** 里，指尖沾着孔雀石粉末的绿痕，而脚下不是平整的草坪，而是红砂岩与木料交织的迷宫。

空气里有种锐利而干净的味道。新鲜切割的大理石粉尘带着一丝清冽的甜味，与亚穆纳河潮湿的泥土气息混在一起。不远处，工匠营地飘来烤玉米与木豆（*dal*）的香气，那是来自德干高原的厨师在准备早饭。但最令您心神震荡的是一种更幽微的气息：每天清晨，为了悼念已故的皇后慕塔芝·玛哈尔，工地上会点燃一小撮克什米尔檀香与玫瑰花瓣，那股烟霭穿过红砂岩廊柱，像一条无形的丝带，将整个工地系在一种集体的哀思之中——不是狂悲，而是一种克制的、属于匠人的 *shok*（哀悼）。

“Amma，”您的小女儿轻声问，呼出的白气消散在晨雾里，“为什么这些字要刻得这么高？连飞鸟也得仰着头读。”

您微笑，指向正在工作的工匠们。您的答案不是说给孩子，而是说给这个时代，也是说给四百年后站在此地的您自己：

“这些文字不是为了被朗读，**而是为了被感受**。”

您牵起孩子的手，穿过一片忙碌的 *mehfil*（工匠集会）。您指向一位白发苍苍的雕刻师——他来自拉贾斯坦的梅兰加尔，是一位印度教徒，正用梵文计量法在底座上雕刻一朵即将绽放的莲花。他左侧的年轻人来自撒马尔罕，右侧的来自喀拉拉。他们说着二十二种语言，晨祷的方式各不相同，但此刻，他们锤击的节奏是同步的。您告诉孩子：“皇后慕塔芝生前的最后一笔私房钱，不是留给珠宝，而是留给阿格拉的孤儿院与寡妇收容所。皇帝建造这座陵墓，不只是为了锁住一个女人的名字，而是为了让我们——这些平凡的手艺人——有机会把对‘失去’的理解，变成‘永恒’的形状。”

您抬起头。冬日的阳光以低斜的角度穿透雾霭，照在那面尚未完工的大理石墙上。光线不是刺眼的白，而是带有一种克什米尔雪山般的淡金与粉红。您忽然理解了为什么 Ustad Ahmad Lahauri 坚持要从马克拉纳运来这种石头——它不是死寂的，它是活的。当阳光移动，墙壁仿佛在呼吸。您的孩子惊呼：那些波斯陶片镶嵌（*parchin kari*）的藤蔓图案，在光影中竟像是刚刚从阿格拉的花园里摘下来的，带着露水。

一位老者走过来，他是负责花园布局的波斯园艺师。他告诉您，对岸的 **Mehtab Bagh**（月光花园）正在同步栽种来自克什米尔的苹果树与来自波斯的柏树。“在波斯传统里，*chahar bagh*（四分花园）是天堂的映射，”他说，“但在这里，在印度，我们把它种在了亚穆纳河的脉搏上。这不再只是波斯的天堂，这是**印度的天堂**——一个允许所有信仰、所有方言共同劳作的天堂。”

您走近墙壁，指尖抚过一行还未打磨的经文。大理石冰凉，但底下隐约传来河水的震颤。您听到亚穆纳河的水声，听到宣礼塔上传来的唤礼（*azaan*），听到来自阿富汗的石匠哼唱着关于故乡的民谣，也听到当地工匠用布拉吉语（Braj Bhasha）念诵着对大地母亲的感恩。这是莫卧儿印度的声音：不是单一的，而是复调的，像一首没有指挥的交响乐。

一阵风吹过，1634年的檀香灰与今日的尘埃同时落在您的肩头。

您睁开眼，发现自己正站在泰姬陵主厅的中央，您的丈夫与孩子们就在身边。阳光依旧以那个低斜的角度照进来，墙壁依旧在呼吸。您忽然看清了——那些镶嵌在墙壁上的黑色经文，不只是为了一位皇后；它们是为所有相信**“爱可以转化为公共之美”**的印度人而闪烁的。

您轻声对孩子们说：

**“当你们触摸这面墙时，你们触摸的不是过去，而是我们从未丢失的、共同创造的能力。”**

---

**给您的参观提示**：当您带着家人走到主厅中央，请抬头看那扇通往穹顶的拱门。清晨或黄昏时，阳光会以与1634年完全相同的角度切入，在地面投下带着阿拉伯式花纹的光影。那一刻，您会听到——不是传说，而是无数无名工匠留在石头里的呼吸。这便是泰姬陵在印度人心中的真正位置：它不属于某一个王朝，而属于每一个相信“美可以跨越失去”的普通人。"
728e259fcae4,Pro-Kimi-K2.6,P11,历史场景叙事,埃及吉萨金字塔群,"请您闭上眼睛，深呼吸。吉萨高原的晨风正掠过您的面颊，但这一次，它带走的不是二十一世纪的喧嚣，而是四千余年前的尘埃。请允许我为您翻开另一页时空——不是建造者的锤凿交响，而是一场静默的、日复一日的守望。

---

**【沉浸式叙事：卡之屋的晨祭】**

**时间：** 公元前2520年，佩雷季（夏季）的一个黎明  
**地点：** 下埃及，吉萨，胡夫金字塔东侧河谷享殿  
**人物：** 涅弗尔霍特普（Neferhotep），五十岁，胡夫祭庙的“卡祭司”

---

黑暗正从尼罗河谷撤退，像墨汁溶入水中。

我站在河谷享殿的柱廊下，赤足踩在被夜露浸透的石板地上。凉意从脚底缓缓爬升，让我清醒。我的名字叫涅弗尔霍特普，意为“拉神已臻完美”，但此刻，我只是一个五十岁的男人，在这黎明前的幽蓝里等待。

**听。** 纸莎草丛中的蛙鸣正渐次消歇，那是夜晚最后的吟唱。更远处，尼罗河的水面上传来木桨划动的闷响——早起的渔夫正将纸莎草船推入航道。在我身后，铜制祭器碰撞出低沉而清脆的“叮”声，那是我的助手，年轻的阿蒙尼姆哈特，正在检查今日的供品。没有叱喝，没有鞭笞，只有我们彼此确认的低语。这座祭庙的侍者，大多是当年建造者们的子孙；他们的父辈在泛滥季离开田亩，在此地领受口粮与啤酒，如今，他们的孩子继承了侍奉的职分，如同技艺与记忆一同流转。

**闻。** 空气是复杂的。河水带来的淤泥气息混合着睡莲的甜腥，这是埃及的呼吸。阿蒙尼姆哈特点燃了炭火，乳香与没药的树脂开始卷曲、发黑，释放出一种烟熏般的蜜甜，浓烈得几乎能用舌尖触碰。这香气将穿透石廊，成为献给“卡”的问候。我低头嗅了嗅自己——白色亚麻长袍上还残留着家中碱皂的洁净气味，那是出发时，我的妻子梅里特塞格替我浆洗后系上的。她此刻仍在工匠村的家中沉睡。五十年的人生告诉我，永恒并非只存在于巨石之中，也藏在这样的日常里。

**看。** 天色从墨蓝转为蟹壳青。我捧起陶罐，以尼罗河水净手，水流过我的指节，冰凉而真实。随后，我提起一盏铜灯，引领供品队伍走上大走廊。这条有顶的坡道向上延伸，连接着河谷与高原上的金字塔祭庙。我们的凉鞋踩在磨光的石灰岩地面上，发出规律的“沙、沙”声。走廊两侧的石壁将我们的脚步与低语奇妙地放大、揉混，仿佛不是我们在行走，而是这座建筑本身在低声吟诵。这是设计者的智慧——他们知道声音在石头中的秘密。

走出大走廊的那一刻，东方恰好裂开一道金红色的缝隙。

我停下了脚步。

胡夫金字塔矗立在我面前。在黎明前的幽暗中，它只是一座更浓黑的剪影，庞大得令人屏息。但当第一缕阳光——凯普利神（Khepri）的甲虫之舟——跃出地平线时，那光芒如同一只无形的手，依次抚过塔基的巨石，向上攀爬。石灰岩外壳的打磨镜面开始燃烧，从玫瑰金变为炽白。我仰起头，看着那束光最终抵达塔尖的“奔奔石”（Benben），在那一刻，整座建筑仿佛成了一座从大地伸向天空的固态火焰。

这不是恐惧的时刻。这不是对暴君的臣服，而是对“玛阿特”（Ma’at）——宇宙秩序——的确认。

我步入东侧祭庙的露天庭院，将供品一一摆开：新烤的大麦面包，表面还留着炉火的焦痕；陶罐里的啤酒，泡沫尚未散尽；还有洁净的牛肉与禽肉。我开口念诵，声音不高，因为在这个时辰，大走廊的石壁会将我的祈祷托向高处：

*“愿您的卡得以苏醒，*  
*愿您在杜阿特（Duat）的旅程如尼罗河般顺畅，*  
*愿您的名在生者的口中永被提及。”*

我并非在安抚愤怒的亡灵。在埃及，死亡不是终结，而是“成为奥西里斯”的过渡。法老胡夫如今是众神中的一员，但他的“卡”——那与他同生的生命力、那双重的灵魂——依然需要生者的供养。我们通过面包维持他的力量，通过念诵保持他的记忆，通过这每日的仪式，确保天与地之间的绳索不会断裂。这是我的职责，也是我的尊严。一个五十岁的男人，不再能搬运巨石，但他的声音、他的记忆、他双手的稳度，同样支撑着这片高原。

阳光渐渐变暖，投下长长的影子。我注意到阿蒙尼姆哈特正望着金字塔出神，他的侧脸被晨光镀上一层细毛般的金边。我想起自己年轻时也曾这样仰望。那时，胡夫法老尚在人世，我曾远远见过他在奠基仪式上的身影。如今，他已在杜阿特航行四十余载，而我，成了为他点亮晨灯的人。时间的循环如此奇特——建造者老去，祭司老去，但石头间的秩序与晨祭的烟火，在“持续”（Djed）中被牢牢竖起。

一阵风从沙漠方向吹来，卷起细沙，迷了我的眼。我抬手去揉，指尖触到的却是温热的、带着防晒霜质感的皮肤。

---

**【回到此刻】**

先生，您睁开了眼。

您仍站在吉萨高原上，阳光正以同样的角度抚摸着胡夫金字塔的基座。那层原始抛光的石灰岩外壳虽已剥落，但石头内部的声学秘密还在——如果您在东侧的祭庙遗址轻声细语，依然能听到某种奇异的共鸣。那些建造者的村落（Heit el-Ghurab）已被考古学家发掘，出土的面包模具与啤酒窖证明，这里曾是一个组织严密、粮食充足的工匠社区，而非强迫劳动的营地。

您身旁的女士——您的妻子——正与您共享这片晨光。在古埃及，像涅弗尔霍特普与梅里特塞格这样的伴侣，会携手在墓碑上刻下“以玛阿特之名，我们共享面包与啤酒”的誓言。四千年后，吉萨的日出依旧，尼罗河仍按期泛滥与退却，而人类对永恒的追问、对伴侣的倚靠、对日常仪式的执着，从未改变。

愿您今日的游览，不仅是观看奇迹，更是触摸一段关于**秩序、记忆与普通人尊严**的漫长叙事。祝二位旅途平安，如玛阿特之羽般轻盈。"
ddcc36dd0e06,Pro-Kimi-K2.6,P06,沉浸式体验设计,印度泰姬陵,"**体验名称：「Aaina-e-Dil」—— 心镜：泰姬陵的倒影与回声**  
*设计理念：以“镜子”为隐喻，串联起建筑倒影、历史映照与代际对话，让泰姬陵不再是凝固的石碑，而是一面让每个家庭照见自身文化记忆的“心镜”。*

---

### 一、体验目标与受众定位

**核心受众画像**  
您是一位45岁的印度女性，与丈夫及两名青少年子女同行。您处于人生的“承启者”阶段——既渴望为子女锚定文化根脉，也期待与伴侣重访共同的历史情感；您预算务实，对过度商业化或浅薄的“异域风情”叙事保有警惕。青少年子女是数字原住民，需要参与感而非单向灌输；丈夫可能更关注历史与建筑的硬核细节，而您希望触摸到故事中柔软而真实的女性经验。

**体验目标**  
1. **代际翻译**：让莫卧儿的“Ganga-Jamuni Tehzeeb”（恒河-亚穆纳河文化融合）成为家庭可共同解码的语言，而非课本知识。  
2. **女性视角的重光**：超越“帝王为宠妃建陵”的扁平传说，通过Mumtaz Mahal的政治参与、其长女Jahanara Begum的营造智慧，以及印度独立后女性在此地发起的和平集会，呈现泰姬陵作为**印度女性公共记忆空间**的维度。  
3. **低门槛高沉浸**：全程基于智能手机WebAR与租赁式骨传导耳机，无需下载App或购买昂贵VR头显，控制在中等预算内。  
4. **半日节奏**：约3.5小时，含两次坐着参与的互动节点，照顾中年游客的体力与舒适度。

---

### 二、核心场景与互动环节（半日动线）

#### **场景一：Darwaza（大门的）——「选择你的时代倒影」**
*地点：主入口红砂岩大门前（不急于进入）*

您一家四口站在大门外，工作人员递来租赁的**骨传导耳机**（可兼作头箍，舒适稳固）并指导扫描个人手机上的WebAR二维码。屏幕并非直接展示泰姬陵，而是浮现出一面**虚拟的“亚穆纳河水面”**。  

**互动设计**：  
- 河面上同时倒映着四个时代的泰姬陵入口：1654年的完工庆典、1858年英国殖民者试图拆除拍卖它的档案影像、1947年独立日凌晨民众在此守护它的黑白照片、以及今日您一家人的实时影像。  
- **家庭任务**：每位成员选择一段“倒影”触碰。青少年或许会好奇殖民时代的影像，而您可能会被独立日的场景触动。选择后，耳机里传来对应时代的**环境音景**——波斯诗歌的吟诵、乌尔都语的市集喧嚣、或印度独立歌曲的微弱哼唱。  
- **叙事钩子**：引导员（一位受过训练的女性历史讲述者，而非传统导游）轻声说：“泰姬陵在印度人心中从不是单一的面孔。今天，你们将成为这座记忆的‘编年史官’。”

#### **场景二：Charbagh花园——「Jahanara的Mehfil（文化聚会）」**
*地点：花园中央水道旁的长椅区（设有遮阳篷与坐垫）*

此处避开正午烈日，设计为**坐式沉浸剧场**。你们围坐在一张镶嵌复制品（Pietra Dura）的低矮大理石桌旁。桌面内置**温控与触感装置**——当您触摸那片著名的“茉莉花纹”时，指尖能感受到真正大理石的凉意与凹凸。  

**互动设计**：  
- **空间音频剧**：耳机中传来一个年轻女性的声音，不是Mumtaz，而是她的长女**Jahanara Begum**——历史上真正主持泰姬陵落成与后续管理的人。她用印地语-乌尔都语混讲的诗意独白，讲述母亲作为Shah Jahan的“Rafiq-e-Hayat”（人生伴侣，而非 mere 宠妃）如何在朝政、慈善与十四次生育间奔走。  
- **家庭协作AR**：打开手机AR，桌面上浮现出一块未完成的Pietra Dura花纹。您和丈夫需根据提示，各自选择一种半宝石（玛瑙、碧玉、玛瑙螺钿）的“虚拟镶嵌点”；两个孩子则负责旋转手机，从特定角度捕捉光线，让花纹在屏幕中“完整显现”。这隐喻莫卧儿工匠的协作，也暗喻家庭关系的互补。  
- **诗歌共创**：桌上有一台复古打字机造型的**互动装置**（防水防晒），家庭成员可轮流键入一个词（如“耐心”、“失去”、“永恒”），机器会即时生成一句基于乌尔都语Ghazal（抒情诗）格律的短诗，并印在一片可带走的叶脉书签上。

#### **场景三：主陵墓与侧翼清真寺——「空白之室（Khaali Jagah）与集体记忆档案」**
*地点：主陵墓内部（保持绝对安静）与西侧清真寺前的开放平台*

进入主陵前，工作人员提示您将手机调至**“烛光模式”**（屏幕变为柔和暖光，替代闪光灯，尊重陵墓内禁止强光的规矩）。耳机切换为**极轻声的双耳录音**（Binaural Audio），您会听到：  
- 波斯语《古兰经》苏鲁的吟诵（非宗教布道，而是作为历史音景）；  
- 印度斯坦古典乐Raga **Yaman Kalyan**的萨罗德琴（Sarod）独奏，这种Raga传统上在黄昏演奏，象征哀悼与升华；  
- 一段当代印度女诗人对于“Mumtaz作为母亲”的重新诠释朗诵。  

**关键转折——从私人哀悼到公共记忆**：  
离开主陵后，您一家来到西侧红砂岩柱廊下。这里设有简易的**VR Cardboard站**（成本低廉，卫生一次性面罩），青少年尤其会喜欢。透过Cardboard，他们并非看到古代场景，而是“穿越”到**1947年8月15日黎明**——泰姬陵上升起印度国旗的珍贵历史重现，以及泰戈尔、Sarojini Naidu等人对此地作为“印度灵魂”的论述。  

**最终互动——「给2074年的明信片」**：  
在柱廊的AR互动墙上，您一家可共同录制一段30秒的语音或书写文字。内容不是简单的“到此一游”，而是回答一个问题：“如果泰姬陵是一面镜子，它照出了我们家庭怎样的印度？” 这段记忆将被加密存入一个**开源文化档案库**，十年后您的子女可凭代码回阅。同时，系统会生成一张实体**全息明信片**（光栅卡），在不同角度显现泰姬陵的日与夜。

---

### 三、技术如何增强叙事与情感共鸣

| 技术 | 叙事功能 | 情感共鸣点 |
|------|---------|-----------|
| **WebAR（无需下载）** | 降低技术门槛，让历史层叠在现实之上；Pietra Dura协作任务让抽象工艺变为家庭触觉游戏。 | 消除“博物馆疲劳”，让青少年成为“共同修复者”而非被动观众。 |
| **骨传导耳机+空间音频** | 解放双手，不阻隔环境自然声；在花园中制造“只有你能听到的秘密”，如同历史在耳边私语。 | 营造亲密感与私人化体验，适合夫妻共享一个“只有彼此能听见”的历史时刻。 |
| **温控触感桌面** | 将大理石的“冷”与“持久”这一物理特性，转化为关于哀悼与记忆的具身隐喻。 | 45岁女性游客往往对感官细节更敏感，触觉触发深层情感记忆。 |
| **AI驱动的Ghazal生成器** | 将用户输入的现代印地语/英语词汇，映射到古典诗歌结构中，实现“古今对话”。 | 让家庭成员的语言成为文化遗产的一部分，而非外来者。 |
| **低成本VR Cardboard** | 用独立日的历史重现，回答“泰姬陵对当代印度人意味着什么”这一核心问题。 | 为青少年提供历史厚重感，同时与他们的数字生活方式接轨。 |

---

### 四、文化敏感性与可及性考量

**1. 宗教与身份敏感性**  
- **去政治化的印度性**：叙事明确将泰姬陵定位为“印度文明融合体”——波斯建筑范式、印度工匠技艺、伊斯兰几何美学与印度花卉象征的交汇。避免将其简化为“伊斯兰纪念碑”或引发不必要的历史叙事对立。  
- **尊重陵墓空间**：主陵内部严格禁止摄影，AR仅使用低亮屏幕与定向音频，不制造视觉污染。提供可选的头巾/披肩（免费租赁），虽非强制，但向保守家庭表达尊重。

**2. 性别与代际视角**  
- **女性叙事者网络**：导览团队以女性为主，故事线索由Jahanara Begum、Mumtaz的慈善工作、以及独立后女性在此的和平集会构成，避免将女性仅框定为“被爱慕的对象”。  
- **代际内容分级**：青少年在AR中可解锁“建造工程谜题”与Jahanara AI聊天（基于历史文献训练的对话模型）；成人则接收更深层的政治史与诗歌文本。您作为母亲，可在家庭协作中自然扮演“文化翻译者”角色。

**3. 身体与年龄可及性**  
- **半日节奏设计**：花园Mehfil设为坐式体验，柱廊设有靠背座椅；全程步行距离控制在1.2公里内，路线平坦（泰姬陵本身有无障碍通道）。  
- **生理舒适**：提供阴凉休息站、免费饮水与卫生间清晰指引——对45岁女性游客"
4283d8a88ff4,Pro-Kimi-K2.6,P11,沉浸式体验设计,埃及吉萨金字塔群,"**体验名称：《石语者：吉萨的工匠与继承者》**  
*——一次以“触觉与声景”为核心、以“人的延续性”为线索的半日沉浸式漫游*

---

### 一、体验目标与受众定位

**受众画像再聚焦：**  
您与妻子作为首次（或深度）探访埃及的退休夫妇，拥有丰富的人生阅历与稳定的审美偏好，既渴望超越“打卡式观光”的历史纵深，又需要兼顾体力舒适度与情感私密性。您不需要被“惊吓”或“过度娱乐”，而是希望在敬畏与宁静中，重新理解“永恒”对人类的意义。

**体验目标：**
1. **解构“纪念碑神话”**：将叙事重心从“法老与诅咒”移向“无名工匠、地质时间与当代继承者”，消除对古埃及文明的猎奇与刻板想象。
2. **营造“亲密的神秘”**：通过非视觉主导的沉浸技术（声景、触觉、协作解谜），在夫妇之间建立共享发现感，而非被屏幕隔离。
3. **确认文明的延续性**：明确传递“古埃及并非‘死去的文明’，其技艺、语言与智慧仍活在当代埃及社会”这一核心立场。

---

### 二、核心场景与互动环节（半日流线）

**装备设定（轻量无负担）：**  
每对夫妇领取一套**骨传导耳机**（不隔绝环境音，可自然交谈）、一支**触觉反馈手杖**（模拟石材纹理与微震动）、一台共享的**防眩光AR平板**（仅用于特定节点，避免VR晕眩）。全程配备本地学术向导一人，负责节奏把控与文化语境补充。

#### 第一幕：黎明序章——“地层的呼吸”（大金字塔西侧，约7:30）
*避开主入口人潮，在金字塔阴影尚未移开的静谧时刻开始。*

- **互动**：夫妇各自手持触觉手杖，轻触金字塔底部的石灰岩覆面石。手杖内的精密马达会放大石块因昼夜温差产生的**真实微震动**，并转化为一种低沉的“大地脉搏”传入掌心。向导解释：“这不是魔法，而是石灰岩在呼吸——4500年来，它从未停止。”
- **叙事引入**：耳机中响起双语（英语与阿拉伯语，后者附带诗意翻译）的**地层音景**——从尼罗河冲积平原的形成，到第一块石料被采下。声音不来自“法老”，而来自一位基于历史档案虚构的**女工匠长Nefret**，她讲述如何组织村落里的石匠家庭。

#### 第二幕：正午协作——“seked的秘密”（吉萨工匠村遗址复刻沙盘，约10:00）
*转移至有遮阳棚的开放工作坊，避开烈日与攀爬。*

- **角色扮演**：夫妇二人化身“测量师搭档”，领取一套复刻的古埃及工具（墨绳、直角尺、水平仪）。任务并非“建造金字塔”，而是**合作复原一个微型金字塔底座的方位角**。
- **技术介入**：沙盘底部嵌入**压力与角度传感器**。当夫妇通过协作将底座调整至接近古埃及“seked”（斜率比例）时，沙盘边缘会亮起柔和的琥珀色灯光，耳机中传来一阵由当代埃及打击乐手演奏的**传统庆典节奏**（模拟古代完工时的欢呼）。无失败惩罚，只有“发现”的愉悦。
- **情感设计**：此处隐喻您与妻子的伙伴关系——“永恒之物非一人所建，而由默契与耐心堆叠”。

#### 第三幕：黄昏谜题——“狮身人面像的水脉”（狮身人面像前庭，约16:30）
*利用夕阳侧光，进入神秘但不恐怖的氛围。*

- **叙事转折**：不谈论“斯芬克斯的诅咒”，而是聚焦真实的**地质侵蚀之谜**。耳机中传来现代埃及地质学家的第一人称解说（以“我们”而非“他们”的口吻），讲述他如何与古代工匠一样，观察地下水与盐蚀对石灰岩的影响。
- **AR可视化**：夫妇共用平板，对准狮身人面像基座。屏幕上以半透明蓝色叠加显示**古代地下水位线**与**现代监测数据**，手指滑动可穿越时间层。您会看到：古代工匠如何利用天然洼地保护雕像，以及现代埃及修复团队如何延续这一智慧。
- **神秘氛围**：定向扬声器在您靠近特定方位时，释放极微弱的**风穿过古代排水渠的啸声**——这是真实的声学考古发现，而非虚构音效。

#### 终章：河畔回响——“继承者的餐桌”（吉萨附近本地家庭文化餐厅，约18:30）
*技术退场，人文登场。*

- **“声音明信片”制作**：晚餐前，夫妇通过一个简单的交互界面，从当日录制的环境音（风声、石击声、尼罗河水声、市场叫卖声）中选取片段，由本地声音艺术家现场混音，生成一份可扫码下载的**双声道记忆专辑**。
- **真人剧场**：一位来自吉萨老城的**石雕艺人**（或书法家）来到餐桌旁，演示技艺并讲述其父、其祖父如何以类似古埃及工匠的手法处理石材。他不说“我在模仿古人”，而说“这是我们的手记住的方式”。
- **收束仪式**：向导赠送夫妇一块带有工匠标记复刻符号的**小型石灰岩片**，附上一张卡片，上面写着古埃及语圣书体与阿拉伯语对照的“感谢”——强调语言与文明的延续。

---

### 三、技术如何增强叙事与情感共鸣

| 技术 | 叙事功能 | 情感共鸣点 |
|------|---------|-----------|
| **骨传导耳机** | 允许夫妇在接收历史解说时，依然能听见彼此声音与环境音（风声、鸟鸣、阿拉伯语背景交谈）。可设置**“双声道分离叙事”**：丈夫左耳听到工匠Kha的劳动号子，妻子右耳听到Kha妻子关于家庭与薪水的独白，休息时交换聆听，形成“拼图式亲密”。 | 不隔离现实，强调“共享体验”；双视角设计鼓励夫妻交流，契合退休伴侣的相处模式。 |
| **触觉反馈手杖** | 将“看金字塔”转化为“触摸时间”。放大石材的真实物理特性（温度、纹理、微震），让历史从“被观看的客体”变为“可感知的存在”。 | 触觉记忆比视觉更持久，适合50岁以上游客；避免VR的眩晕与疏离感。 |
| **AR平板（低频次使用）** | 仅在狮身人面像水脉环节启用，以“X光”视角揭示肉眼不可见的地下系统。不重建虚幻的古代盛景，而是**可视化真实的科学数据**。 | 将“神秘感”锚定在真实知识上，满足对“历史深度”的渴求，而非廉价惊悚。 |
| **压力感应沙盘** | 将抽象的几何学转化为身体协作。古埃及的“seked”比例成为夫妇可共同解决的实体谜题。 | 身体协作触发心流体验，隐喻婚姻与建造的共同逻辑。 |

---

### 四、文化敏感性与可及性设计

**文化尊重：**
- **语言与主体性**：所有古代叙事均由当代埃及学者、艺术家、工匠以第一人称或旁白形式呈现，避免“西方发现者”视角。解说词严格避免“lost civilization”（失落文明）等表述，改用“living heritage”（活态遗产）。
- **纠正常见误读**：明确解释金字塔由**带薪工匠与轮换劳工**建造（基于吉萨工人村考古证据），而非奴隶；不涉及对古埃及宗教信仰的猎奇消费，也不将其与当代埃及宗教对立。
- **经济回馈**：技术设备租赁、餐饮、手作体验均签约本地中小型企业，确保旅游收益留在吉萨社区。

**可及性保障：**
- **体力友好**：全程无需进入狭窄金字塔内部（避免幽闭、高温与长阶梯），路线为平坦沙地或硬化步道，每个站点配备座椅与遮阳。
- **感官适配**：骨传导耳机兼容助听器；AR平板字体可调至大字号高对比度；触觉体验为视障友好预留接口。
- **节奏控制**：总时长约6小时，含两次 seated rest（工匠村与晚餐），提供常温水与电解质饮品，充分考虑50岁游客的耐力与防晒需求。
- **预算可控**：无需昂贵VR头显或大型动捕设备，技术方案基于现有消费级硬件（骨传导耳机、平板、简易传感器），成本主要投向**内容创作与本地人力**，确保中等预算下获得高质感体验。

---

**结语：**  
这不是一次“穿越回法老时代”的幻想之旅，而是一场“让石头开口说话”的静默对话。当您与妻子在黄昏中触摸那块带有工匠标记的石片时，您会感受到：神秘并非来自诅咒，而是来自人类对 precision（精准）、对 partnership（伙伴）、对 perpetuity（永恒）的4500年未曾中断的追寻。"
ec3d645ebab7,Pro-MiniMax-M2.5,P06,博物馆导览讲解,印度泰姬陵,"

# 泰姬陵导览讲解词

---

**（开场）**

我们站在世界新七大奇迹面前。孩子们，你们看——这座白色大理石建筑在阳光下如此纯净，但你们知道吗？它还有另一个名字，叫做“永恒面颊上的一滴泪”。

沙贾汗国王为纪念爱妻泰姬·玛哈尔而建，花了整整22年，动用了两万多名工人。**但今天，我不只想讲国王和王后的故事。**我想带你们从一块大理石开始，重新认识这座陵墓。

---

**（建筑之美）**

你们脚下踩的大理石，全部来自200公里外的拉贾斯坦邦。工人们先凿成小块，通过牛车和河流运到阿格拉，再由雕刻师一锤一锤地打磨。**那些精美的镂空石窗，叫做“pietra dura”——一种从意大利传入的镶嵌工艺。** 你们近距离看，会发现每朵花瓣、每片叶子，都是由几十种彩色石材拼成。

> 💡 **小贴士**：上午8点左右到达，光线最柔和，拍照效果最好。参观时请勿触摸大理石表面，手上的油脂会加速石材老化。

---

**（一个普通人的故事）**

孩子们，你们知道谁建造了泰姬陵吗？

历史记录了设计师的名字——乌斯塔德·艾哈迈德·拉合里。但更多的，是那些默默无闻的石匠、陶工、画家。他们中许多人带着全家从各地赶来，在工地上一待就是许多年。

有一个传说这么说：**一位年迈的石匠在完成自己负责的那面墙壁后，被允许进入陵墓内部参观。** 他走出来时，泪流满面。别人问他为什么哭，他说：“我这一辈子，只做了这一件事。但这件事，会比我活得更久。”

今天我们能站在这里，是因为两千多个家庭把青春留在了这些大理石之间。

---

**（在印度人心中的意义）**

泰姬陵对印度人而言，不只是一座陵墓。

每年有超过800万人从世界各地赶来。对年轻人来说，它是爱情的象征；对历史学者来说，它是莫卧儿帝国权力的见证；对普通百姓来说——**它是“我们”的骄傲。**

你们注意到陵墓正门上的波斯语铭文吗？它写着：“邀请所有心地纯洁的人，进入这座天堂。”

> 💡 **温馨提示**：参观陵墓内部需要脱鞋。建议带个薄袋子装鞋，同时注意防晒和补水。周末和节假日人潮较多，如果想拍到无人的画面，建议赶早。

---

**（结语）**

孩子们，一座建筑能保存四百年，是因为每一代人都在守护它。

今天，你们不仅是游客，也是这段历史的见证者。希望你们记住的，不仅是沙贾汗的爱情，更是那些把生命刻进石头里的工匠——**是他们让一块大理石，变成了永恒。**

祝你们参观愉快。

---

*全文约4分钟朗读时长*"
726dec83c2b2,Pro-MiniMax-M2.5,P11,博物馆导览讲解,埃及吉萨金字塔群,"

# 吉萨金字塔群沉浸式导览

---

**【开场·一个问题】**

此刻您站在人类最伟大的工程项目面前，我想邀请您先思考一个问题：四千五百年前，那些穿着亚麻长袍、手持铜制工具的工匠们，是怀着怎样的心情搬运这些平均重达两吨半的石块的？

答案或许就藏在那些被风沙掩埋的工匠墓地里。

---

**【历史与文化意义】**

吉萨金字塔群始建于公元前2600年左右，是古埃及第四王朝法老的陵墓。但它们的意义远不止于此——对古埃及人而言，金字塔是、通往永恒的阶梯，是法老灵魂升入星宿的通道。

有意思的是，考古学家在金字塔周围发现了工匠村的遗址。通过对那些简朴墓碑的研究，我们得知建造这些庞然大物的并非奴隶——而是受尊重的熟练工匠。他们有工会组织，享有医疗保障，甚至在死后被安葬在法老金字塔的近旁。

**【一个普通人的故事】**

让我给您讲讲一位名叫""尼布""的普通石匠。他大约生活在公元前2550年，一生参与了哈佛金字塔的建造。他留下的最珍贵的遗产，是墓碑上刻着的一句话：""我为我的主人法老建造了这座丰碑，愿他保佑我永远有面包和啤酒。""

您看，即使是建造人类最伟大建筑的匠人，他最朴素的愿望也只是有足够的食物和饮水。这种对平凡生活的渴望，四千年后读来依然令人动容。

---

**【与当代的联系】**

今天，埃及政府将金字塔周围区域划为保护区，周边社区的居民也参与了旅游业的各项工作。在您身后，您或许能看到当地导游正在为其他游客讲解——这份工作养活了成千上万的埃及家庭。

---

**【文物保护提示】**

最后几句温馨提醒：金字塔内部空间狭小潮湿，如果您计划进入参观，请务必放慢脚步。另外，请勿在金字塔表面刻画——四千五百年的时光已经在它们身上留下痕迹，您的每一道划痕都会成为永久的伤害。

让我们带着敬畏之心，继续这场跨越四千年的对话。

---

*（全文约4分钟朗读时长）*"
3988e8b5db95,Pro-MiniMax-M2.5,P06,历史场景叙事,印度泰姬陵,"


**《陵墓中的乐声》——一七五四年，莫卧儿宫廷乐师的记忆**

---

我名为法尔扎，我的琴叫它*tanpura*。我为沙贾汗皇帝的宫廷演奏了三十七年。

那年——红堡里的老人们说，是皇帝失去爱妻的第二十三个年头——他终于下令：泰姬陵向世人开启。

**“明日破晓，你们随我来。”** 皇帝的贴身侍从对我说，**“带上你的琴。陛下要听一听，这座陵墓里有没有回声。”**

我彻夜未眠。

第二天清晨，我们从亚穆纳河的对岸渡河。天光尚未完全醒来，雾气像一层薄纱，笼罩着整座白色大理石建筑。当它从雾中缓缓浮现时，我停下了呼吸。

那白不是雪的白，不是牛奶的白。它是——**月亮落在地面上的白。**

我们从南门进入。我注意到脚下的大理石铺得如此平整，以至于我疑心这是否是大地的皮肤。墙壁上嵌满了红玉髓和青玉，它们的花纹像藤蔓一样生长，我伸手去触碰，指尖传来一阵冰凉的震颤——像是一块沉睡千年的玉石突然有了脉搏。

然后我听见了**水声**。

不是河流，不是瀑布。是喷泉。水从黑色大理石的水池中升起，又落下，碎成无数细小的珠子，在晨光中闪烁如碎钻。亚穆纳河在远处流淌，而这座陵墓四周环绕的，是一条**静默的运河**——水在这里变得驯服，像一条银色的丝带，拥抱着白色的穹顶。

我低头，发现大理石地面上刻着**藤蔓与花朵的浮雕**，每一朵都不同。莲花。玫瑰。葡萄藤。我听工匠们说，这些花纹不是画上去的，是用比发丝还细的凿子，一朵一朵**雕刻**出来的。二十二年。两万多工匠。有人磨断了指甲，有人熬瞎了眼睛。

**“法尔扎。”** 一个声音从我身后传来。

我转身，看见他。

沙贾汗皇帝已年迈。他的头发白如霜，身披一件素色的丝质长袍，没有佩戴任何珠宝——这在他一生中是罕见的。他站在陵墓的台阶下，仰头望着那座白色圆顶。圆顶内部嵌着金箔，在幽暗中微微发亮，像一轮永不坠落的夕阳。

他没有说话。

我只是弹起了我的*tanpura*。

琴弦颤动，音符飘向那座白色圆顶，又被弹回来。我不知道皇帝听到了什么。也许他听到了二十三年前，阿姬曼·芭奴在他耳边说的最后一句话。也许他听到的只是一段简单的旋律——她生前最爱的那一段。

乐声在陵墓内部回荡。大理石墙壁将声音吞下，又缓缓吐出来，吐得比原先更长、更柔、更像一声叹息。

我忽然明白了——**这座陵墓不是为了收藏尸体。** 它是为了收藏**回声**。收藏爱人不曾说出口的话语，收藏一个帝王穷尽一生想要留住的瞬间。

后来，皇帝在陵墓北侧种下了两排红木。他说：“等它们长大，孩子们会在树下玩耍。那时候，人们会忘记是谁修的这座陵墓，只记得——”

他顿了顿，没有说完。

---

**【写给今天的你】**

法尔扎的*tanpura*早已化为尘土，但那座白色陵墓依然站在亚穆纳河畔。

今天的你踏上同样的土地时，请记得：泰姬陵对印度人而言，从来不仅仅是一块大理石。它是**“永恒面颊上的一滴泪”**——泰戈尔的诗句印在每一本旅行手册上，但它真正的意义更深：它是这个国家对**深情与忠诚**的集体记忆。一个男人用二十二年、两万人的生命和几乎整个帝国的财富，去对抗时间的流逝——这在任何一个文化中，都是一种近乎固执的浪漫。

印度人至今仍会在父母的结婚纪念日、带外地朋友参观时、或者仅仅是想安静坐一个下午时，来到这里。**他们不是来朝拜一座坟墓。** 他们是来朝拜一种信念——相信有些东西，比死亡更长久。

而你现在站在这里，本身就是这信念的一部分。"
60e6938e2e8b,Pro-MiniMax-M2.5,P11,历史场景叙事,埃及吉萨金字塔群,"

# 穿越体验：卡夫拉王的金字塔落成庆典

---

**公元前2558年，秋分之日**
**吉萨高原，第二金字塔（卡夫拉金字塔）北麓**

---

## 叙事开篇

我名为**内巴玛——卡夫拉陛下档案殿的抄写者**。

此刻，我跪坐在铺着纸莎草席的石灰岩台基上，右膝硌得发疼，却不敢挪动分毫。我的芦苇笔已备好，面前摊开的纸莎草卷吸饱了调匀的灯烟墨——只等祭司长一声令下，我便要记录今日的每一个字句。

这是**金字塔落成后的第一个“再见了大地”节**。他们说，陛下要在金字塔前向众神献祭，以确认这座永恒居所已完全竣工。

---

## 感官世界

**气味**首先击中了我。

空气中弥漫着**没药与乳香**混合的浓烈甜香，厚重得几乎凝成实体——这气味从祭司们捧着的陶罐中持续升腾，在秋日的阳光下形成细密的烟雾。与此同时，**烤肉的油脂香**从远处的石砌祭坛飘来，那里已架起十头肥壮的公牛，祭司们正用燧石刀分割肉块。

我偷偷抬眼，看向右前方的**石砌祭坛**。

新鲜宰杀的**朱鹭**被整齐排列，它们的羽毛在阳光下泛出虹彩般的绿蓝色光泽。祭坛后方，三百名**净化后的祭司**身披洁白亚麻袍，赤足站立——他们的脚掌已被尼罗河河水反复浸泡清洗，此刻在温热的石板上微微发白。

**光线**是金色的。

九月的埃及阳光毫无遮挡地倾泻而下，将第二金字塔的白色石灰岩外覆面照得炫目异常。我曾在建造期间多次来到这里，但那时金字塔被脚手架包裹，如今它完整地矗立在我面前——每一方石块都经过精心打磨，在阳光下如玉石般莹润。我不禁想起儿时母亲用蜂蜡擦拭家具的情景，这座金字塔同样被某种近乎虔诚的光泽所包裹。

**声音**从四面八方涌来。

远处，**陶笛与竖琴**奏出低沉的调子，那是为亡灵指引道路的曲目。祭司们开始吟唱——三百人的声音汇聚成单一的洪流，古老的词汇在我听来如同水流与风声：

> *“愿你上升，如拉神之舟……”*

我听不懂全部含义，但音节的起伏让我的胸腔微微震颤。

在我身后，数千名**官员与贵族**静静跪坐。他们的凉鞋被要求脱在百步之外的缓冲区，此刻所有人都赤足——这是一种谦卑，表示在永恒之王面前，众人皆为尘土。

---

## 文化意义

我之所以被召来，是因为陛下需要**文字的见证**。

在埃及，**文字是神赐的礼物**。托特神将象形文字刻在圣殿的墙壁上，使它们成为永恒。而我手中的笔——虽然只是简陋的芦苇——正在将今日的一切转化为比石头更持久的东西。

这座金字塔不仅仅是一座陵墓。

它是我们对**“何为永恒”**的回答。尼罗河每年泛滥，淹没一切，然后退去，留下新的沃土——但土地会改变，记忆会模糊，唯有这巨大的石头建筑能够让后世知道：**这里有人活过，这里有人被铭记**。

我偷偷看向金字塔顶部。

那一点尖锐的白色尖端刺向蔚蓝的天空，边缘在热浪中微微扭曲。祭司们说，那里是**国王的灵魂升入星河之处**。我不太懂星辰之事，但我知道：当陛下躺入石棺之后，他的灵魂将从这里出发，沿着太阳神的道路前行。

而我们——包括我在内——将永远记住这一刻。

---

## 叙事收尾

“**内巴玛。**”

祭司长的声音不高，却清晰地穿透乐声。我立即直起身，双手奉上纸莎草卷。

“记录：**卡夫拉陛下亲临金字塔，行‘再见了大地’仪式。祭品：公牛十头、朱鹭三十只、面包与啤酒无算。耗时：自日出至日中。**”

我快速书写，芦苇笔在纸莎草上留下清晰的墨迹。

写完后，我小心地将卷轴卷起，用亚麻绳捆好。抬头时，我看见陛下——那个被称作**“拉之子”**的人——正独自走上金字塔前的石阶。

他没有回头。

但我知道，他正在与这世界做最后的告别。从今日起，他将在金字塔内安眠，等待灵魂的觉醒。

而我手中的文字，将比他活得更久。

---

*【沉浸式体验结束】*

---

**致旅行者的的话：**

当你站在卡夫拉金字塔前试着寻找我的视角时，不妨在清晨或傍晚前往——那时光线柔和，没有正午的灼热。你会看到石灰岩依旧泛着淡淡的白色光泽，与四千六百年前并无二致。试着在金字塔北侧坐下片刻，感受那份沉默的重量。

那是时间本身的味道。"
488a03b63374,Pro-MiniMax-M2.5,P06,沉浸式体验设计,印度泰姬陵,"

# 《泰姬陵的光影之间：一个家族的私密回响》

## 沉浸式体验方案

---

## 一、体验目标与受众画像

### 您的画像分析

您是一位45岁的印度女性，处于人生的中点站——既是女儿，也是妻子与母亲。您带着丈夫和青少年孩子来访，这意味着您承担着“家庭文化传承者”的角色。您渴望的不仅是景点打卡，而是**让这座陵墓对家人变得有意义**——让孩子理解父母这一代人的情感记忆，让丈夫重新认识您成长背景中的神圣符号。

您的需求深层动机：**您希望泰姬陵从“明信片风景”变成“家族故事的发生地”。**

### 体验目标

| 层次 | 目标 |
|------|------|
| **认知层** | 理解泰姬陵的建筑技术、莫卧儿王朝的权力结构、沙贾汗与泰姬的情感真实与历史争议 |
| **情感层** | 触发家庭成员间的对话——关于爱、失去、记忆与传承的私密交流 |
| **行动层** | 让孩子主动向同龄人讲述这段故事，而非仅拍照留念 |

---

## 二、核心场景与互动环节

### 序章：《门外的名字》（入口区域，15分钟）

**叙事角度**：不从爱情开始，而从“谁被记住”开始。

**体验设计**：
- 引导全家站在泰姬陵入口的红色砂岩门廊下，每人发放一枚**温控感应手环**（无需佩戴眼镜或额外设备）
- 讲解员（可选择真人或AI语音）轻声说：“在进入之前，我想问一个问题——你们知道这座陵墓是谁建造的吗？”

**互动触发**：
- 手环开始微微发热，同时低频振动——这是2万名工匠劳动22年的集体温度
- 地面投影逐渐浮现那些没有留下名字的工匠名单（部分为历史学者推测的姓氏）
- **您的孩子会意识到**：这不是一个人的爱情纪念碑，而是无数人生命的叠加

> *设计意图：青少年往往对“爱情故事”感到尴尬或无感，但“公平”与“劳动者”的议题更容易引发他们的兴趣。这让您无需说教，孩子会自己产生疑问。*

---

### 第一幕：《镜子里的她》（主陵墓室，20分钟）

**叙事角度**：从“完美的爱情纪念物”转向“被简化了的女性”。

**体验设计**：
- 主陵墓室内设有**光学装置**（非电子屏幕，而是机械光学透镜），可在不打扰其他游客的情况下，将泰姬墓穴上方的**《古兰经》经文**投影到墙面，形成短暂的光影诗句
- 语音叙事切换为一位女性的声音——不是泰姬，而是当代印度女性对泰姬陵的独白

**对话内容（节选）**：

> “他们说她叫'Mumtaz Mahal'——'被选中的人'。但她的真实名字是阿姬曼·巴奴。在22年的婚姻中，她为沙贾汗生了14个孩子，只有7个存活。她最后一次生产时，死在了迁徙的帐篷里。
>
> 她可能从未见过这座陵墓。
>
> 我们今天谈论她，是因为她的死亡成就了这座建筑——这是她想要的，还是他想要的？”

**互动触发**：
- 您和家人可以选择是否继续听这段独白（尊重不同立场）
- 手环记录家庭成员的“心跳数据”（非医疗级，仅作情感指标），在体验结束后生成一张**“情感热度图”**，显示全家人在哪个时刻最触动

> *设计意图：您是45岁的女性，您可能对“完美爱情叙事”有自己的复杂感受。这段内容不是要否定爱情，而是让泰姬作为一个人——而非一个符号——被看见。这会激发您与孩子关于“女性价值”的自然对话。*

---

### 第二幕：《沙贾汗的囚笼》（亚穆纳河对岸，25分钟）

**叙事角度**：权力与代价——不仅是爱情的代价，更是政治的代价。

**体验设计**：
- 前往亚穆纳河对岸的**月光花园**（Mehtab Bagh），这里可以远眺泰姬陵日落
- 佩戴**骨传导音频设备**（不遮挡耳朵，可同时听到环境音），体验**“囚徒独白”**

**叙事内容**：
- 沙贾汗被儿子奥朗则布篡位后，囚禁在阿格拉红堡的八角塔楼
- 他余生唯一能看到的，是泰姬陵的尖顶
- 传说他让人在窗前放置一面镜子，通过反射观看泰姬陵

**互动环节**：
- 您和家人拿到一套**纸质透镜卡**（可带走的纪念品），将手机手电筒的光透过卡片，在地面投射出“沙贾汗看到的泰姬陵”——是碎裂的、扭曲的
- 孩子会直观感受到：**权力可以建造最伟大的建筑，也可以囚禁最强大的人**

> *这是整个体验的转折点——从“爱情的伟大”转向“权力的代价”，适合您丈夫这一代人思考权力、家庭与责任的关系。*

---

### 第三章：《我们的回响》（出口区域，15分钟）

**叙事角度**：从历史到当下，从“他们的故事”到“我们的故事”。

**体验设计**：
- 出口处设有一个**“记忆亭”**——类似电话亭的私密空间，一次只容纳2-3人
- 家庭成员可以轮流进入，录音30秒，说出“泰姬陵对你意味着什么”
- 这些音频会被**即时处理**，混入金盏花、流水和泰姬陵钟声的环境音轨中

**交付物**：
- 体验结束后24小时内，全家人会收到一个**加密音频链接**——包含：
  - 每个人的30秒独白
  - 背景中孩子和您的声音会自然交织
  - 加上一个意外的“彩蛋”：AI根据你们的音频，生成一段只有你们家人才懂的“泰姬陵主题曲”（基于印度传统拉格调式）

> *这是您带孩子来访的核心意义——让这段历史成为你们家庭记忆的一部分，而非社交媒体上的一个坐标。*

---

## 三、技术应用与情感共鸣

### 技术选择原则

| 技术 | 作用 | 理由 |
|------|------|------|
| **温控手环** | 触觉叙事 | 青少年对视觉信息已过度饱和，触觉更能触发深层记忆；无需长时间佩戴眼镜，保持与真实建筑的视觉连接 |
| **骨传导音频** | 环境融合 | 不阻断真实世界的声音，风声、鸟鸣、游客的低语都成为叙事的一部分 |
| **光学机械装置** | 诗意呈现 | 不使用电子屏幕，而是利用物理光学，避免“科技感”冲淡历史庄严感 |
| **即时音频混制** | 私有化纪念 | 技术服务于情感记忆的私有化，而非公共展示 |

### 情感共鸣设计逻辑

1. **从“伟大”到“真实”**：先用震撼的建筑美学建立敬畏，再用不完美的人性故事建立亲密
2. **从“被动接受”到“主动生成”**：每个环节都有选择权——是否听独白、是否录音，孩子不会感到被“教育”
3. **从“单次体验”到“持续回响”：音频链接可在家庭聚会、孩子成年礼等时刻重新打开，成为你们家庭的时间胶囊

---

## 四、文化敏感性与可及性

### 敏感议题处理

| 议题 | 处理方式 |
|------|----------|
| **宗教争议** | 泰姬陵是否“印度教寺庙改建议”存在学术争议。方案选择不回避，但置于“历史考证”框架下，避免断言 |
| **女性象征的复杂性** | 尊重不同立场——有人视泰姬为“永恒爱情的象征”，有人视其为“父权权力的纪念碑”。两段叙事都提供选择权 |
| **莫卧儿王朝的“外来者”身份** | 承认莫卧儿是蒙古-突厥后裔，但强调他们与印度本土艺术传统的融合——这也是印度文化的一部分 |

### 可及性设计

- **身体限制**：全程可选择轮椅通道，光学装置高度可调，语音叙事有文字转录选项
- **语言**：可选择印地语、英语、泰米尔语、孟加拉语四种配音（您的孩子可能更习惯英语，但您可以用印地语向他们解释您的感受）
- **宗教信仰**：主陵墓室内的光学投影不投射人物形象，仅呈现几何图案与经文书法，尊重不同信仰者的感受
- **时间弹性**：每个场景可缩短为10分钟或延长为30分钟，取决于孩子的状态

---

## 五、给您的最后一句话

您要的不是一场“正确的历史课”，而是一段**让家人更理解彼此**的时光。

这个方案的核心设计逻辑是：**让泰姬陵成为一面镜子——照见历史，也照见你们自己。**

当您的孩子在多年后听到那段混入金盏花声的音频时，他们不会记得“沙贾汗是谁”，但会记得“妈妈/爸爸当时说了什么”。

**这才是文化遗产真正的意义——不是被记住，而是被感受。**

---

*方案可根据您的实际行程、孩子兴趣和家庭预算进一步定制。Namaste.*"
44f1938b701b,Pro-MiniMax-M2.5,P11,沉浸式体验设计,埃及吉萨金字塔群,"

# 《最后的日光·初升的星》

## 沉浸式金字塔黄昏体验方案

---

### 一、体验目标与受众定位

**核心概念**：这不是一次传统的“金字塔观光”，而是一场以**日落为幕、以星光为幕布**的沉浸式时空对话。我们将带领您和妻子从人类最伟大的建筑奇迹——吉萨金字塔——目送夕阳西下，然后在夜幕降临之际，借助光影技术“唤醒”四千年前法老时代的星空与祭祀场景。

**目标受众画像匹配**：

- **50岁美国退休男性**：您处于人生总结与回望的阶段，对“留下深刻记忆”的旅行体验有更强烈的需求，而非走马观花的打卡式游览。
- **与妻子同行**：体验设计将特别强化**夫妻共同参与、共享感悟**的元素，让这一天成为你们婚姻旅程中的珍贵记忆。
- **中等预算**：我们选择“轻技术、重叙事”的方案——不依赖昂贵的VR头显，而是利用金字塔本身的自然条件（夕阳、星空）+ 便携式投影与AR技术，控制在合理预算内。
- **追求历史深度与神秘氛围**：您将在专业考古导游的引导下，理解金字塔真正的工程奇迹与宗教含义，而非停留在“好大的一座石头建筑”的表面认知。

**体验目标**：

1. **知识目标**：理解吉萨金字塔群的真实历史——它们并非外星人产物，而是古埃及人精密天文知识、工程能力与来世信仰的结晶。
2. **情感目标**：在黄昏到夜晚的转折时刻，感受古埃及人如何看待死亡、永恒与星空的关联，完成一次跨越四千年的“心灵对话”。
3. **关系目标**：与妻子共同经历这场独特体验，创造属于你们两个人的“故事”，丰富退休生活的记忆宝库。

---

### 二、核心场景与互动环节

#### 场景一：【入静·金字塔脚下的等候】

**时间**：下午三点半，集合于金字塔景区入口附近的专属等候区

**叙事设计**：

在正式进入景区之前，您和妻子将进入一个**“过渡空间”**——一座经过精心布置的休息亭。墙壁上投射着古埃及壁画复制品的动态影像，配以低沉的手鼓与笛声（由当地音乐家现场演奏，而非录音）。一位穿着考究、蓄着整洁胡须的**“档案守护者”**（由专业演员扮演，一位深谙古埃及历史的学者形象）将迎接你们。

**互动环节**：

- “档案守护者”会递给每位访客一杯**薄荷茶**（埃及传统饮品），并用温和的声音说：“在你们走向永恒之前，请先让心安静下来。”这不是刻意的神秘主义，而是模拟古埃及人在重大仪式前净身的传统。
- 他会展示三件物品：**一块打磨过的石灰岩、一段亚麻布、一颗天青石**。这三件物品分别代表古埃及人理解的“永恒”三要素——石头（永恒）、亚麻（重生）、天空（星辰）。您可以将它们拿在手中，感受它们的温度与质感。
- 随后，“档案守护者”会发给每位访客一件**白色亚麻长袍**（轻便、透气，象征古埃及祭司的服饰），并说：“今天，你们将以'寻找永恒的人'的身份进入。”

> **设计意图**：通过角色扮演、触感体验和服装变换，让访客从“游客”转变为“参与者”，这是沉浸式体验的关键——**在认知上完成角色转换**。

---

#### 场景二：【见证·夕阳祭祀】

**时间**：下午四点半至五点半，进入金字塔区域

**叙事设计**：

在“档案守护者”的引导下，您和妻子将沿着**不同于常规游客的路线**行进。这条路线经过精心设计，避开了拥挤的人群，选取了能够完整观看**胡夫金字塔正面**的绝佳观赏点。

当你们到达观赏点时，会发现这里已经准备好：

- 地上铺着**手工编织的埃及棉毯**，供访客盘膝而坐或依靠在舒适的户外垫子上。
- 旁边摆放着**一个古老的铜制日晷**（复制品），以及一本手写的“星空日志”。

**核心体验——""夕阳祭祀""**：

“档案守护者”将用平缓的英语（而非机械的讲解）讲述一个故事：

> “在古埃及，法老们相信，太阳神拉（Ra）每天乘坐金色帆船穿越天空。当太阳落下地平线时，并不是'死亡'，而是进入冥界，与黑暗搏斗，然后在第二天早晨重生。金字塔的尖顶，就是为了让法老的灵魂能够沿着太阳的光线，'爬'上天空，回到拉的身边。”

随后，他会让所有人**安静地坐在金字塔前**，什么也不说，只是**观看夕阳一点点落下**。

**互动环节**：

- 在夕阳落下的过程中，一位当地的**传统乐师**（使用一种名为“奈伊”的古埃及笛子复制品）会吹奏一段缓慢、几乎不带任何情感波动的旋律——这不是为了“营造气氛”，而是模拟古埃及祭祀音乐的本质：它不是用来“感动”听众，而是用来“连接”看不见的世界。
- 当最后一缕阳光从金字塔尖顶消失时，“档案守护者”会轻声说：“现在，他们（古埃及人）相信，太阳神已经进入冥界。而星空，即将升起。”

> **设计意图**：这一环节的设计参考了**“神圣沉默”（Sacred Silence）**的概念——在宗教体验中，适当的沉默比任何语言都更有力量。它让访客从“听故事的人”变成“经历故事的人”。

---

#### 场景三：【苏醒·星光仪式】

**时间**：傍晚六点至七点，天色完全暗下

**叙事设计**：

当最后一抹晚霞消退，天空变为深蓝，第一批星辰开始显现。此时，“档案守护者”将引导你们进入**下一个层次**——利用**增强现实（AR）技术**，将古埃及的“星空”Overlay（叠加）在真实的夜空上。

**技术实现**：

- 每位访客手持一台**轻便的平板电脑**（由体验方提供，无需自备），屏幕上显示的是摄像机实时拍摄的天空，但通过AR技术叠加了**古埃及星空图**。
- 当您将平板对准天空，会看到：
  - 现代星座（猎户座、大熊座等）用**白色虚线**标注
  - 古埃及人命名的星座用**金色线条**标注，例如“伊西斯女神”（对应我们所说的天狼星）、“奥西里斯之杖”（猎户座）
  - 连接这些星星的线条，构成古埃及人眼中的“天空地图”

**互动环节**：

- “档案守护者”会引导你们寻找**天狼星**（古埃及人最重要的星星），并讲述：“当这颗星在每年特定时间出现在地平线上时，尼罗河就会泛滥，带来肥沃的泥土。古埃及人称它为'索普德特'（Sopdet），意思是'三角形的星'。他们以此校准历法——这是人类最早的'科学'之一。”
- 您可以与妻子一起，用平板上的AR功能**“绘制”**一条从金字塔尖顶延伸到天狼星的**金色光线**——“档案守护者”会解释，这在古埃及象征着法老的灵魂沿着这道光升入永恒。

**情感时刻**：

随后，“档案守护者”会邀请所有访客**躺下**（提供户外躺垫），仰望真实的星空。他会说：

> “现在，你们不需要通过任何屏幕来看。只需要记住——四千年前，就在这里，有人和你们一样躺在这片沙漠上仰望星空。他们看到了完全相同的星星，想到了完全相同的问题：'我死了之后会去往哪里？'金字塔就是他们的答案。”

> **设计意图**：这一环节的设计遵循**“技术为桥，自然为归”**的原则——先用AR技术帮助您理解古埃及人的星空观，最终回到直接的星空体验。这比全程戴VR头显更有意义，因为我们不希望技术“替代”真实体验，而是“放大”它。

---

#### 场景四：【回响·篝火对话】

**时间**：晚上七点至八点，在景区外围的专属营地区

**叙事设计**：

体验的最后一部分，不是回到酒店，而是来到**一个安静的沙漠绿洲**——一片被棕榈树围绕的小型露营区，地面铺着波斯地毯，中心生着一堆**篝火**。

这里没有“档案守护者”的角色了——您和妻子将与其他参与体验的访客（不超过12人）围坐在篝火旁，由一位**真正的埃及考古学家**（而非演员）与大家进行**开放式对话**。

**互动环节**：

- 考古学家会分享一些**不为人知的细节**：例如，金字塔内部实际上从来没有发现过法老的木乃伊（这一点与流行文化中的想象完全不同）；吉萨金字塔群的排列与猎户座腰带的三颗星精确对应；古埃及人建造金字塔时，尼罗河泛滥期恰恰是他们最有空的“农闲时节”……
- 他会提出一个**反思性问题**：“如果金字塔不是为'来世'而建，而是古埃及人用来'证明人类能够做到什么'的纪念碑，你们会怎么想？”
- 访客可以自由提问、分享感受，没有任何“标准答案”。

**特别设计**：

在对话进行到一半时，会有当地工作人员为每位访客端上**一杯热的荨麻茶**（一种埃及传统饮品，带有淡淡的草本香气），以及**一份椰枣**（古埃及人最重要的能量食品）。

> **设计意图**：篝火对话的设计参考了**“营火叙事”（Campfire Storytelling）**这一人类最古老的传统——围坐在火堆旁讲故事，是智人几十万年来传递知识、建立社群感的方式。我们希望您在离开金字塔时，不是带着“拍到好照片”的满足，而是带着一些问题、一些思考离开。

---

### 三、技术如何"
