response_id,model,task,char_count,word_count,sentence_count,avg_sentence_length
abe491e4dfec,LongCat-2.0,博物馆导览讲解,1377,356,65,21.184615384615384
7abf1afcb13a,LongCat-2.0,历史场景叙事,1445,433,48,30.104166666666668
a910c2804726,LongCat-2.0,沉浸式体验设计,3587,711,156,22.993589743589745
b1da5a36c090,LongCat-2.0,博物馆导览讲解,2450,616,104,23.557692307692307
75e0305e96f6,LongCat-2.0,历史场景叙事,1683,409,88,19.125
b4a5c452e671,LongCat-2.0,沉浸式体验设计,1085,313,39,27.82051282051282
a649d383f6fc,LongCat-2.0,博物馆导览讲解,1484,413,55,26.98181818181818
d7bcd4aa43be,LongCat-2.0,历史场景叙事,2307,600,78,29.576923076923077
c387794033e5,LongCat-2.0,沉浸式体验设计,3086,705,141,21.886524822695037
09d8b65cfb8e,LongCat-2.0,博物馆导览讲解,836,246,41,20.390243902439025
9e7b5db0b3e6,LongCat-2.0,历史场景叙事,2353,721,91,25.857142857142858
1740f71453f3,LongCat-2.0,沉浸式体验设计,2813,765,109,25.807339449541285
c638948c6ea8,LongCat-2.0,博物馆导览讲解,3,1,1,3.0
a20efd3ab456,LongCat-2.0,历史场景叙事,1988,515,81,24.54320987654321
9b75e4f41d1b,LongCat-2.0,沉浸式体验设计,2717,719,127,21.393700787401574
b2df31c89406,LongCat-2.0,博物馆导览讲解,1645,438,77,21.363636363636363
85696439e217,LongCat-2.0,历史场景叙事,2391,653,92,25.98913043478261
5cf3394abff0,LongCat-2.0,沉浸式体验设计,3072,812,151,20.344370860927153
1081b2fefe22,LongCat-2.0,博物馆导览讲解,1384,413,53,26.11320754716981
d09c103f7efb,LongCat-2.0,历史场景叙事,1271,361,66,19.257575757575758
4cd25180c555,LongCat-2.0,沉浸式体验设计,2480,712,81,30.617283950617285
39b75ba71a6d,LongCat-2.0,博物馆导览讲解,1687,491,60,28.116666666666667
cf999dfd78db,LongCat-2.0,历史场景叙事,2456,731,101,24.316831683168317
5a7ab0b80d9d,LongCat-2.0,沉浸式体验设计,1214,355,36,33.72222222222222
53be63e9196b,LongCat-2.0,博物馆导览讲解,1699,516,58,29.29310344827586
482af2c80fbd,LongCat-2.0,历史场景叙事,2628,739,117,22.46153846153846
29c23ebf4a19,LongCat-2.0,沉浸式体验设计,5046,566,143,35.28671328671329
154c5af6a91b,LongCat-2.0,博物馆导览讲解,1920,492,83,23.132530120481928
5e45f83d9f51,LongCat-2.0,历史场景叙事,2242,584,107,20.953271028037385
7aa0ab6abe6e,LongCat-2.0,沉浸式体验设计,3225,692,153,21.07843137254902
755f9db45c7b,LongCat-2.0,博物馆导览讲解,1108,318,48,23.083333333333332
9870c50c50c3,LongCat-2.0,历史场景叙事,1186,370,42,28.238095238095237
22d832f5c046,LongCat-2.0,沉浸式体验设计,2253,637,72,31.291666666666668
2ae93a537f33,LongCat-2.0,博物馆导览讲解,1119,335,45,24.866666666666667
3c87e6844b49,LongCat-2.0,历史场景叙事,2933,832,121,24.239669421487605
582e4785f105,LongCat-2.0,沉浸式体验设计,3787,604,132,28.689393939393938
551fe23b8ddc,GLM-5.2,博物馆导览讲解,1241,402,29,42.793103448275865
fcdfcc210c01,GLM-5.2,历史场景叙事,1868,561,57,32.771929824561404
2aea162482dd,GLM-5.2,沉浸式体验设计,2447,745,66,37.07575757575758
036a8a4a3dda,GLM-5.2,博物馆导览讲解,1586,439,58,27.344827586206897
3a6ad4aa3a44,GLM-5.2,历史场景叙事,1905,538,81,23.51851851851852
d61440f30d8f,GLM-5.2,沉浸式体验设计,2606,738,79,32.9873417721519
80ef37f7e6f8,GLM-5.2,博物馆导览讲解,1768,546,50,35.36
0d87d1443a2c,GLM-5.2,历史场景叙事,2612,737,79,33.063291139240505
2970262db7e2,GLM-5.2,沉浸式体验设计,2622,766,68,38.55882352941177
c942063b02d5,GLM-5.2,博物馆导览讲解,1106,342,36,30.72222222222222
5cb58fc9abcd,GLM-5.2,历史场景叙事,1814,541,60,30.233333333333334
c0b2c9dd02af,GLM-5.2,沉浸式体验设计,2474,723,69,35.85507246376812
8a5267dd48b8,GLM-5.2,博物馆导览讲解,1517,444,49,30.959183673469386
ba6980e41266,GLM-5.2,历史场景叙事,2031,575,72,28.208333333333332
2192ffd3385f,GLM-5.2,沉浸式体验设计,2762,796,78,35.41025641025641
94caab87449f,GLM-5.2,博物馆导览讲解,1494,460,47,31.78723404255319
d8ddbb68918d,GLM-5.2,历史场景叙事,1955,573,66,29.62121212121212
b32dce1e5c44,GLM-5.2,沉浸式体验设计,2442,721,65,37.56923076923077
043362459d0c,GLM-5.2,博物馆导览讲解,1651,497,49,33.69387755102041
294a49aee97c,GLM-5.2,历史场景叙事,1867,563,59,31.64406779661017
721b1e1be672,GLM-5.2,沉浸式体验设计,2585,731,71,36.40845070422535
cb18753dd01e,GLM-5.2,博物馆导览讲解,1357,424,34,39.911764705882355
91866d706441,GLM-5.2,历史场景叙事,1932,589,66,29.272727272727273
0d49120897d8,GLM-5.2,沉浸式体验设计,2538,751,70,36.25714285714286
a80bb6f9b116,GLM-5.2,博物馆导览讲解,1689,530,50,33.78
509ac649cfae,GLM-5.2,历史场景叙事,1872,571,50,37.44
9b94f7e61566,GLM-5.2,沉浸式体验设计,2210,681,71,31.12676056338028
69e407a14d37,GLM-5.2,博物馆导览讲解,1526,434,54,28.25925925925926
f837a19c616e,GLM-5.2,历史场景叙事,1689,452,67,25.208955223880597
28744f16944f,GLM-5.2,沉浸式体验设计,2648,742,85,31.152941176470588
afdf0242e897,GLM-5.2,博物馆导览讲解,1286,410,33,38.96969696969697
0223cbd7e9b6,GLM-5.2,历史场景叙事,1551,482,47,33.0
7cccbb1ebdd6,GLM-5.2,沉浸式体验设计,2378,706,67,35.492537313432834
63153b5d2f00,GLM-5.2,博物馆导览讲解,1242,400,36,34.5
f324a6f12136,GLM-5.2,历史场景叙事,1577,489,52,30.326923076923077
f6125a7b0510,GLM-5.2,沉浸式体验设计,2355,686,65,36.23076923076923
e636e67830a1,Kimi-K2.7-Code,博物馆导览讲解,822,254,22,37.36363636363637
980bfec4f863,Kimi-K2.7-Code,历史场景叙事,2511,726,86,29.197674418604652
982a3477b67a,Kimi-K2.7-Code,沉浸式体验设计,3493,1007,115,30.37391304347826
d6799baf388c,Kimi-K2.7-Code,博物馆导览讲解,1066,293,37,28.81081081081081
e7064299338f,Kimi-K2.7-Code,历史场景叙事,2180,580,77,28.31168831168831
7ebb499b3763,Kimi-K2.7-Code,沉浸式体验设计,3121,835,119,26.22689075630252
464ed49bcbf2,Kimi-K2.7-Code,博物馆导览讲解,1911,502,54,35.388888888888886
9f8126dd44d5,Kimi-K2.7-Code,历史场景叙事,2705,715,90,30.055555555555557
3e15f53c5e25,Kimi-K2.7-Code,沉浸式体验设计,3524,940,108,32.629629629629626
930737b0cfde,Kimi-K2.7-Code,博物馆导览讲解,953,291,27,35.2962962962963
d3354379e2da,Kimi-K2.7-Code,历史场景叙事,1496,405,44,34.0
33e7623784aa,Kimi-K2.7-Code,沉浸式体验设计,3480,1014,116,30.0
0e7e2c5928c1,Kimi-K2.7-Code,博物馆导览讲解,1418,404,40,35.45
783fb756274d,Kimi-K2.7-Code,历史场景叙事,1891,515,50,37.82
afa731288f9e,Kimi-K2.7-Code,沉浸式体验设计,3687,1000,106,34.783018867924525
7f749f684f2a,Kimi-K2.7-Code,博物馆导览讲解,1030,318,25,41.2
8e935bdb8966,Kimi-K2.7-Code,历史场景叙事,2533,702,69,36.710144927536234
8860c142fb34,Kimi-K2.7-Code,沉浸式体验设计,3711,981,117,31.71794871794872
a0b031de576c,Kimi-K2.7-Code,博物馆导览讲解,1179,370,35,33.68571428571428
d51c77b3c96e,Kimi-K2.7-Code,历史场景叙事,1125,338,36,31.25
d6de44524801,Kimi-K2.7-Code,沉浸式体验设计,3569,1002,135,26.437037037037037
67038910ea90,Kimi-K2.7-Code,博物馆导览讲解,1390,395,40,34.75
0523dafe341e,Kimi-K2.7-Code,历史场景叙事,1347,420,34,39.61764705882353
d8b31579912e,Kimi-K2.7-Code,沉浸式体验设计,3436,997,116,29.620689655172413
a3db0f8a3c94,Kimi-K2.7-Code,博物馆导览讲解,1135,356,34,33.38235294117647
1d2afceff879,Kimi-K2.7-Code,历史场景叙事,2336,662,60,38.93333333333333
89f025b51cb7,Kimi-K2.7-Code,沉浸式体验设计,3596,990,156,23.05128205128205
25c2f2abe3e5,Kimi-K2.7-Code,博物馆导览讲解,1256,318,44,28.545454545454547
261c309dd692,Kimi-K2.7-Code,历史场景叙事,2199,563,104,21.14423076923077
341fdfd3bad0,Kimi-K2.7-Code,沉浸式体验设计,3535,975,150,23.566666666666666
1bad7daa3d54,Kimi-K2.7-Code,博物馆导览讲解,1214,387,26,46.69230769230769
72fc81c84dd0,Kimi-K2.7-Code,历史场景叙事,1588,406,60,26.466666666666665
57214298398f,Kimi-K2.7-Code,沉浸式体验设计,3652,1050,115,31.756521739130434
efd692be49e1,Kimi-K2.7-Code,博物馆导览讲解,1258,393,38,33.10526315789474
750c66465d95,Kimi-K2.7-Code,历史场景叙事,1792,499,56,32.0
c0d91de3d322,Kimi-K2.7-Code,沉浸式体验设计,3638,977,113,32.19469026548673
ad23878edbe8,DeepSeek-V4-Pro,博物馆导览讲解,1022,321,32,31.9375
b3165688025d,DeepSeek-V4-Pro,历史场景叙事,1261,339,45,28.022222222222222
debe58c13311,DeepSeek-V4-Pro,沉浸式体验设计,3198,899,80,39.975
b86fa7cbd4f1,DeepSeek-V4-Pro,博物馆导览讲解,805,256,25,32.2
9d5ea3d334bd,DeepSeek-V4-Pro,沉浸式体验设计,2662,828,93,28.623655913978496
4d34935f2d4b,DeepSeek-V4-Pro,博物馆导览讲解,1354,413,33,41.03030303030303
be2ddfb7f9e5,DeepSeek-V4-Pro,沉浸式体验设计,3206,985,104,30.826923076923077
e0d48cca9b72,DeepSeek-V4-Pro,博物馆导览讲解,1223,382,34,35.970588235294116
1fb315375044,DeepSeek-V4-Pro,历史场景叙事,1308,400,44,29.727272727272727
a1e84fc6622e,DeepSeek-V4-Pro,沉浸式体验设计,3200,985,99,32.323232323232325
f26740bbd051,DeepSeek-V4-Pro,博物馆导览讲解,1031,312,30,34.36666666666667
7fbeb69a0ca0,DeepSeek-V4-Pro,历史场景叙事,1667,461,54,30.87037037037037
a923b506befe,DeepSeek-V4-Pro,沉浸式体验设计,3553,969,109,32.596330275229356
3e31cab2a324,DeepSeek-V4-Pro,博物馆导览讲解,1079,323,35,30.82857142857143
f66d558869a8,DeepSeek-V4-Pro,历史场景叙事,2461,722,80,30.7625
96534aab2a68,DeepSeek-V4-Pro,沉浸式体验设计,3115,957,104,29.951923076923077
8b4a1b59e28a,DeepSeek-V4-Pro,博物馆导览讲解,1516,472,40,37.9
5130aabfbcb6,DeepSeek-V4-Pro,历史场景叙事,1695,487,63,26.904761904761905
f3643bc4d79f,DeepSeek-V4-Pro,沉浸式体验设计,3108,932,117,26.564102564102566
efefcc9a8ce7,DeepSeek-V4-Pro,博物馆导览讲解,1857,523,74,25.094594594594593
c094664055e0,DeepSeek-V4-Pro,历史场景叙事,1679,468,57,29.45614035087719
3c1bebfff42c,DeepSeek-V4-Pro,沉浸式体验设计,3049,899,93,32.784946236559136
3460139b9bc4,DeepSeek-V4-Pro,博物馆导览讲解,1165,391,31,37.58064516129032
15cc98a2dac9,DeepSeek-V4-Pro,历史场景叙事,2685,835,75,35.8
f16d0cd49fab,DeepSeek-V4-Pro,沉浸式体验设计,2808,861,88,31.90909090909091
d8ef2a5c9eaa,DeepSeek-V4-Pro,博物馆导览讲解,917,268,25,36.68
f23cfdd30d9e,DeepSeek-V4-Pro,历史场景叙事,1304,366,52,25.076923076923077
be10104a456f,DeepSeek-V4-Pro,沉浸式体验设计,3451,958,103,33.50485436893204
c1d9159a6406,DeepSeek-V4-Pro,博物馆导览讲解,906,288,24,37.75
2e93125716f9,DeepSeek-V4-Pro,历史场景叙事,1006,273,40,25.15
6d4b5fcc53a5,DeepSeek-V4-Pro,沉浸式体验设计,2450,752,70,35.0
233ac955a4ba,DeepSeek-V4-Pro,博物馆导览讲解,1076,320,38,28.31578947368421
631b281e7b0a,DeepSeek-V4-Pro,历史场景叙事,2322,667,60,38.7
db0d27efc02a,DeepSeek-V4-Pro,沉浸式体验设计,3335,1032,91,36.64835164835165
96de426a853e,DeepSeek-V4-Flash,博物馆导览讲解,1087,304,36,30.194444444444443
d06e23c32651,DeepSeek-V4-Flash,历史场景叙事,1225,352,46,26.630434782608695
85139f021057,DeepSeek-V4-Flash,沉浸式体验设计,1915,588,63,30.396825396825395
6ad6f14a9806,DeepSeek-V4-Flash,博物馆导览讲解,1090,339,37,29.45945945945946
0d7c9c157210,DeepSeek-V4-Flash,历史场景叙事,905,271,29,31.20689655172414
e5819c8125bd,DeepSeek-V4-Flash,沉浸式体验设计,3445,1003,89,38.70786516853933
34ab7ddb4269,DeepSeek-V4-Flash,博物馆导览讲解,2590,307,32,80.9375
1aecc8f33356,DeepSeek-V4-Flash,历史场景叙事,2588,715,90,28.755555555555556
97165235ddd6,DeepSeek-V4-Flash,沉浸式体验设计,3298,908,108,30.537037037037038
9e120c84dfe7,DeepSeek-V4-Flash,博物馆导览讲解,1045,337,25,41.8
0617e23e090a,DeepSeek-V4-Flash,历史场景叙事,970,303,30,32.333333333333336
c048d79ecb0d,DeepSeek-V4-Flash,沉浸式体验设计,2432,720,96,25.333333333333332
945281ec4929,DeepSeek-V4-Flash,博物馆导览讲解,1384,392,43,32.18604651162791
155d5748f9bf,DeepSeek-V4-Flash,历史场景叙事,950,274,24,39.583333333333336
165eaa6a895e,DeepSeek-V4-Flash,沉浸式体验设计,3450,951,105,32.857142857142854
a6f0c890b216,DeepSeek-V4-Flash,博物馆导览讲解,1447,446,42,34.45238095238095
b382e1ecf87d,DeepSeek-V4-Flash,历史场景叙事,1312,406,38,34.526315789473685
4be2d47af353,DeepSeek-V4-Flash,沉浸式体验设计,2495,731,96,25.989583333333332
3bd0287678b2,DeepSeek-V4-Flash,博物馆导览讲解,1081,345,29,37.275862068965516
8def91be5c58,DeepSeek-V4-Flash,历史场景叙事,637,185,25,25.48
5fdf20db6899,DeepSeek-V4-Flash,沉浸式体验设计,3439,970,120,28.658333333333335
df0f9beb8034,DeepSeek-V4-Flash,博物馆导览讲解,1038,335,27,38.44444444444444
d0f3156e085e,DeepSeek-V4-Flash,历史场景叙事,1489,462,50,29.78
d037286eb32d,DeepSeek-V4-Flash,沉浸式体验设计,2186,631,67,32.62686567164179
6d798e8994d5,DeepSeek-V4-Flash,博物馆导览讲解,1214,384,36,33.72222222222222
e5796f5b1a30,DeepSeek-V4-Flash,历史场景叙事,1578,477,67,23.55223880597015
3e0121031fd8,DeepSeek-V4-Flash,沉浸式体验设计,3434,1053,89,38.58426966292135
e1c0a6545c7e,DeepSeek-V4-Flash,博物馆导览讲解,1048,326,30,34.93333333333333
63f33f99634f,DeepSeek-V4-Flash,历史场景叙事,973,283,41,23.73170731707317
f814fe079a7f,DeepSeek-V4-Flash,沉浸式体验设计,2783,771,112,24.848214285714285
0829a952ab51,DeepSeek-V4-Flash,博物馆导览讲解,895,284,26,34.42307692307692
69eaeb1942ed,DeepSeek-V4-Flash,历史场景叙事,813,247,30,27.1
bc417a34577c,DeepSeek-V4-Flash,沉浸式体验设计,2442,699,67,36.44776119402985
7ef0c5dce4cc,DeepSeek-V4-Flash,博物馆导览讲解,812,251,31,26.193548387096776
180b1c35f225,DeepSeek-V4-Flash,历史场景叙事,1144,333,28,40.857142857142854
aefc05d29a32,DeepSeek-V4-Flash,沉浸式体验设计,3431,1035,121,28.355371900826448
0b6b33bf51c8,Pro-Kimi-K2.6,博物馆导览讲解,1065,338,25,42.6
bf28641cdacf,Pro-Kimi-K2.6,历史场景叙事,1736,502,50,34.72
1c4432eb5850,Pro-Kimi-K2.6,沉浸式体验设计,3409,989,83,41.0722891566265
204fe957d2f7,Pro-Kimi-K2.6,博物馆导览讲解,966,294,29,33.310344827586206
591c025b2a7c,Pro-Kimi-K2.6,历史场景叙事,1699,447,78,21.78205128205128
b9567ce40698,Pro-Kimi-K2.6,沉浸式体验设计,3640,988,105,34.666666666666664
d16d3be1e362,Pro-Kimi-K2.6,博物馆导览讲解,1993,559,45,44.28888888888889
cc3097c42b52,Pro-Kimi-K2.6,历史场景叙事,3113,847,84,37.05952380952381
854b18d86f8b,Pro-Kimi-K2.6,沉浸式体验设计,3540,970,89,39.7752808988764
6f74ba452775,Pro-Kimi-K2.6,博物馆导览讲解,1028,320,25,41.12
ec777615fb32,Pro-Kimi-K2.6,历史场景叙事,1785,528,47,37.97872340425532
c314350047aa,Pro-Kimi-K2.6,沉浸式体验设计,3326,982,96,34.645833333333336
485a20f89466,Pro-Kimi-K2.6,博物馆导览讲解,1452,406,40,36.3
7c81c959d63b,Pro-Kimi-K2.6,历史场景叙事,1706,481,49,34.816326530612244
3549785e74df,Pro-Kimi-K2.6,沉浸式体验设计,3599,989,107,33.63551401869159
1ed67e57f1b4,Pro-Kimi-K2.6,博物馆导览讲解,1210,374,32,37.8125
c51ba961f9bd,Pro-Kimi-K2.6,历史场景叙事,2141,626,55,38.92727272727273
0c0b051c7dcd,Pro-Kimi-K2.6,沉浸式体验设计,3410,939,81,42.098765432098766
826825b7c644,Pro-Kimi-K2.6,博物馆导览讲解,968,295,23,42.08695652173913
9372c9071c68,Pro-Kimi-K2.6,历史场景叙事,2170,614,66,32.878787878787875
f88a343aa083,Pro-Kimi-K2.6,沉浸式体验设计,3808,1063,111,34.306306306306304
9c1f0dada585,Pro-Kimi-K2.6,博物馆导览讲解,1383,414,46,30.065217391304348
47d1cd05f1c6,Pro-Kimi-K2.6,历史场景叙事,2099,659,60,34.983333333333334
a6d8568d8ddb,Pro-Kimi-K2.6,沉浸式体验设计,3584,1015,85,42.16470588235294
f845adc8c4cb,Pro-Kimi-K2.6,博物馆导览讲解,1179,384,29,40.6551724137931
b3f3916749a3,Pro-Kimi-K2.6,历史场景叙事,2565,741,97,26.443298969072163
98fabc111f34,Pro-Kimi-K2.6,沉浸式体验设计,3582,1037,93,38.516129032258064
bbce680ad773,Pro-Kimi-K2.6,博物馆导览讲解,1170,348,35,33.42857142857143
f40ebfe46220,Pro-Kimi-K2.6,历史场景叙事,1716,462,72,23.833333333333332
0454b459b51a,Pro-Kimi-K2.6,沉浸式体验设计,3603,1036,105,34.31428571428572
cc2b4cc59c6c,Pro-Kimi-K2.6,博物馆导览讲解,3373,399,40,84.325
88e963cc06ce,Pro-Kimi-K2.6,历史场景叙事,1442,440,42,34.333333333333336
310151d26d8c,Pro-Kimi-K2.6,沉浸式体验设计,3692,1070,93,39.69892473118279
c1f26752ed62,Pro-Kimi-K2.6,博物馆导览讲解,1092,349,23,47.47826086956522
ef27511ad59e,Pro-Kimi-K2.6,历史场景叙事,1856,497,57,32.56140350877193
3c48650aaf1c,Pro-Kimi-K2.6,沉浸式体验设计,3628,989,103,35.22330097087379
f1b57e060efe,Pro-GLM-5.1,博物馆导览讲解,1074,328,28,38.357142857142854
ffce1649e82a,Pro-GLM-5.1,历史场景叙事,1822,540,54,33.74074074074074
23051605633a,Pro-GLM-5.1,沉浸式体验设计,2556,748,73,35.013698630136986
ebb3eee2bce0,Pro-GLM-5.1,博物馆导览讲解,1446,423,51,28.352941176470587
78ae56656bc2,Pro-GLM-5.1,历史场景叙事,1803,504,68,26.514705882352942
73dbab8ee8fe,Pro-GLM-5.1,沉浸式体验设计,2428,690,63,38.53968253968254
f4fd00170059,Pro-GLM-5.1,博物馆导览讲解,1688,498,51,33.09803921568628
6c618e195e36,Pro-GLM-5.1,历史场景叙事,2291,647,66,34.71212121212121
eaf89dfc314f,Pro-GLM-5.1,沉浸式体验设计,2650,770,76,34.86842105263158
5f20d096b6ee,Pro-GLM-5.1,博物馆导览讲解,1603,458,64,25.046875
888f03e12883,Pro-GLM-5.1,历史场景叙事,2007,604,58,34.60344827586207
8ac6c1908065,Pro-GLM-5.1,沉浸式体验设计,2381,698,65,36.63076923076923
393179571787,Pro-GLM-5.1,博物馆导览讲解,1626,469,43,37.81395348837209
ba95f94a02a4,Pro-GLM-5.1,历史场景叙事,1928,567,58,33.241379310344826
712456fa5716,Pro-GLM-5.1,沉浸式体验设计,2456,734,69,35.594202898550726
ba71af0fe6ec,Pro-GLM-5.1,博物馆导览讲解,1467,440,39,37.61538461538461
60ce3adb38a8,Pro-GLM-5.1,历史场景叙事,1911,543,65,29.4
86bf90297c36,Pro-GLM-5.1,沉浸式体验设计,2766,805,74,37.37837837837838
c07f083c00c9,Pro-GLM-5.1,博物馆导览讲解,1397,428,36,38.80555555555556
a710c84e72bd,Pro-GLM-5.1,历史场景叙事,2173,659,69,31.492753623188406
27df187b2530,Pro-GLM-5.1,沉浸式体验设计,2501,727,63,39.698412698412696
dcd12f369b2b,Pro-GLM-5.1,博物馆导览讲解,1931,591,58,33.293103448275865
00a982429dbd,Pro-GLM-5.1,历史场景叙事,1689,518,55,30.70909090909091
fa9926af1ba9,Pro-GLM-5.1,沉浸式体验设计,2515,745,63,39.92063492063492
aa02f29ea33c,Pro-GLM-5.1,博物馆导览讲解,1504,467,40,37.6
7613aef8d258,Pro-GLM-5.1,历史场景叙事,1491,467,36,41.416666666666664
9e9dbcf46bd7,Pro-GLM-5.1,沉浸式体验设计,2253,656,67,33.62686567164179
6ea2eba2b542,Pro-GLM-5.1,博物馆导览讲解,1366,380,47,29.06382978723404
5132ba78e94a,Pro-GLM-5.1,历史场景叙事,1813,506,71,25.535211267605632
bce139c42de5,Pro-GLM-5.1,沉浸式体验设计,2650,724,76,34.86842105263158
8820b1274f2d,Pro-GLM-5.1,博物馆导览讲解,1320,385,39,33.84615384615385
b4bf36c42fc7,Pro-GLM-5.1,历史场景叙事,1516,468,48,31.583333333333332
ef27adeed9af,Pro-GLM-5.1,沉浸式体验设计,2670,775,71,37.605633802816904
6cfd19e83947,Pro-GLM-5.1,博物馆导览讲解,1310,401,35,37.42857142857143
dccaa18941c4,Pro-GLM-5.1,历史场景叙事,1913,545,47,40.702127659574465
f0e217f31b8e,Pro-GLM-5.1,沉浸式体验设计,2367,685,63,37.57142857142857
5214bfce2cc2,Nex-N2-Pro,博物馆导览讲解,3,1,1,3.0
b796259214aa,Nex-N2-Pro,历史场景叙事,3,1,1,3.0
e62c84eb96d5,Nex-N2-Pro,沉浸式体验设计,3,1,1,3.0
605a87925851,Nex-N2-Pro,博物馆导览讲解,3,1,1,3.0
1734a556c2c7,Nex-N2-Pro,历史场景叙事,3,1,1,3.0
cd0550062f22,Nex-N2-Pro,沉浸式体验设计,2467,679,140,17.62142857142857
521d643f9e08,Nex-N2-Pro,博物馆导览讲解,3,1,1,3.0
62462c64a4fd,Nex-N2-Pro,历史场景叙事,3,1,1,3.0
b314f41ec12a,Nex-N2-Pro,沉浸式体验设计,3,1,1,3.0
afd7eac8ec66,Nex-N2-Pro,博物馆导览讲解,3,1,1,3.0
46670f51f283,Nex-N2-Pro,历史场景叙事,3,1,1,3.0
2ac5683bb1ec,Nex-N2-Pro,沉浸式体验设计,3,1,1,3.0
197782dc32e5,Nex-N2-Pro,博物馆导览讲解,3,1,1,3.0
fda459bbd124,Nex-N2-Pro,历史场景叙事,3,1,1,3.0
b357c714a695,Nex-N2-Pro,沉浸式体验设计,3,1,1,3.0
83f1b6b3254a,Nex-N2-Pro,博物馆导览讲解,3,1,1,3.0
06015021530d,Nex-N2-Pro,历史场景叙事,3,1,1,3.0
3e71cf14ca0d,Nex-N2-Pro,沉浸式体验设计,3,1,1,3.0
d6c2f8b1fe6d,Nex-N2-Pro,博物馆导览讲解,3,1,1,3.0
fd5ccf80d94f,Nex-N2-Pro,历史场景叙事,3,1,1,3.0
6b269c516d69,Nex-N2-Pro,沉浸式体验设计,3,1,1,3.0
f7ef4ed4fa96,Nex-N2-Pro,博物馆导览讲解,3,1,1,3.0
c7855521d67d,Nex-N2-Pro,历史场景叙事,3,1,1,3.0
d8a6e627e0cb,Nex-N2-Pro,沉浸式体验设计,3,1,1,3.0
dfeb510e03fe,Nex-N2-Pro,博物馆导览讲解,3,1,1,3.0
7122e084feee,Nex-N2-Pro,历史场景叙事,3,1,1,3.0
e65b14b3fdb2,Nex-N2-Pro,沉浸式体验设计,3,1,1,3.0
8d52757c2c05,Nex-N2-Pro,博物馆导览讲解,3,1,1,3.0
bcc655add471,Nex-N2-Pro,历史场景叙事,3,1,1,3.0
98c48565532e,Nex-N2-Pro,沉浸式体验设计,3,1,1,3.0
f0006521a47a,Nex-N2-Pro,博物馆导览讲解,870,281,20,43.5
7dd7be23c657,Nex-N2-Pro,历史场景叙事,3,1,1,3.0
ee7d05655a35,Nex-N2-Pro,沉浸式体验设计,3,1,1,3.0
d287ab32fad9,Nex-N2-Pro,博物馆导览讲解,3,1,1,3.0
4901b79d7ae6,Nex-N2-Pro,历史场景叙事,3,1,1,3.0
9ffc8e62d28e,Nex-N2-Pro,沉浸式体验设计,3,1,1,3.0
13d80593fb0f,MiniMax-M2.5,博物馆导览讲解,1287,404,39,33.0
d1d95f121881,MiniMax-M2.5,历史场景叙事,2219,639,108,20.546296296296298
c2bd160089ce,MiniMax-M2.5,沉浸式体验设计,3592,1158,95,37.810526315789474
c67e31a5d9d7,MiniMax-M2.5,博物馆导览讲解,1869,502,80,23.3625
3e0370ef6db8,MiniMax-M2.5,历史场景叙事,1594,398,70,22.771428571428572
fe978be1231b,MiniMax-M2.5,沉浸式体验设计,3885,1114,123,31.585365853658537
be3184702111,MiniMax-M2.5,博物馆导览讲解,1453,434,53,27.41509433962264
b4078b224211,MiniMax-M2.5,历史场景叙事,3637,961,84,43.29761904761905
151513cd7aa4,MiniMax-M2.5,沉浸式体验设计,3543,1028,109,32.5045871559633
506eca574992,MiniMax-M2.5,博物馆导览讲解,2110,601,68,31.029411764705884
807a154b6e78,MiniMax-M2.5,历史场景叙事,2673,801,110,24.3
e2afdd335f2f,MiniMax-M2.5,沉浸式体验设计,3563,1063,94,37.90425531914894
fda3df810eab,MiniMax-M2.5,博物馆导览讲解,4221,482,64,65.953125
32f83df829c2,MiniMax-M2.5,历史场景叙事,3370,948,107,31.49532710280374
64795e8275b9,MiniMax-M2.5,沉浸式体验设计,3726,953,142,26.239436619718308
7a191f7f1321,MiniMax-M2.5,博物馆导览讲解,5405,594,80,67.5625
8ca54c769a43,MiniMax-M2.5,历史场景叙事,3338,15,38,87.84210526315789
0be378ad7275,MiniMax-M2.5,沉浸式体验设计,3735,1185,89,41.96629213483146
2ccccd776acc,MiniMax-M2.5,博物馆导览讲解,1380,414,43,32.093023255813954
30da4e70f648,MiniMax-M2.5,历史场景叙事,1396,381,64,21.8125
1489c2e563d7,MiniMax-M2.5,沉浸式体验设计,3875,1291,94,41.223404255319146
cfef6bfc9111,MiniMax-M2.5,博物馆导览讲解,1654,482,50,33.08
4339881853fb,MiniMax-M2.5,历史场景叙事,1725,502,74,23.31081081081081
29e068be1389,MiniMax-M2.5,沉浸式体验设计,3519,1035,84,41.892857142857146
317ffc9479dd,MiniMax-M2.5,博物馆导览讲解,1668,484,58,28.75862068965517
842a9f805395,MiniMax-M2.5,历史场景叙事,2501,752,86,29.08139534883721
a2bd2230d975,MiniMax-M2.5,沉浸式体验设计,3655,1049,123,29.715447154471544
c4eff8d582f9,MiniMax-M2.5,博物馆导览讲解,1910,502,68,28.08823529411765
3f7d3abc9462,MiniMax-M2.5,历史场景叙事,2495,673,124,20.120967741935484
e852763ca27a,MiniMax-M2.5,沉浸式体验设计,3906,1131,106,36.84905660377358
63186bf875f0,MiniMax-M2.5,博物馆导览讲解,1532,458,45,34.044444444444444
f841f22abcbc,MiniMax-M2.5,历史场景叙事,2797,811,111,25.1981981981982
cc14a6344a54,MiniMax-M2.5,沉浸式体验设计,3703,1086,117,31.64957264957265
f5d50b708a0a,MiniMax-M2.5,博物馆导览讲解,1030,314,31,33.225806451612904
6d6a6b6b9dde,MiniMax-M2.5,历史场景叙事,1891,539,54,35.01851851851852
f115f8b457bc,MiniMax-M2.5,沉浸式体验设计,3888,1008,117,33.23076923076923
0afa31a50c10,Pro-MiniMax-M2.5,博物馆导览讲解,1329,431,39,34.07692307692308
974f6141a7d0,Pro-MiniMax-M2.5,历史场景叙事,2095,603,87,24.080459770114942
e8ed5ab996db,Pro-MiniMax-M2.5,沉浸式体验设计,3618,1165,92,39.32608695652174
73e6b9bb15ed,Pro-MiniMax-M2.5,博物馆导览讲解,1522,372,87,17.49425287356322
d9d0c8f58d93,Pro-MiniMax-M2.5,历史场景叙事,1488,389,77,19.324675324675326
5d503ec644cb,Pro-MiniMax-M2.5,沉浸式体验设计,3828,980,127,30.141732283464567
9118bb409455,Pro-MiniMax-M2.5,博物馆导览讲解,2329,620,89,26.168539325842698
7166d19b56c6,Pro-MiniMax-M2.5,历史场景叙事,3743,844,113,33.123893805309734
94a724d02ea3,Pro-MiniMax-M2.5,沉浸式体验设计,3630,975,152,23.88157894736842
4dfb5b3559c2,Pro-MiniMax-M2.5,博物馆导览讲解,1982,573,65,30.49230769230769
1bc592ff0e35,Pro-MiniMax-M2.5,历史场景叙事,2111,612,94,22.45744680851064
5020ea305f08,Pro-MiniMax-M2.5,沉浸式体验设计,3975,959,146,27.226027397260275
d105c215b53c,Pro-MiniMax-M2.5,博物馆导览讲解,810,259,22,36.81818181818182
c87574429ef3,Pro-MiniMax-M2.5,历史场景叙事,1535,459,51,30.098039215686274
3fc1824a8d0d,Pro-MiniMax-M2.5,沉浸式体验设计,3866,1048,104,37.17307692307692
730519a45b65,Pro-MiniMax-M2.5,博物馆导览讲解,1999,534,77,25.961038961038962
3018f0172938,Pro-MiniMax-M2.5,历史场景叙事,2428,659,94,25.829787234042552
bb49e2772c84,Pro-MiniMax-M2.5,沉浸式体验设计,3671,1195,76,48.30263157894737
a1273a40e2b1,Pro-MiniMax-M2.5,博物馆导览讲解,1760,517,73,24.10958904109589
d38214f0cfdb,Pro-MiniMax-M2.5,历史场景叙事,966,286,49,19.714285714285715
12461cd1f5e8,Pro-MiniMax-M2.5,沉浸式体验设计,3663,1051,125,29.304
fe4d4cf0887d,Pro-MiniMax-M2.5,博物馆导览讲解,1756,496,55,31.927272727272726
1657c3b898c0,Pro-MiniMax-M2.5,历史场景叙事,1654,511,70,23.62857142857143
d503ef5b083e,Pro-MiniMax-M2.5,沉浸式体验设计,3575,1117,81,44.135802469135804
7900dca30133,Pro-MiniMax-M2.5,博物馆导览讲解,2512,706,67,37.492537313432834
353698c27c32,Pro-MiniMax-M2.5,历史场景叙事,2732,779,102,26.784313725490197
32246a1e09b7,Pro-MiniMax-M2.5,沉浸式体验设计,3701,1068,113,32.75221238938053
7b4bb274118c,Pro-MiniMax-M2.5,博物馆导览讲解,1940,527,64,30.3125
c50fa5fa2d51,Pro-MiniMax-M2.5,历史场景叙事,2295,602,114,20.13157894736842
0c04b336887f,Pro-MiniMax-M2.5,沉浸式体验设计,3781,1062,108,35.00925925925926
db15b246505a,Pro-MiniMax-M2.5,博物馆导览讲解,2035,625,57,35.70175438596491
4467b78363c2,Pro-MiniMax-M2.5,历史场景叙事,2172,618,103,21.0873786407767
306c60a21204,Pro-MiniMax-M2.5,沉浸式体验设计,3674,1121,107,34.33644859813084
3a89fff36b34,Pro-MiniMax-M2.5,博物馆导览讲解,2098,605,61,34.39344262295082
6ef9ba3f7eac,Pro-MiniMax-M2.5,历史场景叙事,3368,818,133,25.32330827067669
2f1854f86140,Pro-MiniMax-M2.5,沉浸式体验设计,3754,1005,109,34.440366972477065
94e96b7f0701,DeepSeek-V4-Pro,历史场景叙事,1486,434,49,30.3265306122449
44ee136ad14d,DeepSeek-V4-Pro,历史场景叙事,2284,648,66,34.60606060606061
68a86758fe17,LongCat-2.0,博物馆导览讲解,1389,411,53,26.20754716981132
961db5cb11e1,LongCat-2.0,历史场景叙事,2719,728,107,25.411214953271028
b4a0b1d0205e,LongCat-2.0,沉浸式体验设计,822,238,27,30.444444444444443
9e0a90f1f4ce,LongCat-2.0,博物馆导览讲解,1389,381,57,24.36842105263158
417c5c5d579e,LongCat-2.0,历史场景叙事,1852,495,83,22.313253012048193
55415dc2ca14,LongCat-2.0,沉浸式体验设计,3151,703,147,21.435374149659864
4faab58cfc71,LongCat-2.0,博物馆导览讲解,909,269,30,30.3
d6c5f4437024,LongCat-2.0,历史场景叙事,2123,601,92,23.07608695652174
837ae006e4ea,LongCat-2.0,沉浸式体验设计,3881,552,125,31.048
b9104797901a,LongCat-2.0,博物馆导览讲解,465,139,20,23.25
8406b46ecef1,LongCat-2.0,历史场景叙事,2257,648,103,21.9126213592233
259967229eae,LongCat-2.0,沉浸式体验设计,3559,724,161,22.1055900621118
05884f0c9d0f,LongCat-2.0,博物馆导览讲解,2180,618,86,25.348837209302324
b5f137cece97,LongCat-2.0,历史场景叙事,2932,892,107,27.401869158878505
c65abb315970,LongCat-2.0,沉浸式体验设计,2907,790,116,25.060344827586206
616156b0f47e,LongCat-2.0,博物馆导览讲解,986,298,38,25.94736842105263
07455aaf9819,LongCat-2.0,历史场景叙事,2775,771,116,23.92241379310345
05f4128acffb,LongCat-2.0,沉浸式体验设计,3913,689,160,24.45625
213bb66bece8,LongCat-2.0,博物馆导览讲解,2105,610,83,25.36144578313253
4704f0d75696,LongCat-2.0,历史场景叙事,1483,462,69,21.492753623188406
10154aeab5d7,LongCat-2.0,沉浸式体验设计,2382,659,103,23.12621359223301
257ad8ade253,LongCat-2.0,博物馆导览讲解,2299,588,90,25.544444444444444
1129e845cf24,LongCat-2.0,历史场景叙事,2603,681,153,17.013071895424837
ff4cfc1577ba,LongCat-2.0,沉浸式体验设计,4013,533,130,30.869230769230768
b5cb50a343bd,GLM-5.2,博物馆导览讲解,1121,346,34,32.970588235294116
fb0e816cf5b1,GLM-5.2,历史场景叙事,1456,452,42,34.666666666666664
08e822474c92,GLM-5.2,沉浸式体验设计,2347,695,77,30.48051948051948
ddf07a1af495,GLM-5.2,博物馆导览讲解,1134,312,35,32.4
f96f09c0f179,GLM-5.2,历史场景叙事,1239,362,43,28.813953488372093
6d8a03fea3de,GLM-5.2,沉浸式体验设计,2240,646,74,30.27027027027027
186a3edbcff8,GLM-5.2,博物馆导览讲解,1461,448,41,35.63414634146341
389c41a5c621,GLM-5.2,历史场景叙事,2314,695,69,33.53623188405797
b5d73ef311fb,GLM-5.2,沉浸式体验设计,2346,674,65,36.09230769230769
ab6f9dadbc2b,GLM-5.2,博物馆导览讲解,1398,435,38,36.78947368421053
3172f7bf5a81,GLM-5.2,历史场景叙事,1509,471,49,30.79591836734694
33fd6767c9ad,GLM-5.2,沉浸式体验设计,2603,778,75,34.70666666666666
3c62ac348c10,GLM-5.2,博物馆导览讲解,1323,430,36,36.75
6bb637b81488,GLM-5.2,历史场景叙事,1623,499,54,30.055555555555557
b97f3b6d4273,GLM-5.2,沉浸式体验设计,2555,776,75,34.06666666666667
73f1a8ac7689,GLM-5.2,博物馆导览讲解,1269,391,43,29.511627906976745
d41eb70bbe9d,GLM-5.2,历史场景叙事,1903,574,62,30.693548387096776
9422f7b06161,GLM-5.2,沉浸式体验设计,2645,782,67,39.47761194029851
cd54576714d9,GLM-5.2,博物馆导览讲解,1617,474,49,33.0
d4cac11c7ab6,GLM-5.2,历史场景叙事,2350,719,71,33.098591549295776
6c9129e92e3a,GLM-5.2,沉浸式体验设计,2363,701,65,36.353846153846156
7051c1138089,GLM-5.2,博物馆导览讲解,1186,350,35,33.885714285714286
2d43ad8ad1ba,GLM-5.2,历史场景叙事,1596,457,46,34.69565217391305
531c02e52c59,GLM-5.2,沉浸式体验设计,2582,741,74,34.891891891891895
5c2bbcf9bcd6,Kimi-K2.7-Code,博物馆导览讲解,976,306,32,30.5
5a0cb9d909e8,Kimi-K2.7-Code,历史场景叙事,1675,498,43,38.95348837209303
66f2a95e37c0,Kimi-K2.7-Code,沉浸式体验设计,3504,1012,103,34.019417475728154
1274e41b9c24,Kimi-K2.7-Code,博物馆导览讲解,1028,295,32,32.125
3f3968a2c3a9,Kimi-K2.7-Code,历史场景叙事,2218,560,53,41.84905660377358
6e16dd5e5118,Kimi-K2.7-Code,沉浸式体验设计,3470,905,123,28.211382113821138
16b7518f50b6,Kimi-K2.7-Code,博物馆导览讲解,950,313,26,36.53846153846154
c7a88a3434e8,Kimi-K2.7-Code,历史场景叙事,2028,555,43,47.16279069767442
4c854dd9c4a9,Kimi-K2.7-Code,沉浸式体验设计,3612,958,102,35.411764705882355
3dbded89cdfc,Kimi-K2.7-Code,博物馆导览讲解,1255,374,26,48.26923076923077
2d2ac0482bc3,Kimi-K2.7-Code,历史场景叙事,3010,863,112,26.875
005bb33ef162,Kimi-K2.7-Code,沉浸式体验设计,3261,909,110,29.645454545454545
9a2df2a5301e,Kimi-K2.7-Code,博物馆导览讲解,1174,374,32,36.6875
1afb997929fa,Kimi-K2.7-Code,历史场景叙事,1530,440,46,33.26086956521739
669bbd6d25b5,Kimi-K2.7-Code,沉浸式体验设计,9184,994,106,86.64150943396227
2a6f094fece8,Kimi-K2.7-Code,博物馆导览讲解,1022,313,27,37.851851851851855
3e29b5e6fb73,Kimi-K2.7-Code,历史场景叙事,1617,465,52,31.096153846153847
063b93f4e53b,Kimi-K2.7-Code,沉浸式体验设计,3709,1051,118,31.43220338983051
3798ae4d77e4,Kimi-K2.7-Code,博物馆导览讲解,1465,411,47,31.170212765957448
9fba14485a05,Kimi-K2.7-Code,历史场景叙事,3211,935,97,33.103092783505154
e2bfc47aa4fe,Kimi-K2.7-Code,沉浸式体验设计,3610,1038,105,34.38095238095238
bc38aad9598c,Kimi-K2.7-Code,博物馆导览讲解,765,252,18,42.5
2852f4240da7,Kimi-K2.7-Code,历史场景叙事,2933,791,112,26.1875
741369a15205,Kimi-K2.7-Code,沉浸式体验设计,3525,948,108,32.638888888888886
943b740584e8,DeepSeek-V4-Pro,博物馆导览讲解,1083,91,26,41.65384615384615
f5e66eaea9aa,DeepSeek-V4-Pro,历史场景叙事,1790,524,68,26.323529411764707
4cffcb9a9e90,DeepSeek-V4-Pro,沉浸式体验设计,2891,843,75,38.54666666666667
6ee0587a7be7,DeepSeek-V4-Pro,博物馆导览讲解,4420,553,57,77.54385964912281
78e217891c1b,DeepSeek-V4-Pro,历史场景叙事,1185,342,35,33.857142857142854
f01e2b7277cd,DeepSeek-V4-Pro,沉浸式体验设计,3210,926,100,32.1
49c6ec72b12f,DeepSeek-V4-Pro,博物馆导览讲解,1403,429,37,37.91891891891892
957f11790bbc,DeepSeek-V4-Pro,历史场景叙事,2112,647,72,29.333333333333332
3375bd27768d,DeepSeek-V4-Pro,沉浸式体验设计,3048,963,102,29.88235294117647
303fda15a14f,DeepSeek-V4-Pro,博物馆导览讲解,1500,454,38,39.473684210526315
92f7aab1839b,DeepSeek-V4-Pro,历史场景叙事,1701,520,48,35.4375
7d2ede00f26b,DeepSeek-V4-Pro,沉浸式体验设计,3192,886,109,29.28440366972477
30c2a1f09214,DeepSeek-V4-Pro,博物馆导览讲解,3837,452,34,112.8529411764706
dfced14aeb60,DeepSeek-V4-Pro,历史场景叙事,1539,453,44,34.97727272727273
dd8f49259db6,DeepSeek-V4-Pro,沉浸式体验设计,3155,1000,73,43.21917808219178
0a0eda73cfe3,DeepSeek-V4-Pro,博物馆导览讲解,1228,362,38,32.31578947368421
af0ac804e342,DeepSeek-V4-Pro,历史场景叙事,2114,645,63,33.55555555555556
1689fe654bde,DeepSeek-V4-Pro,沉浸式体验设计,3235,1019,69,46.88405797101449
99fa48194584,DeepSeek-V4-Pro,博物馆导览讲解,896,270,25,35.84
52535319d3f2,DeepSeek-V4-Pro,历史场景叙事,2033,622,56,36.30357142857143
e48f2330faa3,DeepSeek-V4-Pro,沉浸式体验设计,2678,791,71,37.71830985915493
3f497462e63f,DeepSeek-V4-Pro,博物馆导览讲解,1038,318,29,35.793103448275865
0cf12c9d00a6,DeepSeek-V4-Pro,历史场景叙事,2107,587,70,30.1
d935f88de2f0,DeepSeek-V4-Pro,沉浸式体验设计,2041,602,57,35.80701754385965
092025490b2a,DeepSeek-V4-Flash,博物馆导览讲解,1005,314,25,40.2
621a73545493,DeepSeek-V4-Flash,历史场景叙事,1315,397,38,34.60526315789474
787d1582d47e,DeepSeek-V4-Flash,沉浸式体验设计,3288,945,104,31.615384615384617
205be9335272,DeepSeek-V4-Flash,博物馆导览讲解,1092,320,40,27.3
9b57f6ecfd31,DeepSeek-V4-Flash,历史场景叙事,787,241,22,35.77272727272727
311074f79428,DeepSeek-V4-Flash,沉浸式体验设计,3334,997,104,32.05769230769231
44aef1f3906e,DeepSeek-V4-Flash,博物馆导览讲解,995,320,32,31.09375
f8094929e353,DeepSeek-V4-Flash,历史场景叙事,1478,434,46,32.130434782608695
591b348f95be,DeepSeek-V4-Flash,沉浸式体验设计,3456,1009,103,33.55339805825243
1dc4d006e2c3,DeepSeek-V4-Flash,博物馆导览讲解,1061,335,35,30.314285714285713
8da8cbcedda2,DeepSeek-V4-Flash,历史场景叙事,1901,611,53,35.867924528301884
5214874f0e44,DeepSeek-V4-Flash,沉浸式体验设计,2320,707,52,44.61538461538461
e1e6041c491a,DeepSeek-V4-Flash,博物馆导览讲解,899,298,23,39.08695652173913
caaa2ae01a35,DeepSeek-V4-Flash,历史场景叙事,1385,423,34,40.73529411764706
65781dabe079,DeepSeek-V4-Flash,沉浸式体验设计,3221,996,79,40.77215189873418
048bdfe804bf,DeepSeek-V4-Flash,博物馆导览讲解,873,277,29,30.103448275862068
343b047e67f2,DeepSeek-V4-Flash,历史场景叙事,1153,373,37,31.16216216216216
e8af67ef8c6a,DeepSeek-V4-Flash,沉浸式体验设计,3215,932,134,23.992537313432837
2b50c523e8a5,DeepSeek-V4-Flash,博物馆导览讲解,4244,492,50,84.88
9de0ee5b3de9,DeepSeek-V4-Flash,历史场景叙事,1138,350,41,27.75609756097561
6d3e9c1a96ff,DeepSeek-V4-Flash,沉浸式体验设计,3378,990,123,27.463414634146343
8d26a01253e8,DeepSeek-V4-Flash,博物馆导览讲解,944,287,31,30.451612903225808
aa016d26f560,DeepSeek-V4-Flash,历史场景叙事,1047,300,43,24.348837209302324
f7d8ae857195,DeepSeek-V4-Flash,沉浸式体验设计,3346,1055,113,29.61061946902655
cb330c536629,Pro-Kimi-K2.6,博物馆导览讲解,1138,348,32,35.5625
704bdc4f5599,Pro-Kimi-K2.6,历史场景叙事,1490,472,41,36.34146341463415
49daf0265aaa,Pro-Kimi-K2.6,沉浸式体验设计,3496,942,95,36.8
60ab2306082d,Pro-Kimi-K2.6,博物馆导览讲解,767,234,24,31.958333333333332
87f657e24cb7,Pro-Kimi-K2.6,历史场景叙事,2242,627,64,35.03125
d7369850393a,Pro-Kimi-K2.6,沉浸式体验设计,3676,1002,89,41.30337078651685
3af6eccbeb3a,Pro-Kimi-K2.6,博物馆导览讲解,1362,434,32,42.5625
173523202c03,Pro-Kimi-K2.6,历史场景叙事,2683,755,75,35.77333333333333
9cb9e1fd1bbe,Pro-Kimi-K2.6,沉浸式体验设计,3710,1003,102,36.372549019607845
6571d063a32e,Pro-Kimi-K2.6,博物馆导览讲解,1215,377,26,46.73076923076923
02012aa016b4,Pro-Kimi-K2.6,历史场景叙事,1663,516,41,40.5609756097561
1304f82e26c0,Pro-Kimi-K2.6,沉浸式体验设计,3298,976,76,43.39473684210526
52e06d7de2c4,Pro-Kimi-K2.6,博物馆导览讲解,3754,411,32,117.3125
2fcfc55ffdf1,Pro-Kimi-K2.6,历史场景叙事,1762,523,49,35.95918367346939
567c1e386bcf,Pro-Kimi-K2.6,沉浸式体验设计,3623,1058,92,39.380434782608695
ff440223883b,Pro-Kimi-K2.6,博物馆导览讲解,807,257,20,40.35
4b9c18b57c17,Pro-Kimi-K2.6,历史场景叙事,1928,587,59,32.67796610169491
3d84d05de72c,Pro-Kimi-K2.6,沉浸式体验设计,3232,970,79,40.91139240506329
b59b5eb1a2f3,Pro-Kimi-K2.6,博物馆导览讲解,3691,446,42,87.88095238095238
6f68d0726c6d,Pro-Kimi-K2.6,历史场景叙事,2528,730,84,30.095238095238095
4cfd9cb2dab6,Pro-Kimi-K2.6,沉浸式体验设计,3743,1022,83,45.096385542168676
959468655f3d,Pro-Kimi-K2.6,博物馆导览讲解,1105,362,32,34.53125
a62dbaddb74b,Pro-Kimi-K2.6,历史场景叙事,2178,659,66,33.0
4df4999cde3c,Pro-Kimi-K2.6,沉浸式体验设计,3110,925,87,35.747126436781606
6a8c23f45386,Pro-GLM-5.1,博物馆导览讲解,1110,342,31,35.806451612903224
bd6c9e32fb91,Pro-GLM-5.1,历史场景叙事,1421,428,41,34.65853658536585
9b618bc5a02d,Pro-GLM-5.1,沉浸式体验设计,2119,629,60,35.31666666666667
d9f438313705,Pro-GLM-5.1,博物馆导览讲解,1131,325,39,29.0
86a8a671819f,Pro-GLM-5.1,历史场景叙事,1764,508,68,25.941176470588236
25b5a02c5cb7,Pro-GLM-5.1,沉浸式体验设计,2355,643,69,34.130434782608695
0ef383372f27,Pro-GLM-5.1,博物馆导览讲解,1388,419,36,38.55555555555556
0fa6b6267842,Pro-GLM-5.1,历史场景叙事,1520,461,40,38.0
89bbb635e48d,Pro-GLM-5.1,沉浸式体验设计,2334,719,59,39.559322033898304
cbce592b985c,Pro-GLM-5.1,博物馆导览讲解,1371,440,36,38.083333333333336
9a1ab885e2e8,Pro-GLM-5.1,历史场景叙事,2263,667,69,32.79710144927536
6ea6a0fdc027,Pro-GLM-5.1,沉浸式体验设计,2843,853,74,38.41891891891892
4f09cbf47a65,Pro-GLM-5.1,博物馆导览讲解,1265,411,34,37.205882352941174
ab9e4f2e7a6d,Pro-GLM-5.1,历史场景叙事,1721,525,53,32.471698113207545
4bb754002b15,Pro-GLM-5.1,沉浸式体验设计,2272,715,62,36.645161290322584
66d57ca2f084,Pro-GLM-5.1,博物馆导览讲解,1500,453,46,32.608695652173914
449d8c5bde59,Pro-GLM-5.1,历史场景叙事,1836,544,59,31.11864406779661
d77160f7d2a0,Pro-GLM-5.1,沉浸式体验设计,2645,761,73,36.23287671232877
b76cab8bc24b,Pro-GLM-5.1,博物馆导览讲解,1376,429,37,37.189189189189186
77c1256b380b,Pro-GLM-5.1,历史场景叙事,1862,576,56,33.25
c15bc750ea7d,Pro-GLM-5.1,沉浸式体验设计,2356,690,64,36.8125
0ffb923999e1,Pro-GLM-5.1,博物馆导览讲解,1128,352,35,32.22857142857143
e235733363bb,Pro-GLM-5.1,历史场景叙事,1590,469,48,33.125
a9b96fba16fa,Pro-GLM-5.1,沉浸式体验设计,2252,665,69,32.63768115942029
d363f3bf4f8d,Nex-N2-Pro,博物馆导览讲解,57,17,4,14.25
bce86d107fe3,Nex-N2-Pro,历史场景叙事,3,1,1,3.0
3fc93e7b32b2,Nex-N2-Pro,沉浸式体验设计,3,1,1,3.0
61a2f6d97f90,Nex-N2-Pro,博物馆导览讲解,3,1,1,3.0
e1fe7d795324,Nex-N2-Pro,历史场景叙事,3,1,1,3.0
3fd60c90da79,Nex-N2-Pro,沉浸式体验设计,3,1,1,3.0
c7a7481af8a2,Nex-N2-Pro,博物馆导览讲解,1238,405,34,36.411764705882355
e25cc3130a6c,Nex-N2-Pro,历史场景叙事,3,1,1,3.0
eb74f8b526e0,Nex-N2-Pro,沉浸式体验设计,3,1,1,3.0
5b5511f5827b,Nex-N2-Pro,博物馆导览讲解,3,1,1,3.0
0714eaf169f4,Nex-N2-Pro,历史场景叙事,3,1,1,3.0
beb7d06ef38b,Nex-N2-Pro,沉浸式体验设计,3,1,1,3.0
1ae133c4e08f,Nex-N2-Pro,博物馆导览讲解,3,1,1,3.0
c538b3df68c1,Nex-N2-Pro,历史场景叙事,3,1,1,3.0
fc4d86429c59,Nex-N2-Pro,沉浸式体验设计,3,1,1,3.0
e71f65372ae1,Nex-N2-Pro,博物馆导览讲解,3,1,1,3.0
adc4d3924147,Nex-N2-Pro,历史场景叙事,3,1,1,3.0
85012c335ba0,Nex-N2-Pro,沉浸式体验设计,3,1,1,3.0
c143b569ff3b,Nex-N2-Pro,博物馆导览讲解,3,1,1,3.0
86a94992b181,Nex-N2-Pro,历史场景叙事,3,1,1,3.0
c3cf0de0d9ab,Nex-N2-Pro,沉浸式体验设计,3,1,1,3.0
00a97fe0bbfe,Nex-N2-Pro,博物馆导览讲解,3,1,1,3.0
715add614442,Nex-N2-Pro,历史场景叙事,3,1,1,3.0
f0fb2a76bf0f,Nex-N2-Pro,沉浸式体验设计,3,1,1,3.0
d700dc7f88ec,MiniMax-M2.5,博物馆导览讲解,1289,396,39,33.05128205128205
2d5b917a4d33,MiniMax-M2.5,历史场景叙事,3140,887,118,26.610169491525422
79731f291854,MiniMax-M2.5,沉浸式体验设计,3600,1112,99,36.36363636363637
ee723ce56143,MiniMax-M2.5,博物馆导览讲解,1272,337,58,21.93103448275862
c0b15876462a,MiniMax-M2.5,历史场景叙事,1719,438,94,18.28723404255319
d5341924296d,MiniMax-M2.5,沉浸式体验设计,3271,889,128,25.5546875
c452de6b6343,MiniMax-M2.5,博物馆导览讲解,1539,469,54,28.5
3fa285909a9e,MiniMax-M2.5,历史场景叙事,2082,589,67,31.074626865671643
a26b94c0e9bb,MiniMax-M2.5,沉浸式体验设计,3708,1091,111,33.4054054054054
de716f648577,MiniMax-M2.5,博物馆导览讲解,1659,516,57,29.105263157894736
46d272c7f693,MiniMax-M2.5,历史场景叙事,3197,993,74,43.2027027027027
882cc8f09b97,MiniMax-M2.5,沉浸式体验设计,3283,1073,87,37.735632183908045
4656bb673766,MiniMax-M2.5,博物馆导览讲解,1449,423,48,30.1875
53b0a0176f0f,MiniMax-M2.5,历史场景叙事,2254,665,95,23.726315789473684
2e0fa95937e1,MiniMax-M2.5,沉浸式体验设计,3649,1065,96,38.010416666666664
45bd3f4f5fdb,MiniMax-M2.5,博物馆导览讲解,2425,679,97,25.0
58a055689e3a,MiniMax-M2.5,历史场景叙事,1853,484,73,25.383561643835616
1e222bc1268e,MiniMax-M2.5,沉浸式体验设计,3708,1027,131,28.30534351145038
96f38d549f15,MiniMax-M2.5,博物馆导览讲解,1252,386,36,34.77777777777778
0eab4aab3211,MiniMax-M2.5,历史场景叙事,1538,418,77,19.974025974025974
2e32ae1c900f,MiniMax-M2.5,沉浸式体验设计,3723,1138,96,38.78125
ac34c32c61ff,MiniMax-M2.5,博物馆导览讲解,1255,346,50,25.1
8dfaa2a7bb37,MiniMax-M2.5,历史场景叙事,1873,551,65,28.815384615384616
29aaabe4e49a,MiniMax-M2.5,沉浸式体验设计,3634,1068,127,28.614173228346456
e11b6407c47a,Pro-MiniMax-M2.5,博物馆导览讲解,902,288,28,32.214285714285715
1407174d22a9,Pro-MiniMax-M2.5,历史场景叙事,1665,496,59,28.220338983050848
f4a5508454fd,Pro-MiniMax-M2.5,沉浸式体验设计,3485,1046,113,30.84070796460177
7345e1409793,Pro-MiniMax-M2.5,博物馆导览讲解,2647,396,63,42.01587301587302
525b0863bfe3,Pro-MiniMax-M2.5,历史场景叙事,1819,510,60,30.316666666666666
7ff591c3d8df,Pro-MiniMax-M2.5,沉浸式体验设计,3882,1073,138,28.130434782608695
5ffcaab2d231,Pro-MiniMax-M2.5,博物馆导览讲解,2015,574,58,34.741379310344826
5d755ff1120c,Pro-MiniMax-M2.5,历史场景叙事,1347,384,47,28.659574468085108
24582ee97e65,Pro-MiniMax-M2.5,沉浸式体验设计,3744,1169,91,41.142857142857146
4ce572c5713e,Pro-MiniMax-M2.5,博物馆导览讲解,1837,534,73,25.164383561643834
044b5035584f,Pro-MiniMax-M2.5,历史场景叙事,3582,981,85,42.141176470588235
77417a66c092,Pro-MiniMax-M2.5,沉浸式体验设计,3410,1056,119,28.65546218487395
f08f56c33218,Pro-MiniMax-M2.5,博物馆导览讲解,1310,405,46,28.47826086956522
909164f2f827,Pro-MiniMax-M2.5,历史场景叙事,2239,623,99,22.616161616161616
ce943dd67596,Pro-MiniMax-M2.5,沉浸式体验设计,3695,998,148,24.966216216216218
d2738b769f4b,Pro-MiniMax-M2.5,博物馆导览讲解,1282,347,50,25.64
88024e605bfd,Pro-MiniMax-M2.5,历史场景叙事,3037,804,140,21.692857142857143
8db1680e88fd,Pro-MiniMax-M2.5,沉浸式体验设计,3681,1093,104,35.39423076923077
6ec8f0fe692a,Pro-MiniMax-M2.5,博物馆导览讲解,2334,647,92,25.369565217391305
490031bc8755,Pro-MiniMax-M2.5,历史场景叙事,1389,420,38,36.55263157894737
36fbc9bdf373,Pro-MiniMax-M2.5,沉浸式体验设计,3651,1154,103,35.44660194174757
1cece5476982,Pro-MiniMax-M2.5,博物馆导览讲解,1357,398,53,25.60377358490566
64cc40fef076,Pro-MiniMax-M2.5,历史场景叙事,2291,661,90,25.455555555555556
6326ca74611d,Pro-MiniMax-M2.5,沉浸式体验设计,3642,1074,107,34.03738317757009
55471529c7b3,LongCat-2.0,博物馆导览讲解,1934,555,68,28.441176470588236
73c9b93f0d95,LongCat-2.0,历史场景叙事,1968,558,93,21.161290322580644
85ca344c4298,LongCat-2.0,沉浸式体验设计,1433,361,56,25.589285714285715
d0360b4e641b,LongCat-2.0,博物馆导览讲解,2118,520,112,18.910714285714285
2aa7abeebc4f,LongCat-2.0,历史场景叙事,2256,515,123,18.341463414634145
a68181f3ad25,LongCat-2.0,沉浸式体验设计,2448,652,104,23.53846153846154
4431939f8d18,LongCat-2.0,博物馆导览讲解,68,17,6,11.333333333333334
c9ed9f254d27,LongCat-2.0,历史场景叙事,2162,567,75,28.826666666666668
ca1dc4560417,LongCat-2.0,沉浸式体验设计,2926,805,125,23.408
9af078668b5a,LongCat-2.0,博物馆导览讲解,2292,637,90,25.466666666666665
7db085a2c561,LongCat-2.0,历史场景叙事,1933,499,91,21.24175824175824
e75190ce3a0b,LongCat-2.0,沉浸式体验设计,2852,771,140,20.37142857142857
c934baecd05f,LongCat-2.0,博物馆导览讲解,1826,499,76,24.026315789473685
f4da1a760f1d,LongCat-2.0,历史场景叙事,1523,440,72,21.15277777777778
12a21f873cfe,LongCat-2.0,沉浸式体验设计,2726,713,121,22.52892561983471
bd226e1b4453,LongCat-2.0,博物馆导览讲解,2280,612,93,24.516129032258064
a7a74e18f3a9,LongCat-2.0,历史场景叙事,2847,703,185,15.389189189189189
3cf442ecaa92,LongCat-2.0,沉浸式体验设计,4216,624,125,33.728
94479d9de145,LongCat-2.0,博物馆导览讲解,2424,682,101,24.0
ccf40823d12b,LongCat-2.0,历史场景叙事,1765,481,73,24.17808219178082
28f1f32aa168,LongCat-2.0,沉浸式体验设计,2858,735,146,19.575342465753426
28d84d07508d,LongCat-2.0,博物馆导览讲解,1946,519,69,28.202898550724637
ffce8a1af53c,LongCat-2.0,历史场景叙事,1704,483,86,19.813953488372093
ea79b57b9101,LongCat-2.0,沉浸式体验设计,2780,776,104,26.73076923076923
404a42b5dd0d,LongCat-2.0,博物馆导览讲解,2280,657,71,32.11267605633803
3a295b656e85,LongCat-2.0,历史场景叙事,2192,596,84,26.095238095238095
410792a39406,LongCat-2.0,沉浸式体验设计,1983,582,63,31.476190476190474
3624af3c7937,LongCat-2.0,博物馆导览讲解,1611,387,81,19.88888888888889
e7434d0f0b22,LongCat-2.0,历史场景叙事,2662,649,144,18.48611111111111
fc7d78d74219,LongCat-2.0,沉浸式体验设计,2678,660,109,24.568807339449542
e5e5d0638bad,LongCat-2.0,博物馆导览讲解,2145,611,66,32.5
94f934673c84,LongCat-2.0,历史场景叙事,2281,649,96,23.760416666666668
31d9ccc15232,LongCat-2.0,沉浸式体验设计,2784,745,151,18.43708609271523
ea9a24b626b1,LongCat-2.0,博物馆导览讲解,1287,356,60,21.45
37e4750f7b7a,LongCat-2.0,历史场景叙事,1444,425,53,27.245283018867923
74e0b0b06ce6,LongCat-2.0,沉浸式体验设计,3057,806,114,26.81578947368421
8f19ca8fb433,LongCat-2.0,博物馆导览讲解,1484,394,59,25.152542372881356
c2f91c8acfbf,LongCat-2.0,历史场景叙事,2056,607,82,25.073170731707318
06d85416da84,LongCat-2.0,沉浸式体验设计,2817,776,106,26.57547169811321
2438e388f3ca,LongCat-2.0,博物馆导览讲解,1659,411,72,23.041666666666668
50710238ec0e,LongCat-2.0,历史场景叙事,1520,385,57,26.666666666666668
7a2d59e17091,LongCat-2.0,沉浸式体验设计,2782,683,111,25.063063063063062
66bd760130a7,LongCat-2.0,博物馆导览讲解,1654,483,57,29.017543859649123
9a8e5ce55f5e,LongCat-2.0,历史场景叙事,1179,347,43,27.41860465116279
09e607fa9ca3,LongCat-2.0,沉浸式体验设计,3229,765,127,25.4251968503937
f258e8ce3bb2,LongCat-2.0,博物馆导览讲解,2235,708,67,33.35820895522388
d5874104dd13,LongCat-2.0,历史场景叙事,1833,539,57,32.1578947368421
226844f9069c,LongCat-2.0,沉浸式体验设计,1741,487,69,25.231884057971016
4366abb6e206,LongCat-2.0,博物馆导览讲解,2145,609,76,28.223684210526315
0efb8a4a6586,LongCat-2.0,历史场景叙事,2113,579,88,24.011363636363637
83e32bf074f9,LongCat-2.0,沉浸式体验设计,1974,591,58,34.03448275862069
66fb2793fca4,LongCat-2.0,博物馆导览讲解,1670,476,64,26.09375
166bed6deaf5,LongCat-2.0,历史场景叙事,1790,498,66,27.12121212121212
455345d2a725,LongCat-2.0,沉浸式体验设计,3087,800,145,21.28965517241379
46b67325efcd,LongCat-2.0,博物馆导览讲解,2998,860,114,26.29824561403509
3d268c6a8de5,LongCat-2.0,历史场景叙事,2860,801,116,24.655172413793103
645326f69748,LongCat-2.0,沉浸式体验设计,2787,771,126,22.11904761904762
92fd3af88594,LongCat-2.0,博物馆导览讲解,1637,479,64,25.578125
f07b48213e0f,LongCat-2.0,历史场景叙事,2204,581,111,19.855855855855857
f87bfc62fa2d,LongCat-2.0,沉浸式体验设计,996,269,36,27.666666666666668
c2d35cb48b76,GLM-5.2,博物馆导览讲解,1358,450,32,42.4375
0ff4dd5de76e,GLM-5.2,历史场景叙事,1548,478,45,34.4
fdb11eef51c9,GLM-5.2,沉浸式体验设计,2398,707,66,36.333333333333336
dce9dcfb02d9,GLM-5.2,博物馆导览讲解,1350,403,45,30.0
27635c790feb,GLM-5.2,历史场景叙事,1950,533,83,23.49397590361446
a9947dc61c24,GLM-5.2,沉浸式体验设计,2233,651,62,36.016129032258064
23ebb5f67874,GLM-5.2,博物馆导览讲解,1430,436,47,30.425531914893618
5e305b69a01e,GLM-5.2,历史场景叙事,2680,783,87,30.804597701149426
fa682293982d,GLM-5.2,沉浸式体验设计,2067,634,54,38.27777777777778
6d4f2c974389,GLM-5.2,博物馆导览讲解,1291,405,36,35.861111111111114
817bebb9fe60,GLM-5.2,历史场景叙事,1295,388,48,26.979166666666668
40a57fd43baa,GLM-5.2,沉浸式体验设计,2383,715,63,37.82539682539682
74505e5a88c9,GLM-5.2,博物馆导览讲解,1181,370,33,35.78787878787879
7c9f77ae073f,GLM-5.2,历史场景叙事,1692,507,51,33.1764705882353
6c74bd3c2901,GLM-5.2,沉浸式体验设计,1908,570,57,33.473684210526315
3febe5d6cff8,GLM-5.2,博物馆导览讲解,1540,475,47,32.765957446808514
7612af898748,GLM-5.2,历史场景叙事,1653,503,53,31.18867924528302
de725a603b0e,GLM-5.2,沉浸式体验设计,2619,785,67,39.08955223880597
36809847dc7a,GLM-5.2,博物馆导览讲解,1404,448,34,41.294117647058826
b20ac21c4114,GLM-5.2,历史场景叙事,1824,540,57,32.0
98c672277886,GLM-5.2,沉浸式体验设计,2689,770,74,36.33783783783784
41cf77fd0f40,GLM-5.2,博物馆导览讲解,1431,441,43,33.27906976744186
febd245a14bc,GLM-5.2,历史场景叙事,1012,322,33,30.666666666666668
1d6f0a429b50,GLM-5.2,沉浸式体验设计,2233,628,66,33.833333333333336
52e5e071ee6a,GLM-5.2,博物馆导览讲解,1120,364,30,37.333333333333336
b2a6c08785a9,GLM-5.2,历史场景叙事,1879,580,62,30.306451612903224
dc0d226c3015,GLM-5.2,沉浸式体验设计,2172,644,66,32.90909090909091
f040057ccd5d,GLM-5.2,博物馆导览讲解,1344,386,47,28.595744680851062
2cb6c47dbf0a,GLM-5.2,历史场景叙事,1507,416,51,29.54901960784314
bcfe13000184,GLM-5.2,沉浸式体验设计,2292,664,68,33.705882352941174
4a1f41094155,GLM-5.2,博物馆导览讲解,1228,394,33,37.21212121212121
f21db8da813b,GLM-5.2,历史场景叙事,1425,438,39,36.53846153846154
a9b0c1929609,GLM-5.2,沉浸式体验设计,2241,666,67,33.44776119402985
3a6def0f99b5,GLM-5.2,博物馆导览讲解,1093,342,34,32.14705882352941
60fb9ac80bc6,GLM-5.2,历史场景叙事,1828,529,49,37.30612244897959
9f021728deda,GLM-5.2,沉浸式体验设计,2244,669,58,38.689655172413794
0af40e10f452,GLM-5.2,博物馆导览讲解,1070,356,29,36.89655172413793
c9478255429f,GLM-5.2,历史场景叙事,1206,364,40,30.15
366eea4000c7,GLM-5.2,沉浸式体验设计,2475,736,72,34.375
9005be69fbaa,GLM-5.2,博物馆导览讲解,1224,364,42,29.142857142857142
e7a189ff136c,GLM-5.2,历史场景叙事,1065,310,34,31.323529411764707
56f1ca6c1a74,GLM-5.2,沉浸式体验设计,2047,617,57,35.91228070175438
578fdf3587a3,GLM-5.2,博物馆导览讲解,1201,376,33,36.39393939393939
3b1b47949d64,GLM-5.2,历史场景叙事,1839,544,54,34.05555555555556
456943fb5142,GLM-5.2,沉浸式体验设计,2331,688,55,42.38181818181818
88f5da5bb9fe,GLM-5.2,博物馆导览讲解,1166,373,32,36.4375
dca2999ece9e,GLM-5.2,历史场景叙事,1877,579,62,30.274193548387096
11e720751e3c,GLM-5.2,沉浸式体验设计,2564,742,67,38.26865671641791
7b0ed1240dbf,GLM-5.2,博物馆导览讲解,1110,357,30,37.0
9563b131881f,GLM-5.2,历史场景叙事,1541,489,49,31.448979591836736
d71bf2e2aa6b,GLM-5.2,沉浸式体验设计,2114,658,55,38.43636363636364
cf9e8f7955eb,GLM-5.2,博物馆导览讲解,1300,411,38,34.21052631578947
a9161a896d83,GLM-5.2,历史场景叙事,1498,460,41,36.53658536585366
72eb3d4e8211,GLM-5.2,沉浸式体验设计,2328,721,59,39.45762711864407
90124319a63f,GLM-5.2,博物馆导览讲解,1278,417,30,42.6
bc1b07a6ba81,GLM-5.2,历史场景叙事,1841,579,65,28.323076923076922
d96793c7f204,GLM-5.2,沉浸式体验设计,1948,594,52,37.46153846153846
81b7f5a96522,GLM-5.2,博物馆导览讲解,1133,361,29,39.06896551724138
90d55e3613d5,GLM-5.2,历史场景叙事,1514,485,40,37.85
e436d8f762e3,GLM-5.2,沉浸式体验设计,2479,737,66,37.56060606060606
b9e8a5056ffa,Kimi-K2.7-Code,博物馆导览讲解,916,277,21,43.61904761904762
32d6cdf150a8,Kimi-K2.7-Code,历史场景叙事,2477,745,99,25.02020202020202
6f2a17735a9b,Kimi-K2.7-Code,沉浸式体验设计,3488,964,132,26.424242424242426
d603915a4c76,Kimi-K2.7-Code,博物馆导览讲解,1214,333,43,28.232558139534884
b9206c4b88b9,Kimi-K2.7-Code,历史场景叙事,2349,631,90,26.1
6a45adccbf1f,Kimi-K2.7-Code,沉浸式体验设计,3624,981,140,25.885714285714286
9c1649c5ff4e,Kimi-K2.7-Code,博物馆导览讲解,1397,411,34,41.088235294117645
1eb1e42e41d7,Kimi-K2.7-Code,历史场景叙事,2717,720,82,33.13414634146341
2a6e33a5c0ed,Kimi-K2.7-Code,沉浸式体验设计,3562,986,113,31.52212389380531
7259db152e09,Kimi-K2.7-Code,博物馆导览讲解,1555,469,42,37.023809523809526
331f777aca9d,Kimi-K2.7-Code,历史场景叙事,1491,430,39,38.23076923076923
aab2adb580c9,Kimi-K2.7-Code,沉浸式体验设计,3494,1014,102,34.254901960784316
d786695779a9,Kimi-K2.7-Code,博物馆导览讲解,1119,313,31,36.096774193548384
cc00f67b6d88,Kimi-K2.7-Code,历史场景叙事,1548,433,45,34.4
a6effe4c7455,Kimi-K2.7-Code,沉浸式体验设计,3681,963,153,24.058823529411764
2e025b17099c,Kimi-K2.7-Code,博物馆导览讲解,1062,332,26,40.84615384615385
974275d5527d,Kimi-K2.7-Code,历史场景叙事,2072,596,62,33.41935483870968
3b1e3ebf41a1,Kimi-K2.7-Code,沉浸式体验设计,3558,988,121,29.40495867768595
fb27858a1ee4,Kimi-K2.7-Code,博物馆导览讲解,1200,402,28,42.857142857142854
78cd94217e54,Kimi-K2.7-Code,历史场景叙事,2077,577,67,31.0
df7b59901602,Kimi-K2.7-Code,沉浸式体验设计,3536,998,120,29.466666666666665
a38e69658620,Kimi-K2.7-Code,博物馆导览讲解,1223,369,36,33.97222222222222
c5043e6fbb25,Kimi-K2.7-Code,历史场景叙事,2041,597,63,32.3968253968254
4d3d09b67b05,Kimi-K2.7-Code,沉浸式体验设计,3551,967,95,37.37894736842105
60ee98f99507,Kimi-K2.7-Code,博物馆导览讲解,1546,469,42,36.80952380952381
6fc44e547d0b,Kimi-K2.7-Code,历史场景叙事,2456,702,64,38.375
d916f7c33d5f,Kimi-K2.7-Code,沉浸式体验设计,3655,1041,97,37.68041237113402
74ef1158552f,Kimi-K2.7-Code,博物馆导览讲解,1865,485,64,29.140625
374267b33fe8,Kimi-K2.7-Code,历史场景叙事,2961,800,118,25.093220338983052
56d102f33ed6,Kimi-K2.7-Code,沉浸式体验设计,3110,908,98,31.73469387755102
4ddfab5b5652,Kimi-K2.7-Code,博物馆导览讲解,896,284,23,38.95652173913044
babc9f157706,Kimi-K2.7-Code,历史场景叙事,1566,486,50,31.32
d15957ac65e9,Kimi-K2.7-Code,沉浸式体验设计,3366,983,109,30.880733944954127
a40ca0662ee9,Kimi-K2.7-Code,博物馆导览讲解,1045,318,26,40.19230769230769
1f2beb954b64,Kimi-K2.7-Code,历史场景叙事,2378,614,67,35.492537313432834
d1ba35a08c50,Kimi-K2.7-Code,沉浸式体验设计,3492,946,112,31.178571428571427
199fdd5a5442,Kimi-K2.7-Code,博物馆导览讲解,1055,325,28,37.67857142857143
8f49f15c752c,Kimi-K2.7-Code,历史场景叙事,1475,434,54,27.314814814814813
e01dc79811ff,Kimi-K2.7-Code,沉浸式体验设计,3494,993,112,31.196428571428573
fa84ab3b634d,Kimi-K2.7-Code,博物馆导览讲解,1061,297,39,27.205128205128204
446ab8669d27,Kimi-K2.7-Code,历史场景叙事,2137,571,71,30.098591549295776
e577b408ad7a,Kimi-K2.7-Code,沉浸式体验设计,3126,820,93,33.61290322580645
aab3f38ca552,Kimi-K2.7-Code,博物馆导览讲解,1158,352,27,42.888888888888886
2a0f30babaa9,Kimi-K2.7-Code,历史场景叙事,2244,616,67,33.492537313432834
6a480039595e,Kimi-K2.7-Code,沉浸式体验设计,3619,963,111,32.6036036036036
0e4344fc7dd3,Kimi-K2.7-Code,博物馆导览讲解,1569,487,30,52.3
3481d3aae208,Kimi-K2.7-Code,历史场景叙事,1886,566,54,34.925925925925924
8ed5947837b0,Kimi-K2.7-Code,沉浸式体验设计,3288,908,115,28.591304347826085
cbcec6438fe9,Kimi-K2.7-Code,博物馆导览讲解,1314,408,35,37.542857142857144
467b7fc29164,Kimi-K2.7-Code,历史场景叙事,1541,461,40,38.525
12df11ee8c14,Kimi-K2.7-Code,沉浸式体验设计,3526,998,125,28.208
ccc98d59fa2d,Kimi-K2.7-Code,博物馆导览讲解,767,216,22,34.86363636363637
bc016b7175f9,Kimi-K2.7-Code,历史场景叙事,1609,468,51,31.54901960784314
9a74c1749110,Kimi-K2.7-Code,沉浸式体验设计,3680,1043,126,29.206349206349206
91f552128a9c,Kimi-K2.7-Code,博物馆导览讲解,1361,389,45,30.244444444444444
d4b15b4ff562,Kimi-K2.7-Code,历史场景叙事,2080,610,67,31.044776119402986
e5a9e1fb8bd5,Kimi-K2.7-Code,沉浸式体验设计,3591,1053,94,38.202127659574465
58a178b59a15,Kimi-K2.7-Code,博物馆导览讲解,852,264,26,32.76923076923077
5d8fce9652e5,Kimi-K2.7-Code,历史场景叙事,2113,595,68,31.073529411764707
1ef2140d7c3d,Kimi-K2.7-Code,沉浸式体验设计,3308,891,115,28.765217391304347
85f832031264,DeepSeek-V4-Pro,博物馆导览讲解,905,278,26,34.80769230769231
375982f81ff4,DeepSeek-V4-Pro,历史场景叙事,1237,397,31,39.903225806451616
62bac79c1c62,DeepSeek-V4-Pro,沉浸式体验设计,3059,930,63,48.55555555555556
7ff7c5f50cb0,DeepSeek-V4-Pro,博物馆导览讲解,3436,449,46,74.69565217391305
a13864c908fc,DeepSeek-V4-Pro,历史场景叙事,1749,502,55,31.8
53a9a48f664a,DeepSeek-V4-Pro,沉浸式体验设计,3120,997,84,37.142857142857146
40a59a882763,DeepSeek-V4-Pro,博物馆导览讲解,1362,420,38,35.8421052631579
c78eeb6f3867,DeepSeek-V4-Pro,历史场景叙事,2022,578,81,24.962962962962962
0b13aca57912,DeepSeek-V4-Pro,沉浸式体验设计,2922,892,69,42.34782608695652
94f3f9663fc0,DeepSeek-V4-Pro,博物馆导览讲解,1038,334,31,33.483870967741936
9ac485247c43,DeepSeek-V4-Pro,历史场景叙事,1556,500,36,43.22222222222222
f5cb6f09027d,DeepSeek-V4-Pro,沉浸式体验设计,2067,693,49,42.183673469387756
e82160db22f8,DeepSeek-V4-Pro,博物馆导览讲解,1054,324,28,37.642857142857146
c00fad6b4be5,DeepSeek-V4-Pro,历史场景叙事,1158,343,39,29.692307692307693
e8547d04e269,DeepSeek-V4-Pro,沉浸式体验设计,2675,875,70,38.214285714285715
51d6c386cecc,DeepSeek-V4-Pro,博物馆导览讲解,1404,413,42,33.42857142857143
c6cb882542eb,DeepSeek-V4-Pro,历史场景叙事,1580,453,47,33.61702127659574
57356268cd4f,DeepSeek-V4-Pro,沉浸式体验设计,2613,792,62,42.145161290322584
eb069b01431a,DeepSeek-V4-Pro,博物馆导览讲解,1293,382,39,33.15384615384615
e3648c2bd2a9,DeepSeek-V4-Pro,历史场景叙事,734,229,28,26.214285714285715
1e69b975efe1,DeepSeek-V4-Pro,沉浸式体验设计,2278,709,58,39.275862068965516
42ed39dbe256,DeepSeek-V4-Pro,博物馆导览讲解,1683,492,48,35.0625
60d827a8d810,DeepSeek-V4-Pro,历史场景叙事,2202,676,71,31.014084507042252
7501908e9cbb,DeepSeek-V4-Pro,沉浸式体验设计,2911,880,82,35.5
664a66c7faad,DeepSeek-V4-Pro,博物馆导览讲解,1512,470,38,39.78947368421053
1ac0d77de4d6,DeepSeek-V4-Pro,历史场景叙事,1758,544,57,30.842105263157894
7cd9eb9db4c9,DeepSeek-V4-Pro,沉浸式体验设计,2996,942,67,44.71641791044776
19c4401d7262,DeepSeek-V4-Pro,博物馆导览讲解,1250,343,33,37.878787878787875
32df32a654ed,DeepSeek-V4-Pro,历史场景叙事,1503,424,62,24.241935483870968
4378b0da2dbf,DeepSeek-V4-Pro,沉浸式体验设计,2000,641,56,35.714285714285715
c6a5ebf19cef,DeepSeek-V4-Pro,博物馆导览讲解,1763,555,45,39.17777777777778
e44233f01700,DeepSeek-V4-Pro,历史场景叙事,1631,508,38,42.921052631578945
cceb6af9d1fb,DeepSeek-V4-Pro,沉浸式体验设计,2722,857,66,41.24242424242424
f6a6b7817027,DeepSeek-V4-Pro,博物馆导览讲解,1351,404,43,31.41860465116279
fab3b2651438,DeepSeek-V4-Pro,历史场景叙事,1594,483,48,33.208333333333336
1f23afa1a41f,DeepSeek-V4-Pro,沉浸式体验设计,3290,1017,99,33.23232323232323
9eadc02d9b10,DeepSeek-V4-Pro,博物馆导览讲解,1199,365,31,38.67741935483871
9a52b006e760,DeepSeek-V4-Pro,历史场景叙事,1659,492,56,29.625
1de168bcfae0,DeepSeek-V4-Pro,沉浸式体验设计,3146,991,79,39.822784810126585
293230b77b0c,DeepSeek-V4-Pro,博物馆导览讲解,1374,407,41,33.51219512195122
e0e44d77f4b5,DeepSeek-V4-Pro,历史场景叙事,1538,442,55,27.963636363636365
aad973e8cf4d,DeepSeek-V4-Pro,沉浸式体验设计,2999,923,84,35.70238095238095
f743f4446bb1,DeepSeek-V4-Pro,博物馆导览讲解,1282,383,35,36.628571428571426
510521d21b19,DeepSeek-V4-Pro,历史场景叙事,1961,619,50,39.22
c6c4e45b02af,DeepSeek-V4-Pro,沉浸式体验设计,3364,1041,94,35.787234042553195
66a634b36e65,DeepSeek-V4-Pro,博物馆导览讲解,1224,364,37,33.08108108108108
ee1a0f4b27a9,DeepSeek-V4-Pro,历史场景叙事,1293,396,44,29.386363636363637
0b3d02feeacc,DeepSeek-V4-Pro,沉浸式体验设计,3263,1057,74,44.0945945945946
54cb2649379d,DeepSeek-V4-Pro,博物馆导览讲解,3359,393,34,98.79411764705883
ff98385d066d,DeepSeek-V4-Pro,历史场景叙事,2196,634,70,31.37142857142857
c779761dc10b,DeepSeek-V4-Pro,沉浸式体验设计,2938,983,82,35.829268292682926
9ca1b4ce4a6a,DeepSeek-V4-Pro,博物馆导览讲解,1011,308,28,36.107142857142854
4ea35dfc39b3,DeepSeek-V4-Pro,历史场景叙事,1928,557,52,37.07692307692308
54f077271c63,DeepSeek-V4-Pro,沉浸式体验设计,3245,1036,77,42.142857142857146
dd48b7f9261a,DeepSeek-V4-Pro,博物馆导览讲解,1066,354,25,42.64
90bbd9873cc4,DeepSeek-V4-Pro,历史场景叙事,2007,604,62,32.37096774193548
5bbbde7d04a2,DeepSeek-V4-Pro,沉浸式体验设计,2557,836,60,42.61666666666667
2f42d1bfbf5b,DeepSeek-V4-Pro,博物馆导览讲解,1698,519,47,36.12765957446808
36389b2255d9,DeepSeek-V4-Pro,历史场景叙事,1884,574,57,33.05263157894737
6d3d13a6dad7,DeepSeek-V4-Pro,沉浸式体验设计,2658,837,67,39.67164179104478
ce777690b1db,DeepSeek-V4-Flash,博物馆导览讲解,843,285,25,33.72
57bcc0dde1b3,DeepSeek-V4-Flash,历史场景叙事,1653,494,69,23.956521739130434
18afa715b17c,DeepSeek-V4-Flash,沉浸式体验设计,2977,946,87,34.2183908045977
b4c89d6ac4c8,DeepSeek-V4-Flash,博物馆导览讲解,788,234,24,32.833333333333336
47e1ec0ebc98,DeepSeek-V4-Flash,历史场景叙事,1280,364,54,23.703703703703702
aa5f01de5da2,DeepSeek-V4-Flash,沉浸式体验设计,3112,870,81,38.41975308641975
c4513d7d2b6a,DeepSeek-V4-Flash,博物馆导览讲解,1569,473,54,29.055555555555557
cde4eac347d1,DeepSeek-V4-Flash,历史场景叙事,1509,456,36,41.916666666666664
bb190b36dc85,DeepSeek-V4-Flash,沉浸式体验设计,2764,845,80,34.55
1bae406d5454,DeepSeek-V4-Flash,博物馆导览讲解,674,206,19,35.473684210526315
ceae670f19fb,DeepSeek-V4-Flash,历史场景叙事,602,197,16,37.625
2500a3fca305,DeepSeek-V4-Flash,沉浸式体验设计,2110,653,60,35.166666666666664
cb420c1329e6,DeepSeek-V4-Flash,博物馆导览讲解,1129,316,34,33.205882352941174
d27042408be2,DeepSeek-V4-Flash,历史场景叙事,951,287,33,28.818181818181817
2cd5bce1ec7f,DeepSeek-V4-Flash,沉浸式体验设计,3459,1032,110,31.445454545454545
a5bfe3c50934,DeepSeek-V4-Flash,博物馆导览讲解,944,275,39,24.205128205128204
37d34d60299d,DeepSeek-V4-Flash,历史场景叙事,1308,395,36,36.333333333333336
b261d721430e,DeepSeek-V4-Flash,沉浸式体验设计,3353,1038,86,38.98837209302326
aec4a6a6ddbb,DeepSeek-V4-Flash,博物馆导览讲解,901,285,26,34.65384615384615
09befbbac102,DeepSeek-V4-Flash,历史场景叙事,1275,387,41,31.097560975609756
fbc2f08d3b38,DeepSeek-V4-Flash,沉浸式体验设计,2199,649,74,29.716216216216218
de906402f77d,DeepSeek-V4-Flash,博物馆导览讲解,1316,401,38,34.63157894736842
3df53974277c,DeepSeek-V4-Flash,历史场景叙事,1107,337,38,29.13157894736842
063efa38ecb0,DeepSeek-V4-Flash,沉浸式体验设计,2289,678,62,36.91935483870968
618ebb819dbd,DeepSeek-V4-Flash,博物馆导览讲解,1204,375,34,35.411764705882355
8858121149ff,DeepSeek-V4-Flash,历史场景叙事,1926,584,59,32.644067796610166
ea4346ee70fa,DeepSeek-V4-Flash,沉浸式体验设计,3141,989,94,33.41489361702128
16ad36427d6f,DeepSeek-V4-Flash,博物馆导览讲解,867,272,34,25.5
2751751dc08f,DeepSeek-V4-Flash,历史场景叙事,1802,503,77,23.4025974025974
efc3c54f13f6,DeepSeek-V4-Flash,沉浸式体验设计,2543,684,78,32.6025641025641
9939916dfa1c,DeepSeek-V4-Flash,博物馆导览讲解,886,277,26,34.07692307692308
b9d1d17a5e0a,DeepSeek-V4-Flash,历史场景叙事,637,214,20,31.85
f2becab1eeeb,DeepSeek-V4-Flash,沉浸式体验设计,3406,907,120,28.383333333333333
85ddd395b454,DeepSeek-V4-Flash,博物馆导览讲解,2191,659,76,28.82894736842105
d6b47b5d0886,DeepSeek-V4-Flash,历史场景叙事,1374,432,38,36.1578947368421
59beb116f502,DeepSeek-V4-Flash,沉浸式体验设计,1962,582,65,30.184615384615384
232457a95a66,DeepSeek-V4-Flash,博物馆导览讲解,1172,351,49,23.918367346938776
abc4086e206c,DeepSeek-V4-Flash,历史场景叙事,1116,313,34,32.8235294117647
29c5584f164a,DeepSeek-V4-Flash,沉浸式体验设计,3232,975,88,36.72727272727273
b157736e89c8,DeepSeek-V4-Flash,博物馆导览讲解,1053,301,35,30.085714285714285
a6a41ce22b45,DeepSeek-V4-Flash,历史场景叙事,1333,389,52,25.634615384615383
5ec1a5a89038,DeepSeek-V4-Flash,沉浸式体验设计,3228,995,89,36.26966292134831
48299274fc3f,DeepSeek-V4-Flash,博物馆导览讲解,1489,449,46,32.369565217391305
34f50718370c,DeepSeek-V4-Flash,历史场景叙事,940,304,23,40.869565217391305
d49aafe54fb4,DeepSeek-V4-Flash,沉浸式体验设计,3457,1066,93,37.17204301075269
32113b75ea69,DeepSeek-V4-Flash,博物馆导览讲解,1155,368,34,33.970588235294116
103c5eb8f7ed,DeepSeek-V4-Flash,历史场景叙事,1993,622,63,31.634920634920636
83c5d6704f2c,DeepSeek-V4-Flash,沉浸式体验设计,3159,1023,85,37.16470588235294
60828744c565,DeepSeek-V4-Flash,博物馆导览讲解,1073,339,30,35.766666666666666
623199897d43,DeepSeek-V4-Flash,历史场景叙事,1301,424,41,31.73170731707317
5924200cc11e,DeepSeek-V4-Flash,沉浸式体验设计,3281,1028,83,39.53012048192771
8f47ed3e901a,DeepSeek-V4-Flash,博物馆导览讲解,917,285,29,31.620689655172413
d5b632726301,DeepSeek-V4-Flash,历史场景叙事,1318,407,34,38.76470588235294
0b730ac22df3,DeepSeek-V4-Flash,沉浸式体验设计,3142,935,126,24.936507936507937
0395882382f3,DeepSeek-V4-Flash,博物馆导览讲解,1101,333,36,30.583333333333332
b45ddbb5aa19,DeepSeek-V4-Flash,历史场景叙事,1282,420,38,33.73684210526316
f4b525c860be,DeepSeek-V4-Flash,沉浸式体验设计,3224,1028,73,44.16438356164384
fe5530a0517d,DeepSeek-V4-Flash,博物馆导览讲解,1241,368,36,34.47222222222222
46af2ef3466d,DeepSeek-V4-Flash,历史场景叙事,1840,558,51,36.07843137254902
5f10ed55cc1d,DeepSeek-V4-Flash,沉浸式体验设计,3311,1035,103,32.14563106796116
8b83826fabe5,Pro-Kimi-K2.6,博物馆导览讲解,1045,320,25,41.8
1f1b552298ff,Pro-Kimi-K2.6,历史场景叙事,1130,350,30,37.666666666666664
4289fc835fff,Pro-Kimi-K2.6,沉浸式体验设计,3314,1009,85,38.98823529411764
df26d58b80be,Pro-Kimi-K2.6,博物馆导览讲解,1045,304,31,33.70967741935484
50ea60364075,Pro-Kimi-K2.6,历史场景叙事,1560,423,56,27.857142857142858
3b962abcd9e9,Pro-Kimi-K2.6,沉浸式体验设计,3176,894,80,39.7
52937f227f4b,Pro-Kimi-K2.6,博物馆导览讲解,1816,515,55,33.018181818181816
d29c818353b2,Pro-Kimi-K2.6,历史场景叙事,3436,954,90,38.17777777777778
98d9f962d79b,Pro-Kimi-K2.6,沉浸式体验设计,3515,998,98,35.86734693877551
c0fa02361042,Pro-Kimi-K2.6,博物馆导览讲解,903,279,25,36.12
c900c432d89c,Pro-Kimi-K2.6,历史场景叙事,1448,439,42,34.476190476190474
a96d9484bd80,Pro-Kimi-K2.6,沉浸式体验设计,3491,1030,81,43.098765432098766
64151b5518af,Pro-Kimi-K2.6,博物馆导览讲解,4524,592,69,65.56521739130434
9dafdefa692c,Pro-Kimi-K2.6,历史场景叙事,1848,555,55,33.6
3ba1e01de707,Pro-Kimi-K2.6,沉浸式体验设计,3756,1048,121,31.041322314049587
112509eac517,Pro-Kimi-K2.6,博物馆导览讲解,1321,420,31,42.61290322580645
70dc8122a4c6,Pro-Kimi-K2.6,历史场景叙事,2096,593,58,36.13793103448276
ddcc36dd0e06,Pro-Kimi-K2.6,沉浸式体验设计,3616,1001,112,32.285714285714285
c9e02d3409ee,Pro-Kimi-K2.6,博物馆导览讲解,1058,333,24,44.083333333333336
d0c86b64f083,Pro-Kimi-K2.6,历史场景叙事,1624,469,56,29.0
a9507bf95fba,Pro-Kimi-K2.6,沉浸式体验设计,3621,1032,95,38.11578947368421
3b59083d5b0f,Pro-Kimi-K2.6,博物馆导览讲解,3571,446,45,79.35555555555555
315daa5e05d3,Pro-Kimi-K2.6,历史场景叙事,1944,588,47,41.361702127659576
8b82341e799a,Pro-Kimi-K2.6,沉浸式体验设计,3445,921,109,31.605504587155963
86b2943fe0b7,Pro-Kimi-K2.6,博物馆导览讲解,1112,339,32,34.75
61cb991294d5,Pro-Kimi-K2.6,历史场景叙事,2500,716,67,37.3134328358209
57b06f3dbb51,Pro-Kimi-K2.6,沉浸式体验设计,3628,978,90,40.31111111111111
6ffd5d61c97f,Pro-Kimi-K2.6,博物馆导览讲解,1092,297,37,29.513513513513512
891dbff0b5b1,Pro-Kimi-K2.6,历史场景叙事,1823,486,61,29.885245901639344
95576f4189e6,Pro-Kimi-K2.6,沉浸式体验设计,3429,973,93,36.87096774193548
55e08571ee12,Pro-Kimi-K2.6,博物馆导览讲解,1653,490,48,34.4375
728e259fcae4,Pro-Kimi-K2.6,历史场景叙事,2253,655,76,29.644736842105264
4283d8a88ff4,Pro-Kimi-K2.6,沉浸式体验设计,3306,968,90,36.733333333333334
21f4a3ec2dec,Pro-Kimi-K2.6,博物馆导览讲解,1202,372,26,46.23076923076923
9c2267f06c6e,Pro-Kimi-K2.6,历史场景叙事,1926,547,44,43.77272727272727
8d6ebe322ae2,Pro-Kimi-K2.6,沉浸式体验设计,3595,967,109,32.981651376146786
80d1985e6854,Pro-Kimi-K2.6,博物馆导览讲解,1143,356,34,33.61764705882353
1ebb7e52002d,Pro-Kimi-K2.6,历史场景叙事,1849,537,62,29.822580645161292
354f234416d6,Pro-Kimi-K2.6,沉浸式体验设计,3320,926,78,42.56410256410256
3507bcd971b5,Pro-Kimi-K2.6,博物馆导览讲解,1524,409,48,31.75
c59ac7a963f3,Pro-Kimi-K2.6,历史场景叙事,1656,465,47,35.234042553191486
dad693c2cc37,Pro-Kimi-K2.6,沉浸式体验设计,3416,972,98,34.857142857142854
264a7cb2d359,Pro-Kimi-K2.6,博物馆导览讲解,1288,407,29,44.41379310344828
34065ff235bd,Pro-Kimi-K2.6,历史场景叙事,1575,468,37,42.567567567567565
ee01b34881b3,Pro-Kimi-K2.6,沉浸式体验设计,3785,1004,91,41.59340659340659
288446134a7e,Pro-Kimi-K2.6,博物馆导览讲解,1303,417,34,38.3235294117647
65448d0d9423,Pro-Kimi-K2.6,历史场景叙事,2213,660,63,35.12698412698413
070cd67602c8,Pro-Kimi-K2.6,沉浸式体验设计,3314,967,87,38.0919540229885
ff63d174c1b0,Pro-Kimi-K2.6,博物馆导览讲解,4022,459,35,114.91428571428571
c0d7286373ca,Pro-Kimi-K2.6,历史场景叙事,2528,721,73,34.63013698630137
c70f4f4591ca,Pro-Kimi-K2.6,沉浸式体验设计,3479,1028,90,38.65555555555556
059148dde2e5,Pro-Kimi-K2.6,博物馆导览讲解,1313,430,30,43.766666666666666
9fa3aeb47b85,Pro-Kimi-K2.6,历史场景叙事,1298,400,28,46.357142857142854
d8ae1a80fd7f,Pro-Kimi-K2.6,沉浸式体验设计,3035,865,95,31.94736842105263
c282529d6850,Pro-Kimi-K2.6,博物馆导览讲解,1565,481,35,44.714285714285715
c62c72dc343e,Pro-Kimi-K2.6,历史场景叙事,2320,709,70,33.142857142857146
eb4edc70655e,Pro-Kimi-K2.6,沉浸式体验设计,3532,1043,74,47.729729729729726
e140e2c53470,Pro-Kimi-K2.6,博物馆导览讲解,1139,349,34,33.5
6a853a820e2d,Pro-Kimi-K2.6,历史场景叙事,1820,547,54,33.7037037037037
e63866811c34,Pro-Kimi-K2.6,沉浸式体验设计,3082,870,103,29.92233009708738
7ffb0074d834,Pro-GLM-5.1,博物馆导览讲解,1286,390,33,38.96969696969697
292724708078,Pro-GLM-5.1,历史场景叙事,941,300,22,42.77272727272727
6555f0b57d7b,Pro-GLM-5.1,沉浸式体验设计,2199,660,57,38.578947368421055
934c77ff1aae,Pro-GLM-5.1,博物馆导览讲解,1575,459,52,30.28846153846154
f841640da9b9,Pro-GLM-5.1,历史场景叙事,1710,446,57,30.0
655bcb1d5aaa,Pro-GLM-5.1,沉浸式体验设计,2444,696,62,39.41935483870968
4ab1632c4fbd,Pro-GLM-5.1,博物馆导览讲解,1458,443,39,37.38461538461539
3f9667dc7138,Pro-GLM-5.1,历史场景叙事,2161,581,73,29.602739726027398
d0689f3c41d4,Pro-GLM-5.1,沉浸式体验设计,2353,711,61,38.57377049180328
9d98ddf28f82,Pro-GLM-5.1,博物馆导览讲解,1101,337,31,35.516129032258064
cae6dc1f7e2d,Pro-GLM-5.1,历史场景叙事,1710,512,57,30.0
83efd5d737f6,Pro-GLM-5.1,沉浸式体验设计,2144,642,57,37.6140350877193
98e861caa3e7,Pro-GLM-5.1,博物馆导览讲解,1176,345,29,40.55172413793103
b563952e3f26,Pro-GLM-5.1,历史场景叙事,1243,358,34,36.55882352941177
b16c35fa7b9e,Pro-GLM-5.1,沉浸式体验设计,2292,662,66,34.72727272727273
fb38041fd879,Pro-GLM-5.1,博物馆导览讲解,1156,355,33,35.03030303030303
53a77413e363,Pro-GLM-5.1,历史场景叙事,1701,499,48,35.4375
a4fae1137e4b,Pro-GLM-5.1,沉浸式体验设计,2539,755,57,44.54385964912281
18d0ca5c3701,Pro-GLM-5.1,博物馆导览讲解,1318,424,33,39.93939393939394
615e339e29a0,Pro-GLM-5.1,历史场景叙事,1727,503,53,32.58490566037736
d21accdb19ec,Pro-GLM-5.1,沉浸式体验设计,2417,705,58,41.672413793103445
c17220e1188f,Pro-GLM-5.1,博物馆导览讲解,1477,433,46,32.108695652173914
fb3e381ea79a,Pro-GLM-5.1,历史场景叙事,1749,531,54,32.388888888888886
dfb910161d89,Pro-GLM-5.1,沉浸式体验设计,2223,645,60,37.05
5c4d4b9ceb56,Pro-GLM-5.1,博物馆导览讲解,1407,443,34,41.38235294117647
3ca11b0b43c1,Pro-GLM-5.1,历史场景叙事,1762,557,50,35.24
1d72640f1912,Pro-GLM-5.1,沉浸式体验设计,2085,638,60,34.75
be8bb449c7c8,Pro-GLM-5.1,博物馆导览讲解,1166,326,41,28.4390243902439
b17c5c02cfab,Pro-GLM-5.1,历史场景叙事,1777,486,64,27.765625
12f41ec70c52,Pro-GLM-5.1,沉浸式体验设计,2178,623,64,34.03125
18bc4148c00f,Pro-GLM-5.1,博物馆导览讲解,1359,426,32,42.46875
b1bad842cc72,Pro-GLM-5.1,历史场景叙事,1430,440,43,33.25581395348837
74dc634e1238,Pro-GLM-5.1,沉浸式体验设计,2141,620,61,35.09836065573771
f48dafa95ac7,Pro-GLM-5.1,博物馆导览讲解,1439,429,42,34.26190476190476
8ae2ffdea2af,Pro-GLM-5.1,历史场景叙事,1880,562,54,34.81481481481482
ec272d846bda,Pro-GLM-5.1,沉浸式体验设计,2584,739,73,35.397260273972606
de131a911caa,Pro-GLM-5.1,博物馆导览讲解,949,298,26,36.5
2bf1af33b726,Pro-GLM-5.1,历史场景叙事,1309,376,57,22.964912280701753
af2792bb9d89,Pro-GLM-5.1,沉浸式体验设计,2221,656,60,37.016666666666666
4d76b5d1fdf3,Pro-GLM-5.1,博物馆导览讲解,1324,389,41,32.292682926829265
d9581c34559f,Pro-GLM-5.1,历史场景叙事,1598,460,56,28.535714285714285
381703361694,Pro-GLM-5.1,沉浸式体验设计,1915,558,58,33.01724137931034
be9dd7963519,Pro-GLM-5.1,博物馆导览讲解,1245,379,35,35.57142857142857
c358cf2ce880,Pro-GLM-5.1,历史场景叙事,1588,482,43,36.93023255813954
10f66a43b9cf,Pro-GLM-5.1,沉浸式体验设计,2189,623,58,37.741379310344826
c3b1459cff2c,Pro-GLM-5.1,博物馆导览讲解,1136,354,31,36.645161290322584
c6917cb59c8d,Pro-GLM-5.1,历史场景叙事,1450,435,42,34.523809523809526
5c58e9ddbe43,Pro-GLM-5.1,沉浸式体验设计,2466,715,68,36.26470588235294
c6c1171dd0de,Pro-GLM-5.1,博物馆导览讲解,1203,377,33,36.45454545454545
dc96785b3640,Pro-GLM-5.1,历史场景叙事,1308,401,37,35.351351351351354
9e35cfce6e6d,Pro-GLM-5.1,沉浸式体验设计,1970,602,52,37.88461538461539
9c45da050898,Pro-GLM-5.1,博物馆导览讲解,1459,435,42,34.73809523809524
f14192331a32,Pro-GLM-5.1,历史场景叙事,1518,438,46,33.0
1712be96722b,Pro-GLM-5.1,沉浸式体验设计,2708,50,51,53.09803921568628
98420142f954,Pro-GLM-5.1,博物馆导览讲解,1518,465,46,33.0
0e7717dab730,Pro-GLM-5.1,历史场景叙事,1787,551,58,30.810344827586206
0b3eb2d80230,Pro-GLM-5.1,沉浸式体验设计,2339,711,60,38.983333333333334
fc387ae150fe,Pro-GLM-5.1,博物馆导览讲解,1201,359,32,37.53125
ba9aa5715ea1,Pro-GLM-5.1,历史场景叙事,1376,428,40,34.4
02e498d7f583,Pro-GLM-5.1,沉浸式体验设计,2160,641,54,40.0
329cdb6a3ade,Nex-N2-Pro,博物馆导览讲解,3,1,1,3.0
a0840358ebac,Nex-N2-Pro,历史场景叙事,3,1,1,3.0
886c2bc99205,Nex-N2-Pro,沉浸式体验设计,3,1,1,3.0
54cee666b8b6,Nex-N2-Pro,博物馆导览讲解,3,1,1,3.0
c6f20720271c,Nex-N2-Pro,历史场景叙事,1431,430,65,22.015384615384615
fbd179723986,Nex-N2-Pro,沉浸式体验设计,3,1,1,3.0
562295575f5d,Nex-N2-Pro,博物馆导览讲解,3,1,1,3.0
59cb8e7b83e6,Nex-N2-Pro,历史场景叙事,3,1,1,3.0
11587646057b,Nex-N2-Pro,沉浸式体验设计,3,1,1,3.0
1aa4917b00b9,Nex-N2-Pro,博物馆导览讲解,3,1,1,3.0
81797b7cd721,Nex-N2-Pro,历史场景叙事,3,1,1,3.0
742298273455,Nex-N2-Pro,沉浸式体验设计,3,1,1,3.0
aeef8c803367,Nex-N2-Pro,博物馆导览讲解,3,1,1,3.0
1ea6d138ec36,Nex-N2-Pro,历史场景叙事,3,1,1,3.0
e3e2aa984959,Nex-N2-Pro,沉浸式体验设计,3,1,1,3.0
9bbefcc97069,Nex-N2-Pro,博物馆导览讲解,3,1,1,3.0
40dcf7b89438,Nex-N2-Pro,历史场景叙事,3,1,1,3.0
bf5787467761,Nex-N2-Pro,沉浸式体验设计,3,1,1,3.0
0f10c74b036e,Nex-N2-Pro,博物馆导览讲解,3,1,1,3.0
9ec6626274ab,Nex-N2-Pro,历史场景叙事,3,1,1,3.0
bd7e47c675fc,Nex-N2-Pro,沉浸式体验设计,3,1,1,3.0
bc017d35499c,Nex-N2-Pro,博物馆导览讲解,3,1,1,3.0
53d7690cb429,Nex-N2-Pro,历史场景叙事,3,1,1,3.0
9e60410c11f3,Nex-N2-Pro,沉浸式体验设计,3,1,1,3.0
ee3fd7a1193e,Nex-N2-Pro,博物馆导览讲解,3,1,1,3.0
20b7cf264c52,Nex-N2-Pro,历史场景叙事,3,1,1,3.0
e7ced8903d81,Nex-N2-Pro,沉浸式体验设计,3,1,1,3.0
9c63ceda0682,Nex-N2-Pro,博物馆导览讲解,3,1,1,3.0
10662f5268d1,Nex-N2-Pro,历史场景叙事,3,1,1,3.0
d974c8eaf918,Nex-N2-Pro,沉浸式体验设计,3,1,1,3.0
b63d09d56828,Nex-N2-Pro,博物馆导览讲解,1143,365,28,40.82142857142857
95976cd48262,Nex-N2-Pro,历史场景叙事,3,1,1,3.0
3648cd08ddf0,Nex-N2-Pro,沉浸式体验设计,3,1,1,3.0
e08b81f3e1f4,Nex-N2-Pro,博物馆导览讲解,3,1,1,3.0
fb3def0f7e33,Nex-N2-Pro,历史场景叙事,3,1,1,3.0
cbb39fde994e,Nex-N2-Pro,沉浸式体验设计,3,1,1,3.0
980b1509e285,Nex-N2-Pro,博物馆导览讲解,3,1,1,3.0
d6c7accf083c,Nex-N2-Pro,历史场景叙事,3,1,1,3.0
30620aab66f6,Nex-N2-Pro,沉浸式体验设计,3,1,1,3.0
c709c2c5a121,Nex-N2-Pro,博物馆导览讲解,3,1,1,3.0
f4d19c811602,Nex-N2-Pro,历史场景叙事,3,1,1,3.0
dbf916bbc0e3,Nex-N2-Pro,沉浸式体验设计,3,1,1,3.0
6e041955c5be,Nex-N2-Pro,博物馆导览讲解,3,1,1,3.0
941593ce884e,Nex-N2-Pro,历史场景叙事,3,1,1,3.0
cbfa90005336,Nex-N2-Pro,沉浸式体验设计,3,1,1,3.0
5867f25a24ad,Nex-N2-Pro,博物馆导览讲解,3,1,1,3.0
472f37c24663,Nex-N2-Pro,历史场景叙事,3,1,1,3.0
c81f9a2c569a,Nex-N2-Pro,沉浸式体验设计,3,1,1,3.0
e9f01b3da5b9,Nex-N2-Pro,博物馆导览讲解,1074,338,29,37.03448275862069
d29698127c5a,Nex-N2-Pro,历史场景叙事,3,1,1,3.0
db8250895472,Nex-N2-Pro,沉浸式体验设计,3,1,1,3.0
211eda708136,Nex-N2-Pro,博物馆导览讲解,3,1,1,3.0
4e76a751d431,Nex-N2-Pro,历史场景叙事,3,1,1,3.0
cbb7c259327c,Nex-N2-Pro,沉浸式体验设计,3,1,1,3.0
3f64297c392a,Nex-N2-Pro,博物馆导览讲解,3,1,1,3.0
231339a51527,Nex-N2-Pro,历史场景叙事,3,1,1,3.0
449ed3518048,Nex-N2-Pro,沉浸式体验设计,3,1,1,3.0
c65159440ac6,Nex-N2-Pro,博物馆导览讲解,3,1,1,3.0
82cf7a1f4cff,Nex-N2-Pro,历史场景叙事,3,1,1,3.0
45a25d0d2b5a,Nex-N2-Pro,沉浸式体验设计,3,1,1,3.0
b889ff11d36b,MiniMax-M2.5,博物馆导览讲解,700,214,20,35.0
867f3be8ad93,MiniMax-M2.5,历史场景叙事,1026,315,41,25.024390243902438
02c95d59b793,MiniMax-M2.5,沉浸式体验设计,3680,897,102,36.07843137254902
d8540a0cf942,MiniMax-M2.5,博物馆导览讲解,1459,381,70,20.84285714285714
f7031a716904,MiniMax-M2.5,历史场景叙事,1118,318,40,27.95
95aaed5b9809,MiniMax-M2.5,沉浸式体验设计,3754,946,163,23.030674846625768
848a50da8a33,MiniMax-M2.5,博物馆导览讲解,1888,489,81,23.308641975308642
9c59e65798a8,MiniMax-M2.5,历史场景叙事,2391,660,93,25.70967741935484
9b5457c1f899,MiniMax-M2.5,沉浸式体验设计,3539,901,108,32.76851851851852
27a93bce51ae,MiniMax-M2.5,博物馆导览讲解,1847,480,82,22.524390243902438
9f74dbed7f13,MiniMax-M2.5,历史场景叙事,1126,338,46,24.47826086956522
3a341f99a285,MiniMax-M2.5,沉浸式体验设计,3624,1028,121,29.950413223140497
bbd0d1a21d9b,MiniMax-M2.5,博物馆导览讲解,850,261,19,44.73684210526316
0352235727f2,MiniMax-M2.5,历史场景叙事,1078,303,52,20.73076923076923
ee50ced272b3,MiniMax-M2.5,沉浸式体验设计,3421,930,135,25.340740740740742
53c0011d0d8e,MiniMax-M2.5,博物馆导览讲解,1841,491,90,20.455555555555556
57ecf0d05f1d,MiniMax-M2.5,历史场景叙事,1466,387,71,20.64788732394366
bcae5b95c245,MiniMax-M2.5,沉浸式体验设计,3707,1050,112,33.098214285714285
a69dbf92a716,MiniMax-M2.5,博物馆导览讲解,1573,474,62,25.370967741935484
2038a4e04822,MiniMax-M2.5,历史场景叙事,1343,386,47,28.574468085106382
440b43d85f71,MiniMax-M2.5,沉浸式体验设计,3348,876,148,22.62162162162162
226173715a0b,MiniMax-M2.5,博物馆导览讲解,996,298,33,30.181818181818183
b0e917a82cbf,MiniMax-M2.5,历史场景叙事,1659,478,67,24.761194029850746
603fe58763ff,MiniMax-M2.5,沉浸式体验设计,3609,919,142,25.41549295774648
b5a67c456707,MiniMax-M2.5,博物馆导览讲解,991,299,37,26.783783783783782
b07032a9b42a,MiniMax-M2.5,历史场景叙事,1277,401,44,29.022727272727273
c2fc35f8a6d1,MiniMax-M2.5,沉浸式体验设计,3618,884,80,45.225
ef0814ab2178,MiniMax-M2.5,博物馆导览讲解,1431,371,68,21.044117647058822
d7b0662f3d4e,MiniMax-M2.5,历史场景叙事,1825,496,96,19.010416666666668
7e2fdaf2f8bf,MiniMax-M2.5,沉浸式体验设计,3548,839,182,19.494505494505493
b95ca460cb16,MiniMax-M2.5,博物馆导览讲解,1535,413,65,23.615384615384617
9b9c5fd83347,MiniMax-M2.5,历史场景叙事,793,245,34,23.323529411764707
56465d797e61,MiniMax-M2.5,沉浸式体验设计,3675,1078,96,38.28125
0eb4795c3def,MiniMax-M2.5,博物馆导览讲解,1132,337,36,31.444444444444443
73d2d5cd339c,MiniMax-M2.5,历史场景叙事,1620,480,60,27.0
8ace1017241a,MiniMax-M2.5,沉浸式体验设计,3647,1003,129,28.271317829457363
cdbe741b514e,MiniMax-M2.5,博物馆导览讲解,1006,287,43,23.3953488372093
d2247366cd92,MiniMax-M2.5,历史场景叙事,1439,440,59,24.389830508474578
c5cd34513bdf,MiniMax-M2.5,沉浸式体验设计,3242,859,115,28.191304347826087
f15e214752a3,MiniMax-M2.5,博物馆导览讲解,1661,433,76,21.855263157894736
c238f8ee21fc,MiniMax-M2.5,历史场景叙事,1240,326,46,26.956521739130434
81b13b32fc4c,MiniMax-M2.5,沉浸式体验设计,7830,909,161,48.63354037267081
7bd7afaa7a32,MiniMax-M2.5,博物馆导览讲解,1198,330,42,28.523809523809526
03ffbf446b74,MiniMax-M2.5,历史场景叙事,5456,620,49,111.34693877551021
5a5d2a2bc806,MiniMax-M2.5,沉浸式体验设计,3691,1045,122,30.25409836065574
183172edfbab,MiniMax-M2.5,博物馆导览讲解,971,269,41,23.682926829268293
6b0868224e68,MiniMax-M2.5,历史场景叙事,1234,389,39,31.641025641025642
30909d991d0d,MiniMax-M2.5,沉浸式体验设计,3581,831,153,23.405228758169933
f9bebd2a2b84,MiniMax-M2.5,博物馆导览讲解,1115,340,43,25.930232558139537
8b933740be98,MiniMax-M2.5,历史场景叙事,1693,452,72,23.51388888888889
6c80f5b627f1,MiniMax-M2.5,沉浸式体验设计,3526,1044,88,40.06818181818182
f451042b5ff5,MiniMax-M2.5,博物馆导览讲解,1410,389,64,22.03125
ff41977910fd,MiniMax-M2.5,历史场景叙事,1320,377,61,21.639344262295083
69faf9a97b01,MiniMax-M2.5,沉浸式体验设计,3272,884,136,24.058823529411764
848f30762fe6,MiniMax-M2.5,博物馆导览讲解,1582,468,61,25.934426229508198
7534c5ac54d1,MiniMax-M2.5,历史场景叙事,1437,425,54,26.61111111111111
7973e292a7fd,MiniMax-M2.5,沉浸式体验设计,3662,967,113,32.4070796460177
e66ae98d2f06,MiniMax-M2.5,博物馆导览讲解,1161,300,51,22.764705882352942
bda7240c78ce,MiniMax-M2.5,历史场景叙事,2216,619,104,21.307692307692307
09504460b63b,MiniMax-M2.5,沉浸式体验设计,3761,985,137,27.452554744525546
98b93065128f,Pro-MiniMax-M2.5,博物馆导览讲解,1051,314,36,29.194444444444443
f26051dadfa7,Pro-MiniMax-M2.5,历史场景叙事,1494,419,58,25.75862068965517
2ba023d5970e,Pro-MiniMax-M2.5,沉浸式体验设计,3076,936,88,34.95454545454545
9cf4594dfd49,Pro-MiniMax-M2.5,博物馆导览讲解,1561,402,81,19.271604938271604
a7efca6ba2a2,Pro-MiniMax-M2.5,历史场景叙事,1331,356,66,20.166666666666668
98b3d3f6c94b,Pro-MiniMax-M2.5,沉浸式体验设计,3713,912,150,24.753333333333334
65a70d5a704b,Pro-MiniMax-M2.5,博物馆导览讲解,932,238,37,25.18918918918919
05ffd87b3af2,Pro-MiniMax-M2.5,历史场景叙事,2867,763,110,26.063636363636363
87da0410540f,Pro-MiniMax-M2.5,沉浸式体验设计,3676,1034,147,25.006802721088434
b27ccb8b5628,Pro-MiniMax-M2.5,博物馆导览讲解,1784,483,73,24.438356164383563
7b8fae3baf1c,Pro-MiniMax-M2.5,历史场景叙事,1755,509,73,24.041095890410958
dfbecbbeab7b,Pro-MiniMax-M2.5,沉浸式体验设计,3517,897,89,39.51685393258427
32cf2fc01b13,Pro-MiniMax-M2.5,博物馆导览讲解,2171,623,64,33.921875
c1eae70d6961,Pro-MiniMax-M2.5,历史场景叙事,3088,862,81,38.123456790123456
be1c14173625,Pro-MiniMax-M2.5,沉浸式体验设计,3371,997,124,27.18548387096774
ec3d645ebab7,Pro-MiniMax-M2.5,博物馆导览讲解,1052,282,51,20.627450980392158
3988e8b5db95,Pro-MiniMax-M2.5,历史场景叙事,1447,402,66,21.924242424242426
488a03b63374,Pro-MiniMax-M2.5,沉浸式体验设计,3415,917,127,26.88976377952756
7f18f2e2c5e1,Pro-MiniMax-M2.5,博物馆导览讲解,1352,420,36,37.55555555555556
aef942facfdf,Pro-MiniMax-M2.5,历史场景叙事,1016,335,33,30.78787878787879
cca459d730f2,Pro-MiniMax-M2.5,沉浸式体验设计,3843,1006,154,24.954545454545453
ab4deae8e5da,Pro-MiniMax-M2.5,博物馆导览讲解,1338,387,45,29.733333333333334
3c53b34f7e39,Pro-MiniMax-M2.5,历史场景叙事,1618,497,71,22.788732394366196
39fe88b1ba07,Pro-MiniMax-M2.5,沉浸式体验设计,2875,837,93,30.913978494623656
7a7b0c9c92e1,Pro-MiniMax-M2.5,博物馆导览讲解,2214,657,77,28.753246753246753
b817832dd263,Pro-MiniMax-M2.5,历史场景叙事,2733,803,97,28.175257731958762
563628c4fcfd,Pro-MiniMax-M2.5,沉浸式体验设计,3644,1100,119,30.6218487394958
1238eea50acc,Pro-MiniMax-M2.5,博物馆导览讲解,1483,395,65,22.815384615384616
6153f26449c1,Pro-MiniMax-M2.5,历史场景叙事,1515,380,83,18.253012048192772
8403ac968118,Pro-MiniMax-M2.5,沉浸式体验设计,3180,864,101,31.485148514851485
726dec83c2b2,Pro-MiniMax-M2.5,博物馆导览讲解,798,232,31,25.741935483870968
60e6938e2e8b,Pro-MiniMax-M2.5,历史场景叙事,1730,484,71,24.366197183098592
44f1938b701b,Pro-MiniMax-M2.5,沉浸式体验设计,3670,1042,104,35.28846153846154
e7429328332d,Pro-MiniMax-M2.5,博物馆导览讲解,1471,434,52,28.28846153846154
e6c719ca7337,Pro-MiniMax-M2.5,历史场景叙事,2678,692,123,21.772357723577237
3d49102c4e47,Pro-MiniMax-M2.5,沉浸式体验设计,3755,968,110,34.13636363636363
62406ff71bd0,Pro-MiniMax-M2.5,博物馆导览讲解,1260,368,50,25.2
9634724f7a77,Pro-MiniMax-M2.5,历史场景叙事,1414,379,62,22.806451612903224
5a648c161d6d,Pro-MiniMax-M2.5,沉浸式体验设计,2864,850,98,29.224489795918366
a5a157e2241e,Pro-MiniMax-M2.5,博物馆导览讲解,1669,451,74,22.554054054054053
7ae8627eb340,Pro-MiniMax-M2.5,历史场景叙事,1635,456,58,28.189655172413794
fcb6c629e132,Pro-MiniMax-M2.5,沉浸式体验设计,3953,894,143,27.643356643356643
83add4584d51,Pro-MiniMax-M2.5,博物馆导览讲解,1873,538,70,26.757142857142856
46d2bb0befc5,Pro-MiniMax-M2.5,历史场景叙事,1585,439,80,19.8125
c7002e5e2173,Pro-MiniMax-M2.5,沉浸式体验设计,3160,894,112,28.214285714285715
77de3aa7b904,Pro-MiniMax-M2.5,博物馆导览讲解,985,303,35,28.142857142857142
5fd59aece559,Pro-MiniMax-M2.5,历史场景叙事,741,214,36,20.583333333333332
dcec1b50db43,Pro-MiniMax-M2.5,沉浸式体验设计,3432,863,105,32.68571428571428
4d82f7260bbb,Pro-MiniMax-M2.5,博物馆导览讲解,1252,348,49,25.551020408163264
2154c7251edc,Pro-MiniMax-M2.5,历史场景叙事,2550,708,105,24.285714285714285
c66eebfd32d4,Pro-MiniMax-M2.5,沉浸式体验设计,3651,939,143,25.53146853146853
de7026ee4ec6,Pro-MiniMax-M2.5,博物馆导览讲解,1173,349,54,21.72222222222222
cbe334ecc8bf,Pro-MiniMax-M2.5,历史场景叙事,1476,399,65,22.70769230769231
93c50b096bc8,Pro-MiniMax-M2.5,沉浸式体验设计,3558,1012,109,32.642201834862384
50dc834c20ed,Pro-MiniMax-M2.5,博物馆导览讲解,1138,323,43,26.46511627906977
f09b2b14c3d2,Pro-MiniMax-M2.5,历史场景叙事,1081,334,33,32.75757575757576
11001afb54dd,Pro-MiniMax-M2.5,沉浸式体验设计,3654,1050,132,27.681818181818183
6e015311f68f,Pro-MiniMax-M2.5,博物馆导览讲解,842,256,36,23.38888888888889
48344b8a6753,Pro-MiniMax-M2.5,历史场景叙事,3138,899,149,21.06040268456376
936866e76d43,Pro-MiniMax-M2.5,沉浸式体验设计,2275,616,79,28.79746835443038
4bd505ecd6df,LongCat-2.0,博物馆导览讲解,1629,487,58,28.086206896551722
343a3ef6f011,LongCat-2.0,历史场景叙事,1505,436,64,23.515625
f6d4a52b4743,LongCat-2.0,沉浸式体验设计,2989,855,113,26.451327433628318
dbcd38f11ed2,LongCat-2.0,博物馆导览讲解,1728,478,76,22.736842105263158
dbecb8c3ecc1,LongCat-2.0,历史场景叙事,2449,620,138,17.746376811594203
524fe16472f6,LongCat-2.0,沉浸式体验设计,2674,658,118,22.661016949152543
9c9b046c6745,LongCat-2.0,博物馆导览讲解,2497,675,93,26.849462365591396
03193f0a99d0,LongCat-2.0,历史场景叙事,2699,702,98,27.540816326530614
445f337069ee,LongCat-2.0,沉浸式体验设计,2204,646,71,31.04225352112676
69c0b21b761f,LongCat-2.0,博物馆导览讲解,2103,608,81,25.962962962962962
801530c74901,LongCat-2.0,历史场景叙事,2205,602,105,21.0
e228910d1828,LongCat-2.0,沉浸式体验设计,2454,652,131,18.732824427480917
9863c42272d4,LongCat-2.0,博物馆导览讲解,2186,615,94,23.25531914893617
bc3d087ab7a9,LongCat-2.0,历史场景叙事,2033,566,92,22.097826086956523
42b6106ad25a,LongCat-2.0,沉浸式体验设计,3024,747,144,21.0
a61356d1d656,LongCat-2.0,博物馆导览讲解,2392,639,96,24.916666666666668
2ef549f1c8f1,LongCat-2.0,历史场景叙事,2196,641,94,23.361702127659573
80d9f7b4f9fc,LongCat-2.0,沉浸式体验设计,2864,834,112,25.571428571428573
81d31224dbcb,LongCat-2.0,博物馆导览讲解,1724,465,82,21.024390243902438
81f275028efe,LongCat-2.0,历史场景叙事,853,251,37,23.054054054054053
24a775f603c7,LongCat-2.0,沉浸式体验设计,3062,710,154,19.883116883116884
fcbbc3816039,LongCat-2.0,博物馆导览讲解,2299,627,84,27.36904761904762
a34bb88c7a71,LongCat-2.0,历史场景叙事,2099,585,90,23.322222222222223
f4187b648994,LongCat-2.0,沉浸式体验设计,2626,743,88,29.84090909090909
36cb1f16e1c1,LongCat-2.0,博物馆导览讲解,2809,816,103,27.271844660194176
339ba648f2b5,LongCat-2.0,历史场景叙事,2434,695,88,27.65909090909091
d096af0add08,LongCat-2.0,沉浸式体验设计,3022,833,116,26.051724137931036
a5a88255e17c,LongCat-2.0,博物馆导览讲解,1893,474,74,25.58108108108108
670ddbf69535,LongCat-2.0,历史场景叙事,2000,549,102,19.607843137254903
ec912398e792,LongCat-2.0,沉浸式体验设计,3167,772,170,18.629411764705882
a78845cd91c6,LongCat-2.0,博物馆导览讲解,1468,409,58,25.310344827586206
13f97bea9e05,LongCat-2.0,历史场景叙事,2063,604,90,22.92222222222222
1a6e2a6bc57f,LongCat-2.0,沉浸式体验设计,2319,677,81,28.62962962962963
95d7f1f8b1b9,LongCat-2.0,博物馆导览讲解,2289,624,91,25.153846153846153
9b06c22c0b37,LongCat-2.0,历史场景叙事,1919,499,82,23.402439024390244
8b9810a60c8c,LongCat-2.0,沉浸式体验设计,2191,604,95,23.063157894736843
f0629e0e9de4,LongCat-2.0,博物馆导览讲解,1694,492,75,22.586666666666666
cb04661dc765,LongCat-2.0,历史场景叙事,1749,506,83,21.072289156626507
f25f63118557,LongCat-2.0,沉浸式体验设计,1400,356,55,25.454545454545453
69b5f61a2990,LongCat-2.0,博物馆导览讲解,1309,358,59,22.1864406779661
f856deede4f2,LongCat-2.0,历史场景叙事,1746,442,85,20.541176470588237
4e9c1963be57,LongCat-2.0,沉浸式体验设计,1358,357,58,23.413793103448278
36fcec76d984,LongCat-2.0,博物馆导览讲解,2435,705,82,29.695121951219512
94dcfced6f5d,LongCat-2.0,历史场景叙事,2257,652,87,25.942528735632184
0f7834aaf878,LongCat-2.0,沉浸式体验设计,2733,762,84,32.535714285714285
9b22d1c74769,LongCat-2.0,博物馆导览讲解,2281,705,73,31.246575342465754
a306c65a7827,LongCat-2.0,历史场景叙事,1632,438,78,20.923076923076923
b3e7c767ea30,LongCat-2.0,沉浸式体验设计,2179,604,88,24.761363636363637
071e5f91ff6e,LongCat-2.0,博物馆导览讲解,1837,562,63,29.158730158730158
4974866150f4,LongCat-2.0,历史场景叙事,2254,674,75,30.053333333333335
923828b7eec3,LongCat-2.0,沉浸式体验设计,1930,570,62,31.129032258064516
619a276f040f,LongCat-2.0,博物馆导览讲解,1488,417,57,26.105263157894736
05f7059d4a04,LongCat-2.0,历史场景叙事,3,1,1,3.0
ea122c5c1f9c,LongCat-2.0,沉浸式体验设计,2490,677,91,27.36263736263736
12a548b58a1c,LongCat-2.0,博物馆导览讲解,2231,621,90,24.788888888888888
b58f125dbc49,LongCat-2.0,历史场景叙事,1680,482,81,20.74074074074074
92b3be431679,LongCat-2.0,沉浸式体验设计,2482,680,121,20.512396694214875
253d5604caac,LongCat-2.0,博物馆导览讲解,1555,446,66,23.560606060606062
2753689ced58,LongCat-2.0,历史场景叙事,1982,492,93,21.311827956989248
00207d7fb8de,LongCat-2.0,沉浸式体验设计,2560,697,108,23.703703703703702
99a5656923bb,GLM-5.2,博物馆导览讲解,1129,361,33,34.21212121212121
0bae13a0591c,GLM-5.2,历史场景叙事,1464,455,41,35.707317073170735
73d5ecc47fc1,GLM-5.2,沉浸式体验设计,2154,646,53,40.64150943396226
e05bac8255ae,GLM-5.2,博物馆导览讲解,1533,430,50,30.66
d253895dd7c0,GLM-5.2,历史场景叙事,1510,432,58,26.03448275862069
2fbedd4fb1c7,GLM-5.2,沉浸式体验设计,2366,660,65,36.4
99fe21e9197e,GLM-5.2,博物馆导览讲解,1521,471,45,33.8
3e62a4366e81,GLM-5.2,历史场景叙事,2416,721,78,30.974358974358974
35930f342d78,GLM-5.2,沉浸式体验设计,2254,673,61,36.950819672131146
52dd9d2016e6,GLM-5.2,博物馆导览讲解,1352,414,42,32.19047619047619
6dd4c1637922,GLM-5.2,历史场景叙事,1466,449,47,31.19148936170213
5a4fb8cfe62f,GLM-5.2,沉浸式体验设计,2263,673,61,37.09836065573771
c23a74d4b184,GLM-5.2,博物馆导览讲解,1245,380,41,30.365853658536587
a31399471079,GLM-5.2,历史场景叙事,1331,407,39,34.12820512820513
7697957d82fc,GLM-5.2,沉浸式体验设计,2334,684,63,37.04761904761905
9d03510d2260,GLM-5.2,博物馆导览讲解,1350,420,38,35.526315789473685
3dcfbcbec45e,GLM-5.2,历史场景叙事,1602,472,53,30.22641509433962
f936a16e5a63,GLM-5.2,沉浸式体验设计,2250,660,56,40.17857142857143
b856f11ad06f,GLM-5.2,博物馆导览讲解,1411,464,29,48.6551724137931
78c47883be2a,GLM-5.2,历史场景叙事,1728,519,52,33.23076923076923
00e0b80c36ba,GLM-5.2,沉浸式体验设计,2690,767,68,39.55882352941177
243993c43b9f,GLM-5.2,博物馆导览讲解,1647,503,51,32.294117647058826
68fbb0615317,GLM-5.2,历史场景叙事,1827,548,61,29.950819672131146
024598a3a23e,GLM-5.2,沉浸式体验设计,1997,598,50,39.94
ab325559870c,GLM-5.2,博物馆导览讲解,1553,474,52,29.865384615384617
89bc1471a80b,GLM-5.2,历史场景叙事,2241,692,67,33.44776119402985
4a9cd703db16,GLM-5.2,沉浸式体验设计,2386,719,57,41.85964912280702
fc16051275cf,GLM-5.2,博物馆导览讲解,1282,374,40,32.05
a3e6386a57ed,GLM-5.2,历史场景叙事,1915,534,63,30.396825396825395
8d5b3413eb2b,GLM-5.2,沉浸式体验设计,2240,645,65,34.46153846153846
1b9be9a0fdad,GLM-5.2,博物馆导览讲解,1204,390,34,35.411764705882355
7ad803974610,GLM-5.2,历史场景叙事,1540,463,44,35.0
936206ba36d8,GLM-5.2,沉浸式体验设计,2328,707,60,38.8
ccfceeef6483,GLM-5.2,博物馆导览讲解,1287,411,35,36.77142857142857
ee6a71af0cef,GLM-5.2,历史场景叙事,1940,569,49,39.59183673469388
6ecb84b665c7,GLM-5.2,沉浸式体验设计,2448,708,61,40.131147540983605
9bd4fa9799f0,GLM-5.2,博物馆导览讲解,1192,371,34,35.05882352941177
1b709c521b37,GLM-5.2,历史场景叙事,986,314,30,32.86666666666667
ffc2aa1a0af7,GLM-5.2,沉浸式体验设计,2274,660,62,36.67741935483871
7f1af979c9c2,GLM-5.2,博物馆导览讲解,1350,396,54,25.0
6303a3a09ce6,GLM-5.2,历史场景叙事,1680,482,55,30.545454545454547
43a93b91e3bd,GLM-5.2,沉浸式体验设计,2338,686,62,37.70967741935484
8214bf438395,GLM-5.2,博物馆导览讲解,1225,393,36,34.02777777777778
71af5f760b5a,GLM-5.2,历史场景叙事,1370,427,43,31.86046511627907
5d66ca1a89a1,GLM-5.2,沉浸式体验设计,2056,616,51,40.31372549019608
eb7df7d30515,GLM-5.2,博物馆导览讲解,1435,474,33,43.484848484848484
83500679bfc9,GLM-5.2,历史场景叙事,1569,484,44,35.65909090909091
e2c278f06877,GLM-5.2,沉浸式体验设计,2421,730,65,37.246153846153845
4dfdcfa88b94,GLM-5.2,博物馆导览讲解,1174,387,34,34.529411764705884
9cd894213f5f,GLM-5.2,历史场景叙事,1508,466,46,32.78260869565217
e995b06dc380,GLM-5.2,沉浸式体验设计,2390,742,61,39.18032786885246
e340e152626f,GLM-5.2,博物馆导览讲解,1123,346,33,34.03030303030303
d4aa08d3c4e6,GLM-5.2,历史场景叙事,1575,485,50,31.5
ef3e1d630606,GLM-5.2,沉浸式体验设计,2386,721,67,35.61194029850746
9538bcd83f71,GLM-5.2,博物馆导览讲解,1334,431,36,37.05555555555556
7f773a75ab9f,GLM-5.2,历史场景叙事,1440,456,39,36.92307692307692
341d6c3b8941,GLM-5.2,沉浸式体验设计,2302,692,59,39.016949152542374
037f9384b07b,GLM-5.2,博物馆导览讲解,1215,364,35,34.714285714285715
aaeb5e648aaa,GLM-5.2,历史场景叙事,1250,366,41,30.48780487804878
abf485a615a1,GLM-5.2,沉浸式体验设计,2305,683,64,36.015625
ee13da4b4fcf,Kimi-K2.7-Code,博物馆导览讲解,1025,294,27,37.96296296296296
52e1bc514473,Kimi-K2.7-Code,历史场景叙事,1825,532,64,28.515625
d882b1b19515,Kimi-K2.7-Code,沉浸式体验设计,3414,987,91,37.51648351648352
38064346e1de,Kimi-K2.7-Code,博物馆导览讲解,1456,396,49,29.714285714285715
0b5f9ac0345c,Kimi-K2.7-Code,历史场景叙事,1546,410,68,22.735294117647058
ed04cd715c97,Kimi-K2.7-Code,沉浸式体验设计,3353,962,120,27.941666666666666
82306a67f1b1,Kimi-K2.7-Code,博物馆导览讲解,1974,514,65,30.369230769230768
58c097d11ce3,Kimi-K2.7-Code,历史场景叙事,2574,640,75,34.32
d179a0c3de34,Kimi-K2.7-Code,沉浸式体验设计,3514,986,108,32.53703703703704
3d06ff4a7448,Kimi-K2.7-Code,博物馆导览讲解,1406,430,48,29.291666666666668
9e83472eb61a,Kimi-K2.7-Code,历史场景叙事,2500,736,81,30.864197530864196
e486c6e7dfb6,Kimi-K2.7-Code,沉浸式体验设计,3462,971,103,33.61165048543689
38b1782c27df,Kimi-K2.7-Code,博物馆导览讲解,1228,344,34,36.11764705882353
f2554efb01f4,Kimi-K2.7-Code,历史场景叙事,1941,540,66,29.40909090909091
a0db16c903cb,Kimi-K2.7-Code,沉浸式体验设计,3561,948,94,37.88297872340426
731b717edfd3,Kimi-K2.7-Code,博物馆导览讲解,1350,379,36,37.5
12df62767fe8,Kimi-K2.7-Code,历史场景叙事,2045,549,61,33.52459016393443
50053a1ddc00,Kimi-K2.7-Code,沉浸式体验设计,3550,1029,95,37.36842105263158
98bbb5ae2f1f,Kimi-K2.7-Code,博物馆导览讲解,1409,426,36,39.138888888888886
0d5e6975f180,Kimi-K2.7-Code,历史场景叙事,2259,628,88,25.670454545454547
c79d43dca0d0,Kimi-K2.7-Code,沉浸式体验设计,3072,884,104,29.53846153846154
e8a110c48c75,Kimi-K2.7-Code,博物馆导览讲解,797,241,20,39.85
2d31ef6657da,Kimi-K2.7-Code,历史场景叙事,2897,826,110,26.336363636363636
fc88a2a4e786,Kimi-K2.7-Code,沉浸式体验设计,3540,978,119,29.747899159663866
fb4ca2463758,Kimi-K2.7-Code,博物馆导览讲解,1176,334,35,33.6
344f7a0a8f6e,Kimi-K2.7-Code,历史场景叙事,3496,960,114,30.666666666666668
8e3e97fc4388,Kimi-K2.7-Code,沉浸式体验设计,3633,1042,101,35.97029702970297
df1568f0e121,Kimi-K2.7-Code,博物馆导览讲解,1509,396,57,26.473684210526315
c8c7e0b34268,Kimi-K2.7-Code,历史场景叙事,2335,570,108,21.62037037037037
ddd704f6a22f,Kimi-K2.7-Code,沉浸式体验设计,3522,949,137,25.708029197080293
6b55797e5c1e,Kimi-K2.7-Code,博物馆导览讲解,1437,431,46,31.23913043478261
811172aa7162,Kimi-K2.7-Code,历史场景叙事,1976,558,60,32.93333333333333
9bbb090cd60b,Kimi-K2.7-Code,沉浸式体验设计,3651,1019,102,35.794117647058826
36b300a024be,Kimi-K2.7-Code,博物馆导览讲解,1058,306,36,29.38888888888889
ad273ebf57a2,Kimi-K2.7-Code,历史场景叙事,1938,536,55,35.236363636363635
0674e0b4cb7c,Kimi-K2.7-Code,沉浸式体验设计,3507,964,115,30.495652173913044
addab89174d3,Kimi-K2.7-Code,博物馆导览讲解,1235,351,37,33.37837837837838
d2cbce16e60d,Kimi-K2.7-Code,历史场景叙事,1848,522,54,34.22222222222222
3067b6a4fbde,Kimi-K2.7-Code,沉浸式体验设计,3458,955,121,28.578512396694215
1f5a06ecbf56,Kimi-K2.7-Code,博物馆导览讲解,1513,419,63,24.015873015873016
664140989dfb,Kimi-K2.7-Code,历史场景叙事,2170,590,61,35.57377049180328
f73672dc7e7b,Kimi-K2.7-Code,沉浸式体验设计,3559,946,137,25.978102189781023
0f1abd53a291,Kimi-K2.7-Code,博物馆导览讲解,1282,382,38,33.73684210526316
2c1ce4c76cd2,Kimi-K2.7-Code,历史场景叙事,3052,862,103,29.631067961165048
cc454d8115e8,Kimi-K2.7-Code,沉浸式体验设计,3678,988,99,37.15151515151515
aa96288d3e0a,Kimi-K2.7-Code,博物馆导览讲解,1424,430,43,33.116279069767444
1bf26613e5a5,Kimi-K2.7-Code,历史场景叙事,2724,803,80,34.05
0641654b0dca,Kimi-K2.7-Code,沉浸式体验设计,3262,918,95,34.33684210526316
ef6284d35b97,Kimi-K2.7-Code,博物馆导览讲解,960,307,25,38.4
472aa4de3a11,Kimi-K2.7-Code,历史场景叙事,2196,567,65,33.784615384615385
0573f0e7b7c1,Kimi-K2.7-Code,沉浸式体验设计,3447,1022,84,41.035714285714285
54e58ad46438,Kimi-K2.7-Code,博物馆导览讲解,938,289,27,34.74074074074074
8598c5f2b347,Kimi-K2.7-Code,历史场景叙事,2297,630,68,33.779411764705884
74b6737e149a,Kimi-K2.7-Code,沉浸式体验设计,3472,998,105,33.06666666666667
19d1c1869f8b,Kimi-K2.7-Code,博物馆导览讲解,1661,480,53,31.339622641509433
d31bf7747d13,Kimi-K2.7-Code,历史场景叙事,1174,350,34,34.529411764705884
3e29796c43c5,Kimi-K2.7-Code,沉浸式体验设计,3603,1026,142,25.37323943661972
e5256b664bbb,Kimi-K2.7-Code,博物馆导览讲解,1040,312,27,38.51851851851852
e69c93824dd9,Kimi-K2.7-Code,历史场景叙事,1850,532,53,34.905660377358494
dd5c17eee93d,Kimi-K2.7-Code,沉浸式体验设计,3478,959,121,28.74380165289256
31bc62d2ee50,DeepSeek-V4-Pro,博物馆导览讲解,943,289,18,52.388888888888886
5dafa582c439,DeepSeek-V4-Pro,历史场景叙事,2711,778,88,30.806818181818183
1845fa9ac407,DeepSeek-V4-Pro,沉浸式体验设计,2384,777,51,46.745098039215684
58293aa3914b,DeepSeek-V4-Pro,博物馆导览讲解,3954,498,47,84.12765957446808
90e5e372634b,DeepSeek-V4-Pro,历史场景叙事,1102,313,43,25.627906976744185
8c8fa517df5e,DeepSeek-V4-Pro,沉浸式体验设计,2856,868,96,29.75
be3660243248,DeepSeek-V4-Pro,博物馆导览讲解,1175,365,32,36.71875
0ed8a66485a1,DeepSeek-V4-Pro,历史场景叙事,2744,811,99,27.717171717171716
dcc68c3fee84,DeepSeek-V4-Pro,沉浸式体验设计,2609,811,73,35.73972602739726
395d5ea14235,DeepSeek-V4-Pro,博物馆导览讲解,1113,359,32,34.78125
52dcb3a0766c,DeepSeek-V4-Pro,历史场景叙事,1591,481,51,31.19607843137255
377950df8fa7,DeepSeek-V4-Pro,沉浸式体验设计,2602,883,68,38.26470588235294
9e34d26683de,DeepSeek-V4-Pro,博物馆导览讲解,3035,374,36,84.30555555555556
55b011d0cba9,DeepSeek-V4-Pro,历史场景叙事,2044,573,58,35.241379310344826
e513e300c657,DeepSeek-V4-Pro,沉浸式体验设计,3359,1031,84,39.98809523809524
7ed6ea7742a9,DeepSeek-V4-Pro,博物馆导览讲解,1181,364,32,36.90625
38a051d7f647,DeepSeek-V4-Pro,历史场景叙事,1528,475,39,39.17948717948718
9ca5374f46c2,DeepSeek-V4-Pro,沉浸式体验设计,3058,943,66,46.333333333333336
258af0fa018c,DeepSeek-V4-Pro,博物馆导览讲解,1335,420,37,36.08108108108108
4f89d900001f,DeepSeek-V4-Pro,历史场景叙事,1651,501,50,33.02
37c95c712d39,DeepSeek-V4-Pro,沉浸式体验设计,2073,658,60,34.55
533c9e391f60,DeepSeek-V4-Pro,博物馆导览讲解,1300,382,32,40.625
2c250a8dd8aa,DeepSeek-V4-Pro,历史场景叙事,1420,425,55,25.818181818181817
28931d5be4e1,DeepSeek-V4-Pro,沉浸式体验设计,2603,832,79,32.949367088607595
b5fb2f8d77a8,DeepSeek-V4-Pro,博物馆导览讲解,1404,449,33,42.54545454545455
5eae505c7da8,DeepSeek-V4-Pro,历史场景叙事,2545,811,81,31.419753086419753
f556b0d56c7d,DeepSeek-V4-Pro,沉浸式体验设计,3076,976,74,41.567567567567565
c58a2c27bc2b,DeepSeek-V4-Pro,博物馆导览讲解,1307,368,45,29.044444444444444
ea0d9a2f234e,DeepSeek-V4-Pro,历史场景叙事,1346,376,37,36.37837837837838
b6825e20ae08,DeepSeek-V4-Pro,沉浸式体验设计,2645,811,74,35.74324324324324
e960a04dabb0,DeepSeek-V4-Pro,博物馆导览讲解,1320,394,47,28.085106382978722
212fb580daf1,DeepSeek-V4-Pro,历史场景叙事,1056,319,29,36.41379310344828
4a54326e593f,DeepSeek-V4-Pro,沉浸式体验设计,3128,1034,89,35.146067415730336
88435103f60b,DeepSeek-V4-Pro,博物馆导览讲解,1641,496,49,33.48979591836735
3fc39845cc4b,DeepSeek-V4-Pro,历史场景叙事,2553,799,79,32.31645569620253
fa3876e68dad,DeepSeek-V4-Pro,沉浸式体验设计,2849,920,79,36.063291139240505
019b727f1b29,DeepSeek-V4-Pro,博物馆导览讲解,1095,336,28,39.107142857142854
1e976ec49b85,DeepSeek-V4-Pro,历史场景叙事,1568,448,58,27.03448275862069
71a0e8435e19,DeepSeek-V4-Pro,沉浸式体验设计,2158,677,54,39.96296296296296
d44af3c6eadd,DeepSeek-V4-Pro,博物馆导览讲解,1229,340,42,29.261904761904763
e715996641c3,DeepSeek-V4-Pro,历史场景叙事,1445,427,47,30.74468085106383
66a85927db41,DeepSeek-V4-Pro,沉浸式体验设计,2580,814,67,38.507462686567166
686b86a05d56,DeepSeek-V4-Pro,博物馆导览讲解,990,295,29,34.13793103448276
9b4454da2cd7,DeepSeek-V4-Pro,历史场景叙事,1456,455,38,38.31578947368421
460652c426bd,DeepSeek-V4-Pro,沉浸式体验设计,3197,1039,80,39.9625
17f8e14b80ba,DeepSeek-V4-Pro,博物馆导览讲解,1091,335,28,38.964285714285715
797e924a9127,DeepSeek-V4-Pro,历史场景叙事,2371,744,72,32.93055555555556
19dca2cc811f,DeepSeek-V4-Pro,沉浸式体验设计,2991,917,90,33.233333333333334
8f899d8198bf,DeepSeek-V4-Pro,博物馆导览讲解,3801,451,42,90.5
fb4cc3d71efa,DeepSeek-V4-Pro,历史场景叙事,1671,522,49,34.10204081632653
2e6a4a559300,DeepSeek-V4-Pro,沉浸式体验设计,3198,1078,81,39.48148148148148
9ed373510acf,DeepSeek-V4-Pro,博物馆导览讲解,1064,310,25,42.56
ec29b78df8e4,DeepSeek-V4-Pro,历史场景叙事,1298,399,39,33.282051282051285
4dd00793b571,DeepSeek-V4-Pro,沉浸式体验设计,2510,778,58,43.275862068965516
81763ab6629a,DeepSeek-V4-Pro,博物馆导览讲解,1209,373,28,43.17857142857143
48ce77abc91a,DeepSeek-V4-Pro,历史场景叙事,1724,544,51,33.80392156862745
5c4f48bafa62,DeepSeek-V4-Pro,沉浸式体验设计,3039,927,91,33.395604395604394
d975e65e146f,DeepSeek-V4-Pro,博物馆导览讲解,1012,328,26,38.92307692307692
a48069cae221,DeepSeek-V4-Pro,历史场景叙事,1764,533,46,38.34782608695652
ef3e38ff4e13,DeepSeek-V4-Pro,沉浸式体验设计,3346,1006,110,30.418181818181818
0fe125070f14,DeepSeek-V4-Flash,博物馆导览讲解,832,258,29,28.689655172413794
b28fcdf2dde3,DeepSeek-V4-Flash,历史场景叙事,995,314,27,36.851851851851855
7267d6f26107,DeepSeek-V4-Flash,沉浸式体验设计,1929,589,57,33.8421052631579
ac97f01510cc,DeepSeek-V4-Flash,博物馆导览讲解,1392,375,46,30.26086956521739
165a982ce5ce,DeepSeek-V4-Flash,历史场景叙事,1197,349,47,25.46808510638298
98513717e67d,DeepSeek-V4-Flash,沉浸式体验设计,3400,1050,81,41.97530864197531
6a8d64bbed68,DeepSeek-V4-Flash,博物馆导览讲解,1858,546,52,35.73076923076923
957b801a6baa,DeepSeek-V4-Flash,历史场景叙事,2418,688,72,33.583333333333336
88d7f41bfa89,DeepSeek-V4-Flash,沉浸式体验设计,3350,957,97,34.5360824742268
fb9b4861e51e,DeepSeek-V4-Flash,博物馆导览讲解,1482,440,47,31.53191489361702
a6b4f1be54f7,DeepSeek-V4-Flash,历史场景叙事,1205,371,42,28.69047619047619
d1d3b91ae47c,DeepSeek-V4-Flash,沉浸式体验设计,2763,870,88,31.397727272727273
98fbb5096fc9,DeepSeek-V4-Flash,博物馆导览讲解,856,250,23,37.21739130434783
fa5a0d5105ee,DeepSeek-V4-Flash,历史场景叙事,1423,435,42,33.88095238095238
89ac4137cc38,DeepSeek-V4-Flash,沉浸式体验设计,2890,840,89,32.47191011235955
3d7c1174f50a,DeepSeek-V4-Flash,博物馆导览讲解,1299,390,47,27.638297872340427
386feaf2130f,DeepSeek-V4-Flash,历史场景叙事,946,289,39,24.256410256410255
72dc6d21a264,DeepSeek-V4-Flash,沉浸式体验设计,2863,811,92,31.119565217391305
741929a917f3,DeepSeek-V4-Flash,博物馆导览讲解,1440,410,67,21.492537313432837
72cc5672d037,DeepSeek-V4-Flash,历史场景叙事,1576,460,52,30.307692307692307
fcef4a79bd26,DeepSeek-V4-Flash,沉浸式体验设计,3421,1080,107,31.97196261682243
5e825e0d4734,DeepSeek-V4-Flash,博物馆导览讲解,1122,313,37,30.324324324324323
61796cd66022,DeepSeek-V4-Flash,历史场景叙事,1217,372,34,35.794117647058826
8b3a22fabbc2,DeepSeek-V4-Flash,沉浸式体验设计,2759,824,88,31.352272727272727
1983aceb03b3,DeepSeek-V4-Flash,博物馆导览讲解,983,298,33,29.78787878787879
41b0ba71cd9a,DeepSeek-V4-Flash,历史场景叙事,1680,511,56,30.0
d5dbd76b2969,DeepSeek-V4-Flash,沉浸式体验设计,3397,1012,84,40.44047619047619
1ec7b7764fa3,DeepSeek-V4-Flash,博物馆导览讲解,901,270,29,31.06896551724138
7d6d8b48c2cc,DeepSeek-V4-Flash,历史场景叙事,1225,367,46,26.630434782608695
ae5e8861316a,DeepSeek-V4-Flash,沉浸式体验设计,3341,948,97,34.44329896907217
1df04b7e4510,DeepSeek-V4-Flash,博物馆导览讲解,1505,463,39,38.58974358974359
e5e11a22ac77,DeepSeek-V4-Flash,历史场景叙事,820,257,28,29.285714285714285
5fca125aec6c,DeepSeek-V4-Flash,沉浸式体验设计,2812,862,86,32.69767441860465
291072a8efa3,DeepSeek-V4-Flash,博物馆导览讲解,1175,335,40,29.375
c4d09463438b,DeepSeek-V4-Flash,历史场景叙事,1793,531,70,25.614285714285714
31447a665fda,DeepSeek-V4-Flash,沉浸式体验设计,3446,1040,125,27.568
b2ec3c0073bf,DeepSeek-V4-Flash,博物馆导览讲解,690,206,21,32.857142857142854
5e738d3d441b,DeepSeek-V4-Flash,历史场景叙事,1413,408,46,30.717391304347824
4fa368983da5,DeepSeek-V4-Flash,沉浸式体验设计,1869,542,53,35.264150943396224
4f57f0b94330,DeepSeek-V4-Flash,博物馆导览讲解,655,193,21,31.19047619047619
24023e7a7b93,DeepSeek-V4-Flash,历史场景叙事,1046,282,46,22.73913043478261
48081087d9ad,DeepSeek-V4-Flash,沉浸式体验设计,3211,939,111,28.92792792792793
27b0f89ca37d,DeepSeek-V4-Flash,博物馆导览讲解,981,323,26,37.73076923076923
ac0376be0000,DeepSeek-V4-Flash,历史场景叙事,1429,429,58,24.637931034482758
d9a433526132,DeepSeek-V4-Flash,沉浸式体验设计,3300,994,83,39.75903614457831
6c353635312a,DeepSeek-V4-Flash,博物馆导览讲解,1400,437,26,53.84615384615385
30953f59b0a7,DeepSeek-V4-Flash,历史场景叙事,1356,402,47,28.851063829787233
8f510180889c,DeepSeek-V4-Flash,沉浸式体验设计,1991,617,53,37.56603773584906
52376faa7546,DeepSeek-V4-Flash,博物馆导览讲解,1256,372,29,43.310344827586206
9cfa82b07d94,DeepSeek-V4-Flash,历史场景叙事,1459,424,43,33.93023255813954
21c3e96a32ea,DeepSeek-V4-Flash,沉浸式体验设计,3358,1069,85,39.50588235294118
99b05f76a08f,DeepSeek-V4-Flash,博物馆导览讲解,1219,373,38,32.078947368421055
8aabdf360433,DeepSeek-V4-Flash,历史场景叙事,1135,337,35,32.42857142857143
4851479cc77f,DeepSeek-V4-Flash,沉浸式体验设计,3336,1119,91,36.65934065934066
82e966960243,DeepSeek-V4-Flash,博物馆导览讲解,1294,389,45,28.755555555555556
8be28c9ff100,DeepSeek-V4-Flash,历史场景叙事,1059,340,26,40.73076923076923
4025558f9f30,DeepSeek-V4-Flash,沉浸式体验设计,2337,700,92,25.402173913043477
ad70e3724ddb,DeepSeek-V4-Flash,博物馆导览讲解,1093,328,37,29.54054054054054
21256efd1075,DeepSeek-V4-Flash,历史场景叙事,1571,439,52,30.21153846153846
9573846bdf53,DeepSeek-V4-Flash,沉浸式体验设计,3345,1011,79,42.34177215189873
33015a590925,Pro-Kimi-K2.6,博物馆导览讲解,948,293,25,37.92
ef2e6c4e1b85,Pro-Kimi-K2.6,历史场景叙事,988,318,26,38.0
db0358060837,Pro-Kimi-K2.6,沉浸式体验设计,3224,1014,82,39.31707317073171
6edd0c8a8d2c,Pro-Kimi-K2.6,博物馆导览讲解,4355,557,63,69.12698412698413
49661fcc7198,Pro-Kimi-K2.6,历史场景叙事,1497,408,53,28.245283018867923
ed512883117c,Pro-Kimi-K2.6,沉浸式体验设计,3409,995,95,35.88421052631579
cef0d6c50c50,Pro-Kimi-K2.6,博物馆导览讲解,1565,445,42,37.26190476190476
e96c98f712ca,Pro-Kimi-K2.6,历史场景叙事,3275,928,90,36.388888888888886
2576cd8ea780,Pro-Kimi-K2.6,沉浸式体验设计,3525,1010,99,35.60606060606061
0554adf8c28c,Pro-Kimi-K2.6,博物馆导览讲解,1198,369,30,39.93333333333333
c34f2d353cba,Pro-Kimi-K2.6,历史场景叙事,1445,437,45,32.111111111111114
c30df92ca509,Pro-Kimi-K2.6,沉浸式体验设计,3569,1030,102,34.990196078431374
5fb2a20c9542,Pro-Kimi-K2.6,博物馆导览讲解,4122,511,52,79.26923076923077
b3cbfb9bd110,Pro-Kimi-K2.6,历史场景叙事,1921,550,48,40.020833333333336
509718f82f07,Pro-Kimi-K2.6,沉浸式体验设计,3580,1037,93,38.494623655913976
feb15378ffb6,Pro-Kimi-K2.6,博物馆导览讲解,1468,441,39,37.64102564102564
628fc5693023,Pro-Kimi-K2.6,历史场景叙事,2140,607,56,38.214285714285715
cf496ec86dcc,Pro-Kimi-K2.6,沉浸式体验设计,3599,987,107,33.63551401869159
7113ea008876,Pro-Kimi-K2.6,博物馆导览讲解,1038,326,26,39.92307692307692
3f0678ecc5e9,Pro-Kimi-K2.6,历史场景叙事,1582,447,61,25.934426229508198
be90f2eea037,Pro-Kimi-K2.6,沉浸式体验设计,3639,1003,90,40.43333333333333
1c23c9a3d492,Pro-Kimi-K2.6,博物馆导览讲解,1067,319,30,35.56666666666667
7c72c1ea1214,Pro-Kimi-K2.6,历史场景叙事,1792,545,55,32.58181818181818
7371058bebd9,Pro-Kimi-K2.6,沉浸式体验设计,3564,965,95,37.51578947368421
3405b909d71d,Pro-Kimi-K2.6,博物馆导览讲解,1395,428,39,35.76923076923077
f7a45bd5f2af,Pro-Kimi-K2.6,历史场景叙事,3148,893,76,41.421052631578945
e577a46f18f9,Pro-Kimi-K2.6,沉浸式体验设计,3522,1019,90,39.13333333333333
fa709ceeacad,Pro-Kimi-K2.6,博物馆导览讲解,1158,316,46,25.17391304347826
a83b37bf2398,Pro-Kimi-K2.6,历史场景叙事,2363,682,79,29.911392405063292
790b010c3728,Pro-Kimi-K2.6,沉浸式体验设计,3216,907,108,29.77777777777778
65a9f255b3d2,Pro-Kimi-K2.6,博物馆导览讲解,1009,308,28,36.035714285714285
b2eec2f8b479,Pro-Kimi-K2.6,历史场景叙事,1746,502,55,31.745454545454546
1de34ea40543,Pro-Kimi-K2.6,沉浸式体验设计,3556,1040,101,35.20792079207921
9ba4eb5aa1e5,Pro-Kimi-K2.6,博物馆导览讲解,1100,326,23,47.82608695652174
194dd064c842,Pro-Kimi-K2.6,历史场景叙事,2077,599,45,46.15555555555556
c9610b92f044,Pro-Kimi-K2.6,沉浸式体验设计,3599,1022,87,41.367816091954026
7c2b4e35e7cf,Pro-Kimi-K2.6,博物馆导览讲解,1284,402,35,36.68571428571428
28b6f72dce52,Pro-Kimi-K2.6,历史场景叙事,1614,475,42,38.42857142857143
03611040d36c,Pro-Kimi-K2.6,沉浸式体验设计,3503,942,88,39.80681818181818
c456c4c0f43b,Pro-Kimi-K2.6,博物馆导览讲解,1274,373,34,37.470588235294116
8abd1ba626a9,Pro-Kimi-K2.6,历史场景叙事,2287,580,69,33.14492753623188
a1f06af6b473,Pro-Kimi-K2.6,沉浸式体验设计,3718,1059,97,38.329896907216494
9e60004b4908,Pro-Kimi-K2.6,博物馆导览讲解,1434,453,34,42.1764705882353
a31a0ee6dd53,Pro-Kimi-K2.6,历史场景叙事,2438,669,68,35.85294117647059
8a540f36dca7,Pro-Kimi-K2.6,沉浸式体验设计,3681,999,92,40.01086956521739
6b68d9838661,Pro-Kimi-K2.6,博物馆导览讲解,1158,359,29,39.93103448275862
e491f65f1b4f,Pro-Kimi-K2.6,历史场景叙事,1591,498,33,48.21212121212121
964dd51e8885,Pro-Kimi-K2.6,沉浸式体验设计,3259,943,77,42.324675324675326
7d7acd2c6b9c,Pro-Kimi-K2.6,博物馆导览讲解,4287,527,41,104.5609756097561
02863a47eed1,Pro-Kimi-K2.6,历史场景叙事,1871,572,43,43.51162790697674
df886666555d,Pro-Kimi-K2.6,沉浸式体验设计,3637,1074,104,34.97115384615385
1b78c490c006,Pro-Kimi-K2.6,博物馆导览讲解,1007,302,28,35.964285714285715
634724df1a2f,Pro-Kimi-K2.6,历史场景叙事,1581,464,49,32.265306122448976
1895ad82a555,Pro-Kimi-K2.6,沉浸式体验设计,3429,1009,89,38.52808988764045
a49367efee30,Pro-Kimi-K2.6,博物馆导览讲解,1174,366,24,48.916666666666664
0400c3a579bb,Pro-Kimi-K2.6,历史场景叙事,1995,620,57,35.0
d461e97975a1,Pro-Kimi-K2.6,沉浸式体验设计,3749,1044,99,37.86868686868687
4c5c86567f3d,Pro-Kimi-K2.6,博物馆导览讲解,1081,327,30,36.03333333333333
134096c41c3f,Pro-Kimi-K2.6,历史场景叙事,1424,449,36,39.55555555555556
5af0da9727ae,Pro-Kimi-K2.6,沉浸式体验设计,3521,1012,91,38.69230769230769
4d65059c1f86,Pro-GLM-5.1,博物馆导览讲解,1191,354,32,37.21875
25be7a0f51e3,Pro-GLM-5.1,历史场景叙事,1643,502,49,33.53061224489796
de7075ef7587,Pro-GLM-5.1,沉浸式体验设计,2280,663,60,38.0
89cea16585f4,Pro-GLM-5.1,博物馆导览讲解,1645,463,55,29.90909090909091
aea1af7d0d09,Pro-GLM-5.1,历史场景叙事,1491,431,51,29.235294117647058
c42ca92539b0,Pro-GLM-5.1,沉浸式体验设计,2084,628,53,39.320754716981135
dd08d0bb5fe9,Pro-GLM-5.1,博物馆导览讲解,1251,370,36,34.75
9b5ba2f05cab,Pro-GLM-5.1,历史场景叙事,1743,491,64,27.234375
0bb6e1ec1a9b,Pro-GLM-5.1,沉浸式体验设计,2138,644,50,42.76
44b64104f589,Pro-GLM-5.1,博物馆导览讲解,1278,380,31,41.225806451612904
a6cb6cf54205,Pro-GLM-5.1,历史场景叙事,1262,373,42,30.047619047619047
2b3e5384e5fa,Pro-GLM-5.1,沉浸式体验设计,2614,792,76,34.39473684210526
0e19e522e755,Pro-GLM-5.1,博物馆导览讲解,1243,383,33,37.666666666666664
9c53cc05fbb0,Pro-GLM-5.1,历史场景叙事,1502,454,48,31.291666666666668
ebfec4a512f9,Pro-GLM-5.1,沉浸式体验设计,2046,595,57,35.89473684210526
4e9bacd27e07,Pro-GLM-5.1,博物馆导览讲解,1535,477,36,42.638888888888886
0a5337462635,Pro-GLM-5.1,历史场景叙事,1822,528,47,38.765957446808514
e79a8c9e030a,Pro-GLM-5.1,沉浸式体验设计,2240,629,60,37.333333333333336
29c2a3357790,Pro-GLM-5.1,博物馆导览讲解,1311,392,31,42.29032258064516
9cd2a411b8b2,Pro-GLM-5.1,历史场景叙事,1949,593,60,32.483333333333334
00ecc43e0fd8,Pro-GLM-5.1,沉浸式体验设计,2427,722,57,42.578947368421055
3b6ef8e91d06,Pro-GLM-5.1,博物馆导览讲解,1306,402,39,33.48717948717949
1d00dbde308f,Pro-GLM-5.1,历史场景叙事,1912,591,64,29.875
6ddb3f5a6031,Pro-GLM-5.1,沉浸式体验设计,2232,655,59,37.83050847457627
8016e7a1c8be,Pro-GLM-5.1,博物馆导览讲解,1316,413,34,38.705882352941174
d13e3c2a2c0e,Pro-GLM-5.1,历史场景叙事,1567,487,55,28.490909090909092
ec4a4e555ec3,Pro-GLM-5.1,沉浸式体验设计,2027,612,56,36.19642857142857
fc343de19715,Pro-GLM-5.1,博物馆导览讲解,1239,362,41,30.21951219512195
0530a1c32a22,Pro-GLM-5.1,历史场景叙事,1398,374,46,30.391304347826086
5f8854f7ac0d,Pro-GLM-5.1,沉浸式体验设计,2398,684,67,35.791044776119406
2db9c33930e3,Pro-GLM-5.1,博物馆导览讲解,1136,364,35,32.457142857142856
7508db6ae961,Pro-GLM-5.1,历史场景叙事,1685,505,46,36.630434782608695
057cf6226834,Pro-GLM-5.1,沉浸式体验设计,2290,691,59,38.813559322033896
d3717876f0ed,Pro-GLM-5.1,博物馆导览讲解,1385,440,40,34.625
b612dc8a2667,Pro-GLM-5.1,历史场景叙事,1296,404,35,37.02857142857143
4288bf34e4f5,Pro-GLM-5.1,沉浸式体验设计,2367,667,63,37.57142857142857
761ebed3bb8e,Pro-GLM-5.1,博物馆导览讲解,944,300,30,31.466666666666665
18e3777e0f59,Pro-GLM-5.1,历史场景叙事,1185,362,35,33.857142857142854
35988f7021fe,Pro-GLM-5.1,沉浸式体验设计,2280,677,60,38.0
165817ccf983,Pro-GLM-5.1,博物馆导览讲解,1181,334,42,28.11904761904762
05554561f475,Pro-GLM-5.1,历史场景叙事,1539,453,46,33.45652173913044
a4a34b358254,Pro-GLM-5.1,沉浸式体验设计,2105,619,57,36.92982456140351
6df475dc5367,Pro-GLM-5.1,博物馆导览讲解,1299,403,37,35.108108108108105
51b0be78c50e,Pro-GLM-5.1,历史场景叙事,2137,646,62,34.46774193548387
3d2f293a735f,Pro-GLM-5.1,沉浸式体验设计,2301,680,63,36.523809523809526
751ec5cc042a,Pro-GLM-5.1,博物馆导览讲解,1215,385,34,35.73529411764706
cd2995a90e5e,Pro-GLM-5.1,历史场景叙事,1701,516,49,34.714285714285715
9f6ee70ab204,Pro-GLM-5.1,沉浸式体验设计,2403,697,60,40.05
b99dc6a3b204,Pro-GLM-5.1,博物馆导览讲解,1239,398,33,37.54545454545455
932fd1b35f37,Pro-GLM-5.1,历史场景叙事,1408,432,39,36.1025641025641
fa7372cfe503,Pro-GLM-5.1,沉浸式体验设计,1966,626,52,37.80769230769231
aacb62491a54,Pro-GLM-5.1,博物馆导览讲解,1322,399,45,29.377777777777776
7820f7626958,Pro-GLM-5.1,历史场景叙事,1413,423,49,28.836734693877553
2b85f29da908,Pro-GLM-5.1,沉浸式体验设计,2636,33,54,48.81481481481482
c6e85a1b9ef1,Pro-GLM-5.1,博物馆导览讲解,1559,482,40,38.975
562a95567102,Pro-GLM-5.1,历史场景叙事,1798,548,57,31.54385964912281
2bfe91c33a44,Pro-GLM-5.1,沉浸式体验设计,2333,692,61,38.24590163934426
9bee1f5e3ad4,Pro-GLM-5.1,博物馆导览讲解,1068,323,29,36.827586206896555
d0ce5b95492d,Pro-GLM-5.1,历史场景叙事,1340,405,40,33.5
144268f47cf4,Pro-GLM-5.1,沉浸式体验设计,2080,644,47,44.255319148936174
985ee906a778,Nex-N2-Pro,博物馆导览讲解,3,1,1,3.0
ec0ecf86d09c,Nex-N2-Pro,历史场景叙事,3,1,1,3.0
aa91d85498bd,Nex-N2-Pro,沉浸式体验设计,3,1,1,3.0
36e4fc4b43c7,Nex-N2-Pro,博物馆导览讲解,3,1,1,3.0
08b0ea44ec46,Nex-N2-Pro,历史场景叙事,3,1,1,3.0
8110dcedce28,Nex-N2-Pro,沉浸式体验设计,3,1,1,3.0
bc06adabdd9f,Nex-N2-Pro,博物馆导览讲解,3,1,1,3.0
8fd77d45e69b,Nex-N2-Pro,历史场景叙事,3,1,1,3.0
f0781a002979,Nex-N2-Pro,沉浸式体验设计,3,1,1,3.0
434ce5b24c82,Nex-N2-Pro,博物馆导览讲解,3,1,1,3.0
b0604ccbb7e5,Nex-N2-Pro,历史场景叙事,3,1,1,3.0
d788b7de5276,Nex-N2-Pro,沉浸式体验设计,3,1,1,3.0
ebf96e7a2758,Nex-N2-Pro,博物馆导览讲解,3,1,1,3.0
a6a3fc5c7cf3,Nex-N2-Pro,历史场景叙事,3,1,1,3.0
5b2bcd47e491,Nex-N2-Pro,沉浸式体验设计,3,1,1,3.0
76b5cbc61407,Nex-N2-Pro,博物馆导览讲解,3,1,1,3.0
41e101ab148d,Nex-N2-Pro,历史场景叙事,3,1,1,3.0
6d1a36072b76,Nex-N2-Pro,沉浸式体验设计,2508,730,114,22.0
7baf785987ff,Nex-N2-Pro,博物馆导览讲解,3,1,1,3.0
c4bed8332c2e,Nex-N2-Pro,历史场景叙事,3,1,1,3.0
6bb25e42787b,Nex-N2-Pro,沉浸式体验设计,3,1,1,3.0
d033bbb6fc50,Nex-N2-Pro,博物馆导览讲解,3,1,1,3.0
b32ea0780d6c,Nex-N2-Pro,历史场景叙事,3,1,1,3.0
12456a7f08cb,Nex-N2-Pro,沉浸式体验设计,3,1,1,3.0
4159965ad5a8,Nex-N2-Pro,博物馆导览讲解,3,1,1,3.0
d0f32fa61abd,Nex-N2-Pro,历史场景叙事,3,1,1,3.0
0c07b867e1ed,Nex-N2-Pro,沉浸式体验设计,3,1,1,3.0
10efc808b0ea,Nex-N2-Pro,博物馆导览讲解,3,1,1,3.0
927c5dc1f925,Nex-N2-Pro,历史场景叙事,3,1,1,3.0
e87b922d2e50,Nex-N2-Pro,沉浸式体验设计,3,1,1,3.0
94b0163fc6dc,Nex-N2-Pro,博物馆导览讲解,3,1,1,3.0
d5f86b7d675a,Nex-N2-Pro,历史场景叙事,3,1,1,3.0
5149140920ce,Nex-N2-Pro,沉浸式体验设计,3,1,1,3.0
31cf7abb0edb,Nex-N2-Pro,博物馆导览讲解,80,18,3,26.666666666666668
7dd472a0df45,Nex-N2-Pro,历史场景叙事,3,1,1,3.0
9167ed90e3d4,Nex-N2-Pro,沉浸式体验设计,3,1,1,3.0
47eab1494110,Nex-N2-Pro,博物馆导览讲解,3,1,1,3.0
5c7a001267b6,Nex-N2-Pro,历史场景叙事,3,1,1,3.0
a292fd2fc9c2,Nex-N2-Pro,沉浸式体验设计,3,1,1,3.0
7570d7175810,Nex-N2-Pro,博物馆导览讲解,3,1,1,3.0
2461601c74d5,Nex-N2-Pro,历史场景叙事,3,1,1,3.0
41adb11bdb3e,Nex-N2-Pro,沉浸式体验设计,3,1,1,3.0
73c2d97b975a,Nex-N2-Pro,博物馆导览讲解,3,1,1,3.0
b1a1a617cfb1,Nex-N2-Pro,历史场景叙事,3,1,1,3.0
75283b712cd8,Nex-N2-Pro,沉浸式体验设计,3,1,1,3.0
8f98f693e38d,Nex-N2-Pro,博物馆导览讲解,3,1,1,3.0
a1e794f79493,Nex-N2-Pro,历史场景叙事,3,1,1,3.0
26d0b5bc3e08,Nex-N2-Pro,沉浸式体验设计,3,1,1,3.0
7cb2163ae720,Nex-N2-Pro,博物馆导览讲解,1555,505,37,42.027027027027025
72a02d9ba34a,Nex-N2-Pro,历史场景叙事,3,1,1,3.0
b3916fb4023c,Nex-N2-Pro,沉浸式体验设计,3,1,1,3.0
0c239bab29c2,Nex-N2-Pro,博物馆导览讲解,3,1,1,3.0
7849e6130732,Nex-N2-Pro,历史场景叙事,3,1,1,3.0
ecea9bf90d76,Nex-N2-Pro,沉浸式体验设计,3,1,1,3.0
0d908f5588bf,Nex-N2-Pro,博物馆导览讲解,3,1,1,3.0
2df429268afb,Nex-N2-Pro,历史场景叙事,3,1,1,3.0
e17fb0b7cdfe,Nex-N2-Pro,沉浸式体验设计,3,1,1,3.0
c7bb051aab4a,Nex-N2-Pro,博物馆导览讲解,3,1,1,3.0
3740094df723,Nex-N2-Pro,历史场景叙事,3,1,1,3.0
c988f787106f,Nex-N2-Pro,沉浸式体验设计,3,1,1,3.0
c3b70f394ba3,MiniMax-M2.5,博物馆导览讲解,1094,309,44,24.863636363636363
383f5d078eaf,MiniMax-M2.5,历史场景叙事,1577,471,57,27.666666666666668
1dae039e5399,MiniMax-M2.5,沉浸式体验设计,3564,1026,137,26.014598540145986
e78490b284da,MiniMax-M2.5,博物馆导览讲解,870,239,39,22.307692307692307
6443b2050a68,MiniMax-M2.5,历史场景叙事,1564,413,86,18.186046511627907
3a6876dcdb6b,MiniMax-M2.5,沉浸式体验设计,3707,944,140,26.478571428571428
2d73b81f2701,MiniMax-M2.5,博物馆导览讲解,2068,571,81,25.530864197530864
f9756b48b288,MiniMax-M2.5,历史场景叙事,3262,855,93,35.075268817204304
6614e60be246,MiniMax-M2.5,沉浸式体验设计,3582,1082,98,36.55102040816327
ed9db0b82aae,MiniMax-M2.5,博物馆导览讲解,1159,329,49,23.653061224489797
df8cd40f5abd,MiniMax-M2.5,历史场景叙事,1823,435,121,15.066115702479339
be13da28dea3,MiniMax-M2.5,沉浸式体验设计,3467,1009,99,35.02020202020202
5f84bfd1c41e,MiniMax-M2.5,博物馆导览讲解,2570,647,106,24.245283018867923
5ee83cd9c776,MiniMax-M2.5,历史场景叙事,3025,823,143,21.153846153846153
13899371983a,MiniMax-M2.5,沉浸式体验设计,3640,994,144,25.27777777777778
44cfc7e73f63,MiniMax-M2.5,博物馆导览讲解,1348,404,51,26.431372549019606
bc6226440e89,MiniMax-M2.5,历史场景叙事,1273,391,42,30.30952380952381
dca9698fefc5,MiniMax-M2.5,沉浸式体验设计,3625,871,129,28.100775193798448
20669d026345,MiniMax-M2.5,博物馆导览讲解,999,285,35,28.542857142857144
efd64df67394,MiniMax-M2.5,历史场景叙事,1001,281,45,22.244444444444444
bd2fbfe9cf75,MiniMax-M2.5,沉浸式体验设计,3625,994,134,27.05223880597015
3eb37cfe7872,MiniMax-M2.5,博物馆导览讲解,1958,538,73,26.82191780821918
264c702d64ab,MiniMax-M2.5,历史场景叙事,1371,417,57,24.05263157894737
9bb6aeced5e5,MiniMax-M2.5,沉浸式体验设计,3167,790,141,22.46099290780142
98d7a2ede452,MiniMax-M2.5,博物馆导览讲解,1353,389,50,27.06
f8e9683f97de,MiniMax-M2.5,历史场景叙事,2106,552,109,19.321100917431192
9094a685c8d9,MiniMax-M2.5,沉浸式体验设计,3528,987,118,29.89830508474576
5667d93f50ba,MiniMax-M2.5,博物馆导览讲解,1467,369,87,16.862068965517242
fa758c5bdff8,MiniMax-M2.5,历史场景叙事,1667,417,79,21.10126582278481
c98d2a876d1e,MiniMax-M2.5,沉浸式体验设计,3809,1015,156,24.416666666666668
82a256e5035b,MiniMax-M2.5,博物馆导览讲解,1806,515,68,26.558823529411764
5f59f985087e,MiniMax-M2.5,历史场景叙事,1670,479,59,28.305084745762713
ad43d82d23bf,MiniMax-M2.5,沉浸式体验设计,3102,881,111,27.945945945945947
0a51af16f257,MiniMax-M2.5,博物馆导览讲解,1347,350,64,21.046875
629b396d4370,MiniMax-M2.5,历史场景叙事,1925,496,93,20.698924731182796
a70dca40cf39,MiniMax-M2.5,沉浸式体验设计,3236,877,112,28.892857142857142
556fd6427f48,MiniMax-M2.5,博物馆导览讲解,1034,300,43,24.046511627906977
a48372a6e6e7,MiniMax-M2.5,历史场景叙事,980,276,45,21.77777777777778
622a838caf59,MiniMax-M2.5,沉浸式体验设计,3500,983,129,27.131782945736433
128c798bd197,MiniMax-M2.5,博物馆导览讲解,892,243,37,24.10810810810811
fd9441944bc2,MiniMax-M2.5,历史场景叙事,1002,269,53,18.90566037735849
233de179e9ff,MiniMax-M2.5,沉浸式体验设计,2899,823,97,29.88659793814433
f7e9e976ec86,MiniMax-M2.5,博物馆导览讲解,1526,427,54,28.25925925925926
375256e7ef31,MiniMax-M2.5,历史场景叙事,1763,484,55,32.054545454545455
57750676fbea,MiniMax-M2.5,沉浸式体验设计,3570,1028,113,31.5929203539823
44e193431a56,MiniMax-M2.5,博物馆导览讲解,1481,428,61,24.278688524590162
a446469992be,MiniMax-M2.5,历史场景叙事,2578,752,99,26.04040404040404
87342827c9a5,MiniMax-M2.5,沉浸式体验设计,3493,1005,113,30.911504424778762
d1f2f72d005b,MiniMax-M2.5,博物馆导览讲解,1388,409,40,34.7
73f23492c3db,MiniMax-M2.5,历史场景叙事,1156,296,49,23.591836734693878
9aa303f9b15c,MiniMax-M2.5,沉浸式体验设计,2490,691,85,29.294117647058822
83ed8999c520,MiniMax-M2.5,博物馆导览讲解,1094,323,43,25.441860465116278
8dacad1f695c,MiniMax-M2.5,历史场景叙事,1640,444,64,25.625
63e3af1da1ca,MiniMax-M2.5,沉浸式体验设计,3690,939,126,29.285714285714285
38c8cb904404,MiniMax-M2.5,博物馆导览讲解,1928,561,73,26.410958904109588
f71efc9e83de,MiniMax-M2.5,历史场景叙事,1744,514,69,25.27536231884058
953187f53cb5,MiniMax-M2.5,沉浸式体验设计,3745,1078,113,33.14159292035398
0d443cfe19c4,MiniMax-M2.5,博物馆导览讲解,615,197,26,23.653846153846153
4a649ccb0e0f,MiniMax-M2.5,历史场景叙事,1475,426,61,24.18032786885246
c71d3027291f,MiniMax-M2.5,沉浸式体验设计,3621,998,133,27.225563909774436
beb8e5830529,Pro-MiniMax-M2.5,博物馆导览讲解,1603,466,55,29.145454545454545
1b36d46cf8be,Pro-MiniMax-M2.5,历史场景叙事,990,292,30,33.0
4cc9a7a1c921,Pro-MiniMax-M2.5,沉浸式体验设计,3380,1012,103,32.81553398058252
e8e1649b16f5,Pro-MiniMax-M2.5,博物馆导览讲解,1137,314,45,25.266666666666666
a3e23f99d26d,Pro-MiniMax-M2.5,历史场景叙事,1528,415,68,22.470588235294116
3fac52a1d71f,Pro-MiniMax-M2.5,沉浸式体验设计,3570,900,144,24.791666666666668
741acacf1098,Pro-MiniMax-M2.5,博物馆导览讲解,1684,447,70,24.057142857142857
71edf59ea7a7,Pro-MiniMax-M2.5,历史场景叙事,3530,890,132,26.742424242424242
9288e8e8be76,Pro-MiniMax-M2.5,沉浸式体验设计,3079,916,104,29.60576923076923
5f2f0a687b20,Pro-MiniMax-M2.5,博物馆导览讲解,990,292,45,22.0
f69744bd9125,Pro-MiniMax-M2.5,历史场景叙事,2736,788,131,20.885496183206108
036fc72afe63,Pro-MiniMax-M2.5,沉浸式体验设计,3546,920,109,32.53211009174312
3893c0006ad9,Pro-MiniMax-M2.5,博物馆导览讲解,1149,338,35,32.82857142857143
0a4e07616654,Pro-MiniMax-M2.5,历史场景叙事,1431,378,62,23.080645161290324
92e82c42836f,Pro-MiniMax-M2.5,沉浸式体验设计,3664,1029,159,23.044025157232703
85665a0a12c5,Pro-MiniMax-M2.5,博物馆导览讲解,1288,356,52,24.76923076923077
653441e37b98,Pro-MiniMax-M2.5,历史场景叙事,1388,412,45,30.844444444444445
18e9655fe7fb,Pro-MiniMax-M2.5,沉浸式体验设计,3651,858,93,39.25806451612903
69345727b6ae,Pro-MiniMax-M2.5,博物馆导览讲解,1465,450,43,34.06976744186046
e79ec844b127,Pro-MiniMax-M2.5,历史场景叙事,927,284,31,29.903225806451612
cc0a0460296f,Pro-MiniMax-M2.5,沉浸式体验设计,2805,833,114,24.605263157894736
c5a93f5557c3,Pro-MiniMax-M2.5,博物馆导览讲解,873,254,32,27.28125
961d6b7a28eb,Pro-MiniMax-M2.5,历史场景叙事,3049,873,130,23.453846153846154
12300f5f1163,Pro-MiniMax-M2.5,沉浸式体验设计,3617,1038,104,34.77884615384615
d0a5b559a1f6,Pro-MiniMax-M2.5,博物馆导览讲解,1398,403,47,29.74468085106383
8f3c12043b34,Pro-MiniMax-M2.5,历史场景叙事,1576,460,67,23.52238805970149
d86e5ba15cef,Pro-MiniMax-M2.5,沉浸式体验设计,3534,1057,133,26.571428571428573
bcf98dfa8c94,Pro-MiniMax-M2.5,博物馆导览讲解,1787,460,73,24.47945205479452
572da9de0172,Pro-MiniMax-M2.5,历史场景叙事,2151,549,135,15.933333333333334
77c3446107ac,Pro-MiniMax-M2.5,沉浸式体验设计,3550,1069,99,35.85858585858586
77d22a02253c,Pro-MiniMax-M2.5,博物馆导览讲解,1396,403,53,26.339622641509433
346b3a2f26b8,Pro-MiniMax-M2.5,历史场景叙事,3059,887,104,29.41346153846154
5ac7a768de0d,Pro-MiniMax-M2.5,沉浸式体验设计,2599,710,102,25.480392156862745
25bb91eaee3e,Pro-MiniMax-M2.5,博物馆导览讲解,2061,574,78,26.423076923076923
21b333bc4014,Pro-MiniMax-M2.5,历史场景叙事,1546,448,52,29.73076923076923
1ac8b2f8d19a,Pro-MiniMax-M2.5,沉浸式体验设计,3584,990,106,33.81132075471698
e207a9f99283,Pro-MiniMax-M2.5,博物馆导览讲解,710,202,30,23.666666666666668
41ee066bd89e,Pro-MiniMax-M2.5,历史场景叙事,1936,546,71,27.267605633802816
adbc0cf48df5,Pro-MiniMax-M2.5,沉浸式体验设计,3327,952,105,31.685714285714287
1e8808338bfd,Pro-MiniMax-M2.5,博物馆导览讲解,1358,344,48,28.291666666666668
4a17e4ea3a46,Pro-MiniMax-M2.5,历史场景叙事,1272,353,50,25.44
ce7a2b0c3308,Pro-MiniMax-M2.5,沉浸式体验设计,3538,924,146,24.232876712328768
ffc7f8d4a4c6,Pro-MiniMax-M2.5,博物馆导览讲解,1318,392,56,23.535714285714285
ff1c08b94604,Pro-MiniMax-M2.5,历史场景叙事,2706,762,102,26.529411764705884
c0b0c60e1ef2,Pro-MiniMax-M2.5,沉浸式体验设计,3709,1053,143,25.937062937062937
dea8164eb44f,Pro-MiniMax-M2.5,博物馆导览讲解,1285,404,47,27.340425531914892
b65e732224ce,Pro-MiniMax-M2.5,历史场景叙事,2057,648,77,26.714285714285715
6b236ab4a77c,Pro-MiniMax-M2.5,沉浸式体验设计,3522,1066,121,29.107438016528924
46197dcce381,Pro-MiniMax-M2.5,博物馆导览讲解,711,210,30,23.7
dd8efaac7b74,Pro-MiniMax-M2.5,历史场景叙事,555,153,23,24.130434782608695
921f6f0e4da3,Pro-MiniMax-M2.5,沉浸式体验设计,3543,1015,87,40.724137931034484
850812fc9587,Pro-MiniMax-M2.5,博物馆导览讲解,482,153,21,22.952380952380953
423462737148,Pro-MiniMax-M2.5,历史场景叙事,1468,411,64,22.9375
8a6f1b46a445,Pro-MiniMax-M2.5,沉浸式体验设计,3632,899,87,41.747126436781606
0eb9eadf9a2a,Pro-MiniMax-M2.5,博物馆导览讲解,1025,291,38,26.973684210526315
45293e40f117,Pro-MiniMax-M2.5,历史场景叙事,1216,371,47,25.872340425531913
f4aefa543c57,Pro-MiniMax-M2.5,沉浸式体验设计,3746,1007,123,30.45528455284553
dc9692d4249f,Pro-MiniMax-M2.5,博物馆导览讲解,1262,370,42,30.047619047619047
5c58aa4cf9e5,Pro-MiniMax-M2.5,历史场景叙事,2443,673,99,24.67676767676768
2bbb43364ef1,Pro-MiniMax-M2.5,沉浸式体验设计,2737,754,108,25.34259259259259
