response_id,model,task,positive_ratio,negative_ratio,neutral_ratio,sentiment_score
abe491e4dfec,LongCat-2.0,博物馆导览讲解,0.0,0.0036363636363636364,0.9963636363636363,-0.0036363636363636364
7abf1afcb13a,LongCat-2.0,历史场景叙事,0.0,0.0,1.0,0.0
a910c2804726,LongCat-2.0,沉浸式体验设计,0.002331002331002331,0.0,0.9976689976689976,0.002331002331002331
b1da5a36c090,LongCat-2.0,博物馆导览讲解,0.0111731843575419,0.0,0.9888268156424581,0.0111731843575419
75e0305e96f6,LongCat-2.0,历史场景叙事,0.0,0.0,1.0,0.0
b4a5c452e671,LongCat-2.0,沉浸式体验设计,0.0,0.004366812227074236,0.9956331877729258,-0.004366812227074236
a649d383f6fc,LongCat-2.0,博物馆导览讲解,0.003067484662576687,0.003067484662576687,0.9938650306748467,0.0
d7bcd4aa43be,LongCat-2.0,历史场景叙事,0.007194244604316547,0.0,0.9928057553956835,0.007194244604316547
c387794033e5,LongCat-2.0,沉浸式体验设计,0.0022222222222222222,0.0,0.9977777777777778,0.0022222222222222222
09d8b65cfb8e,LongCat-2.0,博物馆导览讲解,0.015384615384615385,0.005128205128205128,0.9794871794871794,0.010256410256410256
9e7b5db0b3e6,LongCat-2.0,历史场景叙事,0.011194029850746268,0.0018656716417910447,0.9869402985074627,0.009328358208955223
1740f71453f3,LongCat-2.0,沉浸式体验设计,0.0022222222222222222,0.0022222222222222222,0.9955555555555555,0.0
c638948c6ea8,LongCat-2.0,博物馆导览讲解,0.0,0.0,1.0,0.0
a20efd3ab456,LongCat-2.0,历史场景叙事,0.0,0.0,1.0,0.0
9b75e4f41d1b,LongCat-2.0,沉浸式体验设计,0.0,0.0,1.0,0.0
b2df31c89406,LongCat-2.0,博物馆导览讲解,0.003076923076923077,0.0,0.9969230769230769,0.003076923076923077
85696439e217,LongCat-2.0,历史场景叙事,0.0,0.0,1.0,0.0
5cf3394abff0,LongCat-2.0,沉浸式体验设计,0.0,0.0021645021645021645,0.9978354978354979,-0.0021645021645021645
1081b2fefe22,LongCat-2.0,博物馆导览讲解,0.015723270440251572,0.0031446540880503146,0.9811320754716981,0.012578616352201259
d09c103f7efb,LongCat-2.0,历史场景叙事,0.0034602076124567475,0.0,0.9965397923875432,0.0034602076124567475
4cd25180c555,LongCat-2.0,沉浸式体验设计,0.0,0.0,1.0,0.0
39b75ba71a6d,LongCat-2.0,博物馆导览讲解,0.0026666666666666666,0.0,0.9973333333333333,0.0026666666666666666
cf999dfd78db,LongCat-2.0,历史场景叙事,0.001851851851851852,0.001851851851851852,0.9962962962962963,0.0
5a7ab0b80d9d,LongCat-2.0,沉浸式体验设计,0.0,0.0,1.0,0.0
53be63e9196b,LongCat-2.0,博物馆导览讲解,0.009852216748768473,0.0049261083743842365,0.9852216748768473,0.0049261083743842365
482af2c80fbd,LongCat-2.0,历史场景叙事,0.0,0.0,1.0,0.0
29c23ebf4a19,LongCat-2.0,沉浸式体验设计,0.0027397260273972603,0.0,0.9972602739726028,0.0027397260273972603
154c5af6a91b,LongCat-2.0,博物馆导览讲解,0.00967741935483871,0.0,0.9903225806451613,0.00967741935483871
5e45f83d9f51,LongCat-2.0,历史场景叙事,0.0,0.0,1.0,0.0
7aa0ab6abe6e,LongCat-2.0,沉浸式体验设计,0.0,0.004672897196261682,0.9953271028037384,-0.004672897196261682
755f9db45c7b,LongCat-2.0,博物馆导览讲解,0.0037593984962406013,0.0037593984962406013,0.9924812030075187,0.0
9870c50c50c3,LongCat-2.0,历史场景叙事,0.006711409395973154,0.0,0.9932885906040269,0.006711409395973154
22d832f5c046,LongCat-2.0,沉浸式体验设计,0.004434589800443459,0.0,0.9955654101995566,0.004434589800443459
2ae93a537f33,LongCat-2.0,博物馆导览讲解,0.007575757575757576,0.007575757575757576,0.9848484848484849,0.0
3c87e6844b49,LongCat-2.0,历史场景叙事,0.0018796992481203006,0.0018796992481203006,0.9962406015037594,0.0
582e4785f105,LongCat-2.0,沉浸式体验设计,0.0,0.002583979328165375,0.9974160206718347,-0.002583979328165375
551fe23b8ddc,GLM-5.2,博物馆导览讲解,0.0,0.0,1.0,0.0
fcdfcc210c01,GLM-5.2,历史场景叙事,0.0,0.0,1.0,0.0
2aea162482dd,GLM-5.2,沉浸式体验设计,0.0,0.004056795131845842,0.9959432048681541,-0.004056795131845842
036a8a4a3dda,GLM-5.2,博物馆导览讲解,0.00964630225080386,0.0,0.9903536977491961,0.00964630225080386
3a6ad4aa3a44,GLM-5.2,历史场景叙事,0.0024096385542168677,0.0024096385542168677,0.9951807228915662,0.0
d61440f30d8f,GLM-5.2,沉浸式体验设计,0.00641025641025641,0.004273504273504274,0.9893162393162394,0.002136752136752137
80ef37f7e6f8,GLM-5.2,博物馆导览讲解,0.007042253521126761,0.002347417840375587,0.9906103286384976,0.004694835680751174
0d87d1443a2c,GLM-5.2,历史场景叙事,0.005535055350553505,0.0,0.9944649446494465,0.005535055350553505
2970262db7e2,GLM-5.2,沉浸式体验设计,0.004132231404958678,0.004132231404958678,0.9917355371900827,0.0
c942063b02d5,GLM-5.2,博物馆导览讲解,0.007326007326007326,0.007326007326007326,0.9853479853479854,0.0
5cb58fc9abcd,GLM-5.2,历史场景叙事,0.009852216748768473,0.0,0.9901477832512315,0.009852216748768473
c0b2c9dd02af,GLM-5.2,沉浸式体验设计,0.004149377593360996,0.002074688796680498,0.9937759336099585,0.002074688796680498
8a5267dd48b8,GLM-5.2,博物馆导览讲解,0.0029498525073746312,0.0,0.9970501474926253,0.0029498525073746312
ba6980e41266,GLM-5.2,历史场景叙事,0.00437636761487965,0.002188183807439825,0.9934354485776805,0.002188183807439825
2192ffd3385f,GLM-5.2,沉浸式体验设计,0.0,0.0,1.0,0.0
94caab87449f,GLM-5.2,博物馆导览讲解,0.005714285714285714,0.002857142857142857,0.9914285714285714,0.002857142857142857
d8ddbb68918d,GLM-5.2,历史场景叙事,0.004728132387706856,0.004728132387706856,0.9905437352245863,0.0
b32dce1e5c44,GLM-5.2,沉浸式体验设计,0.006507592190889371,0.0,0.9934924078091106,0.006507592190889371
043362459d0c,GLM-5.2,博物馆导览讲解,0.0028089887640449437,0.0028089887640449437,0.9943820224719101,0.0
294a49aee97c,GLM-5.2,历史场景叙事,0.002347417840375587,0.002347417840375587,0.9953051643192489,0.0
721b1e1be672,GLM-5.2,沉浸式体验设计,0.0,0.0,1.0,0.0
cb18753dd01e,GLM-5.2,博物馆导览讲解,0.00909090909090909,0.0030303030303030303,0.9878787878787879,0.006060606060606061
91866d706441,GLM-5.2,历史场景叙事,0.0,0.0022123893805309734,0.9977876106194691,-0.0022123893805309734
0d49120897d8,GLM-5.2,沉浸式体验设计,0.001996007984031936,0.003992015968063872,0.9940119760479041,-0.001996007984031936
a80bb6f9b116,GLM-5.2,博物馆导览讲解,0.00975609756097561,0.0024390243902439024,0.9878048780487805,0.007317073170731708
509ac649cfae,GLM-5.2,历史场景叙事,0.004484304932735426,0.002242152466367713,0.9932735426008968,0.002242152466367713
9b94f7e61566,GLM-5.2,沉浸式体验设计,0.00646551724137931,0.0021551724137931034,0.9913793103448276,0.004310344827586207
69e407a14d37,GLM-5.2,博物馆导览讲解,0.0031645569620253164,0.0031645569620253164,0.9936708860759493,0.0
f837a19c616e,GLM-5.2,历史场景叙事,0.006230529595015576,0.0,0.9937694704049844,0.006230529595015576
28744f16944f,GLM-5.2,沉浸式体验设计,0.004395604395604396,0.004395604395604396,0.9912087912087912,0.0
afdf0242e897,GLM-5.2,博物馆导览讲解,0.003076923076923077,0.003076923076923077,0.9938461538461538,0.0
0223cbd7e9b6,GLM-5.2,历史场景叙事,0.005305039787798408,0.002652519893899204,0.9920424403183024,0.002652519893899204
7cccbb1ebdd6,GLM-5.2,沉浸式体验设计,0.006276150627615063,0.0020920502092050207,0.9916317991631799,0.0041841004184100415
63153b5d2f00,GLM-5.2,博物馆导览讲解,0.0,0.0,1.0,0.0
f324a6f12136,GLM-5.2,历史场景叙事,0.005235602094240838,0.0,0.9947643979057592,0.005235602094240838
f6125a7b0510,GLM-5.2,沉浸式体验设计,0.002188183807439825,0.0,0.9978118161925602,0.002188183807439825
e636e67830a1,Kimi-K2.7-Code,博物馆导览讲解,0.0,0.0,1.0,0.0
980bfec4f863,Kimi-K2.7-Code,历史场景叙事,0.0017421602787456446,0.0,0.9982578397212544,0.0017421602787456446
982a3477b67a,Kimi-K2.7-Code,沉浸式体验设计,0.0,0.0,1.0,0.0
d6799baf388c,Kimi-K2.7-Code,博物馆导览讲解,0.0,0.0,1.0,0.0
e7064299338f,Kimi-K2.7-Code,历史场景叙事,0.0,0.0,1.0,0.0
7ebb499b3763,Kimi-K2.7-Code,沉浸式体验设计,0.004032258064516129,0.0020161290322580645,0.9939516129032258,0.0020161290322580645
464ed49bcbf2,Kimi-K2.7-Code,博物馆导览讲解,0.0,0.0,1.0,0.0
9f8126dd44d5,Kimi-K2.7-Code,历史场景叙事,0.0,0.001838235294117647,0.9981617647058824,-0.001838235294117647
3e15f53c5e25,Kimi-K2.7-Code,沉浸式体验设计,0.0,0.0,1.0,0.0
930737b0cfde,Kimi-K2.7-Code,博物馆导览讲解,0.004132231404958678,0.004132231404958678,0.9917355371900827,0.0
d3354379e2da,Kimi-K2.7-Code,历史场景叙事,0.0,0.0,1.0,0.0
33e7623784aa,Kimi-K2.7-Code,沉浸式体验设计,0.0017574692442882249,0.0017574692442882249,0.9964850615114236,0.0
0e7e2c5928c1,Kimi-K2.7-Code,博物馆导览讲解,0.00641025641025641,0.0,0.9935897435897436,0.00641025641025641
783fb756274d,Kimi-K2.7-Code,历史场景叙事,0.0,0.0,1.0,0.0
afa731288f9e,Kimi-K2.7-Code,沉浸式体验设计,0.0034904013961605585,0.0,0.9965095986038395,0.0034904013961605585
7f749f684f2a,Kimi-K2.7-Code,博物馆导览讲解,0.0038461538461538464,0.0,0.9961538461538462,0.0038461538461538464
8e935bdb8966,Kimi-K2.7-Code,历史场景叙事,0.003787878787878788,0.0,0.9962121212121212,0.003787878787878788
8860c142fb34,Kimi-K2.7-Code,沉浸式体验设计,0.0,0.0,1.0,0.0
a0b031de576c,Kimi-K2.7-Code,博物馆导览讲解,0.0035587188612099642,0.0071174377224199285,0.9893238434163701,-0.0035587188612099642
d51c77b3c96e,Kimi-K2.7-Code,历史场景叙事,0.0,0.0,1.0,0.0
d6de44524801,Kimi-K2.7-Code,沉浸式体验设计,0.001834862385321101,0.001834862385321101,0.9963302752293578,0.0
67038910ea90,Kimi-K2.7-Code,博物馆导览讲解,0.0,0.0,1.0,0.0
0523dafe341e,Kimi-K2.7-Code,历史场景叙事,0.0029585798816568047,0.0,0.9970414201183432,0.0029585798816568047
d8b31579912e,Kimi-K2.7-Code,沉浸式体验设计,0.005253940455341506,0.0,0.9947460595446584,0.005253940455341506
a3db0f8a3c94,Kimi-K2.7-Code,博物馆导览讲解,0.010101010101010102,0.0,0.98989898989899,0.010101010101010102
1d2afceff879,Kimi-K2.7-Code,历史场景叙事,0.0019569471624266144,0.0,0.9980430528375733,0.0019569471624266144
89f025b51cb7,Kimi-K2.7-Code,沉浸式体验设计,0.010507880910683012,0.0017513134851138354,0.9877408056042032,0.008756567425569177
25c2f2abe3e5,Kimi-K2.7-Code,博物馆导览讲解,0.0,0.0,1.0,0.0
261c309dd692,Kimi-K2.7-Code,历史场景叙事,0.0,0.0,1.0,0.0
341fdfd3bad0,Kimi-K2.7-Code,沉浸式体验设计,0.0,0.0037735849056603774,0.9962264150943396,-0.0037735849056603774
1bad7daa3d54,Kimi-K2.7-Code,博物馆导览讲解,0.00967741935483871,0.0032258064516129032,0.9870967741935484,0.0064516129032258064
72fc81c84dd0,Kimi-K2.7-Code,历史场景叙事,0.0030581039755351682,0.0,0.9969418960244648,0.0030581039755351682
57214298398f,Kimi-K2.7-Code,沉浸式体验设计,0.0032,0.0064,0.9904,-0.0032
efd692be49e1,Kimi-K2.7-Code,博物馆导览讲解,0.003205128205128205,0.003205128205128205,0.9935897435897436,0.0
750c66465d95,Kimi-K2.7-Code,历史场景叙事,0.005050505050505051,0.0,0.9949494949494949,0.005050505050505051
c0d91de3d322,Kimi-K2.7-Code,沉浸式体验设计,0.001718213058419244,0.001718213058419244,0.9965635738831615,0.0
ad23878edbe8,DeepSeek-V4-Pro,博物馆导览讲解,0.007272727272727273,0.0,0.9927272727272727,0.007272727272727273
b3165688025d,DeepSeek-V4-Pro,历史场景叙事,0.0,0.0,1.0,0.0
debe58c13311,DeepSeek-V4-Pro,沉浸式体验设计,0.0034782608695652175,0.0,0.9965217391304347,0.0034782608695652175
b86fa7cbd4f1,DeepSeek-V4-Pro,博物馆导览讲解,0.009174311926605505,0.009174311926605505,0.981651376146789,0.0
9d5ea3d334bd,DeepSeek-V4-Pro,沉浸式体验设计,0.0036101083032490976,0.0018050541516245488,0.9945848375451264,0.0018050541516245488
4d34935f2d4b,DeepSeek-V4-Pro,博物馆导览讲解,0.008130081300813009,0.0,0.991869918699187,0.008130081300813009
be2ddfb7f9e5,DeepSeek-V4-Pro,沉浸式体验设计,0.007342143906020558,0.0,0.9926578560939795,0.007342143906020558
e0d48cca9b72,DeepSeek-V4-Pro,博物馆导览讲解,0.006329113924050633,0.0031645569620253164,0.990506329113924,0.0031645569620253164
1fb315375044,DeepSeek-V4-Pro,历史场景叙事,0.0,0.0030211480362537764,0.9969788519637462,-0.0030211480362537764
a1e84fc6622e,DeepSeek-V4-Pro,沉浸式体验设计,0.0032258064516129032,0.0,0.9967741935483871,0.0032258064516129032
f26740bbd051,DeepSeek-V4-Pro,博物馆导览讲解,0.007722007722007722,0.003861003861003861,0.9884169884169884,0.003861003861003861
7fbeb69a0ca0,DeepSeek-V4-Pro,历史场景叙事,0.005494505494505495,0.0,0.9945054945054945,0.005494505494505495
a923b506befe,DeepSeek-V4-Pro,沉浸式体验设计,0.0015822784810126582,0.0015822784810126582,0.9968354430379747,0.0
3e31cab2a324,DeepSeek-V4-Pro,博物馆导览讲解,0.003861003861003861,0.003861003861003861,0.9922779922779923,0.0
f66d558869a8,DeepSeek-V4-Pro,历史场景叙事,0.0020833333333333333,0.0,0.9979166666666667,0.0020833333333333333
96534aab2a68,DeepSeek-V4-Pro,沉浸式体验设计,0.003472222222222222,0.0,0.9965277777777778,0.003472222222222222
8b4a1b59e28a,DeepSeek-V4-Pro,博物馆导览讲解,0.0,0.0,1.0,0.0
5130aabfbcb6,DeepSeek-V4-Pro,历史场景叙事,0.0,0.0,1.0,0.0
f3643bc4d79f,DeepSeek-V4-Pro,沉浸式体验设计,0.0016339869281045752,0.0,0.9983660130718954,0.0016339869281045752
efefcc9a8ce7,DeepSeek-V4-Pro,博物馆导览讲解,0.0025188916876574307,0.0025188916876574307,0.9949622166246851,0.0
c094664055e0,DeepSeek-V4-Pro,历史场景叙事,0.002638522427440633,0.002638522427440633,0.9947229551451188,0.0
3c1bebfff42c,DeepSeek-V4-Pro,沉浸式体验设计,0.0032414910858995136,0.0,0.9967585089141004,0.0032414910858995136
3460139b9bc4,DeepSeek-V4-Pro,博物馆导览讲解,0.006514657980456026,0.003257328990228013,0.990228013029316,0.003257328990228013
15cc98a2dac9,DeepSeek-V4-Pro,历史场景叙事,0.009287925696594427,0.0,0.9907120743034056,0.009287925696594427
f16d0cd49fab,DeepSeek-V4-Pro,沉浸式体验设计,0.0,0.0,1.0,0.0
d8ef2a5c9eaa,DeepSeek-V4-Pro,博物馆导览讲解,0.014018691588785047,0.004672897196261682,0.9813084112149533,0.009345794392523364
f23cfdd30d9e,DeepSeek-V4-Pro,历史场景叙事,0.003745318352059925,0.0,0.9962546816479401,0.003745318352059925
be10104a456f,DeepSeek-V4-Pro,沉浸式体验设计,0.0038535645472061657,0.005780346820809248,0.9903660886319846,-0.0019267822736030828
c1d9159a6406,DeepSeek-V4-Pro,博物馆导览讲解,0.00816326530612245,0.00816326530612245,0.9836734693877551,0.0
2e93125716f9,DeepSeek-V4-Pro,历史场景叙事,0.0,0.0,1.0,0.0
6d4b5fcc53a5,DeepSeek-V4-Pro,沉浸式体验设计,0.003787878787878788,0.001893939393939394,0.9943181818181818,0.001893939393939394
233ac955a4ba,DeepSeek-V4-Pro,博物馆导览讲解,0.0,0.0,1.0,0.0
631b281e7b0a,DeepSeek-V4-Pro,历史场景叙事,0.004048582995951417,0.0,0.9959514170040485,0.004048582995951417
db0d27efc02a,DeepSeek-V4-Pro,沉浸式体验设计,0.001567398119122257,0.0,0.9984326018808778,0.001567398119122257
96de426a853e,DeepSeek-V4-Flash,博物馆导览讲解,0.0045871559633027525,0.0045871559633027525,0.9908256880733946,0.0
d06e23c32651,DeepSeek-V4-Flash,历史场景叙事,0.0,0.0,1.0,0.0
85139f021057,DeepSeek-V4-Flash,沉浸式体验设计,0.0,0.0,1.0,0.0
6ad6f14a9806,DeepSeek-V4-Flash,博物馆导览讲解,0.0035587188612099642,0.0035587188612099642,0.9928825622775801,0.0
0d7c9c157210,DeepSeek-V4-Flash,历史场景叙事,0.0,0.00425531914893617,0.9957446808510638,-0.00425531914893617
e5819c8125bd,DeepSeek-V4-Flash,沉浸式体验设计,0.0017482517482517483,0.0,0.9982517482517482,0.0017482517482517483
34ab7ddb4269,DeepSeek-V4-Flash,博物馆导览讲解,0.0,0.0,1.0,0.0
1aecc8f33356,DeepSeek-V4-Flash,历史场景叙事,0.00211864406779661,0.00211864406779661,0.9957627118644068,0.0
97165235ddd6,DeepSeek-V4-Flash,沉浸式体验设计,0.003816793893129771,0.003816793893129771,0.9923664122137404,0.0
9e120c84dfe7,DeepSeek-V4-Flash,博物馆导览讲解,0.01893939393939394,0.003787878787878788,0.9772727272727273,0.015151515151515152
0617e23e090a,DeepSeek-V4-Flash,历史场景叙事,0.0,0.00392156862745098,0.996078431372549,-0.00392156862745098
c048d79ecb0d,DeepSeek-V4-Flash,沉浸式体验设计,0.0045045045045045045,0.0022522522522522522,0.9932432432432432,0.0022522522522522522
945281ec4929,DeepSeek-V4-Flash,博物馆导览讲解,0.0034965034965034965,0.0034965034965034965,0.993006993006993,0.0
155d5748f9bf,DeepSeek-V4-Flash,历史场景叙事,0.0,0.0,1.0,0.0
165eaa6a895e,DeepSeek-V4-Flash,沉浸式体验设计,0.0,0.0,1.0,0.0
a6f0c890b216,DeepSeek-V4-Flash,博物馆导览讲解,0.012195121951219513,0.003048780487804878,0.9847560975609756,0.009146341463414634
b382e1ecf87d,DeepSeek-V4-Flash,历史场景叙事,0.003367003367003367,0.0,0.9966329966329966,0.003367003367003367
4be2d47af353,DeepSeek-V4-Flash,沉浸式体验设计,0.002421307506053269,0.0,0.9975786924939467,0.002421307506053269
3bd0287678b2,DeepSeek-V4-Flash,博物馆导览讲解,0.0035087719298245615,0.0,0.9964912280701754,0.0035087719298245615
8def91be5c58,DeepSeek-V4-Flash,历史场景叙事,0.005952380952380952,0.0,0.9940476190476191,0.005952380952380952
5fdf20db6899,DeepSeek-V4-Flash,沉浸式体验设计,0.0,0.001736111111111111,0.9982638888888888,-0.001736111111111111
df0f9beb8034,DeepSeek-V4-Flash,博物馆导览讲解,0.003816793893129771,0.003816793893129771,0.9923664122137404,0.0
d0f3156e085e,DeepSeek-V4-Flash,历史场景叙事,0.0,0.0,1.0,0.0
d037286eb32d,DeepSeek-V4-Flash,沉浸式体验设计,0.007936507936507936,0.0,0.9920634920634921,0.007936507936507936
6d798e8994d5,DeepSeek-V4-Flash,博物馆导览讲解,0.009523809523809525,0.0031746031746031746,0.9873015873015873,0.006349206349206349
e5796f5b1a30,DeepSeek-V4-Flash,历史场景叙事,0.0,0.0,1.0,0.0
3e0121031fd8,DeepSeek-V4-Flash,沉浸式体验设计,0.006042296072507553,0.0015105740181268882,0.9924471299093656,0.004531722054380665
e1c0a6545c7e,DeepSeek-V4-Flash,博物馆导览讲解,0.012605042016806723,0.0,0.9873949579831933,0.012605042016806723
63f33f99634f,DeepSeek-V4-Flash,历史场景叙事,0.0043859649122807015,0.0,0.9956140350877193,0.0043859649122807015
f814fe079a7f,DeepSeek-V4-Flash,沉浸式体验设计,0.0,0.002232142857142857,0.9977678571428571,-0.002232142857142857
0829a952ab51,DeepSeek-V4-Flash,博物馆导览讲解,0.008888888888888889,0.0044444444444444444,0.9866666666666667,0.0044444444444444444
69eaeb1942ed,DeepSeek-V4-Flash,历史场景叙事,0.0,0.0,1.0,0.0
bc417a34577c,DeepSeek-V4-Flash,沉浸式体验设计,0.0045662100456621,0.00228310502283105,0.9931506849315068,0.00228310502283105
7ef0c5dce4cc,DeepSeek-V4-Flash,博物馆导览讲解,0.0045662100456621,0.0045662100456621,0.9908675799086758,0.0
180b1c35f225,DeepSeek-V4-Flash,历史场景叙事,0.0,0.0,1.0,0.0
aefc05d29a32,DeepSeek-V4-Flash,沉浸式体验设计,0.003663003663003663,0.0,0.9963369963369964,0.003663003663003663
0b6b33bf51c8,Pro-Kimi-K2.6,博物馆导览讲解,0.010416666666666666,0.0,0.9895833333333334,0.010416666666666666
bf28641cdacf,Pro-Kimi-K2.6,历史场景叙事,0.0,0.0,1.0,0.0
1c4432eb5850,Pro-Kimi-K2.6,沉浸式体验设计,0.0,0.0,1.0,0.0
204fe957d2f7,Pro-Kimi-K2.6,博物馆导览讲解,0.004347826086956522,0.0,0.9956521739130435,0.004347826086956522
591c025b2a7c,Pro-Kimi-K2.6,历史场景叙事,0.0,0.005847953216374269,0.9941520467836257,-0.005847953216374269
b9567ce40698,Pro-Kimi-K2.6,沉浸式体验设计,0.001597444089456869,0.001597444089456869,0.9968051118210862,0.0
d16d3be1e362,Pro-Kimi-K2.6,博物馆导览讲解,0.0,0.0,1.0,0.0
cc3097c42b52,Pro-Kimi-K2.6,历史场景叙事,0.0015600624024961,0.0015600624024961,0.9968798751950078,0.0
854b18d86f8b,Pro-Kimi-K2.6,沉浸式体验设计,0.0049504950495049506,0.0033003300330033004,0.9917491749174917,0.0016501650165016502
6f74ba452775,Pro-Kimi-K2.6,博物馆导览讲解,0.0,0.012096774193548387,0.9879032258064516,-0.012096774193548387
ec777615fb32,Pro-Kimi-K2.6,历史场景叙事,0.0023923444976076554,0.0,0.9976076555023924,0.0023923444976076554
c314350047aa,Pro-Kimi-K2.6,沉浸式体验设计,0.001564945226917058,0.0,0.9984350547730829,0.001564945226917058
485a20f89466,Pro-Kimi-K2.6,博物馆导览讲解,0.009259259259259259,0.0030864197530864196,0.9876543209876543,0.006172839506172839
7c81c959d63b,Pro-Kimi-K2.6,历史场景叙事,0.005235602094240838,0.0,0.9947643979057592,0.005235602094240838
3549785e74df,Pro-Kimi-K2.6,沉浸式体验设计,0.0,0.003125,0.996875,-0.003125
1ed67e57f1b4,Pro-Kimi-K2.6,博物馆导览讲解,0.014134275618374558,0.0035335689045936395,0.9823321554770318,0.01060070671378092
c51ba961f9bd,Pro-Kimi-K2.6,历史场景叙事,0.0,0.0,1.0,0.0
0c0b051c7dcd,Pro-Kimi-K2.6,沉浸式体验设计,0.0017331022530329288,0.0,0.9982668977469671,0.0017331022530329288
826825b7c644,Pro-Kimi-K2.6,博物馆导览讲解,0.0,0.0,1.0,0.0
9372c9071c68,Pro-Kimi-K2.6,历史场景叙事,0.0,0.0020325203252032522,0.9979674796747967,-0.0020325203252032522
f88a343aa083,Pro-Kimi-K2.6,沉浸式体验设计,0.0014970059880239522,0.0014970059880239522,0.9970059880239521,0.0
9c1f0dada585,Pro-Kimi-K2.6,博物馆导览讲解,0.0030211480362537764,0.006042296072507553,0.9909365558912386,-0.0030211480362537764
47d1cd05f1c6,Pro-Kimi-K2.6,历史场景叙事,0.0019120458891013384,0.0,0.9980879541108987,0.0019120458891013384
a6d8568d8ddb,Pro-Kimi-K2.6,沉浸式体验设计,0.0014792899408284023,0.0029585798816568047,0.9955621301775148,-0.0014792899408284023
f845adc8c4cb,Pro-Kimi-K2.6,博物馆导览讲解,0.006389776357827476,0.003194888178913738,0.9904153354632588,0.003194888178913738
b3f3916749a3,Pro-Kimi-K2.6,历史场景叙事,0.0,0.0,1.0,0.0
98fabc111f34,Pro-Kimi-K2.6,沉浸式体验设计,0.001589825119236884,0.0,0.9984101748807631,0.001589825119236884
bbce680ad773,Pro-Kimi-K2.6,博物馆导览讲解,0.004048582995951417,0.004048582995951417,0.9919028340080972,0.0
f40ebfe46220,Pro-Kimi-K2.6,历史场景叙事,0.0,0.0,1.0,0.0
0454b459b51a,Pro-Kimi-K2.6,沉浸式体验设计,0.003389830508474576,0.003389830508474576,0.9932203389830508,0.0
cc2b4cc59c6c,Pro-Kimi-K2.6,博物馆导览讲解,0.0,0.0,1.0,0.0
88e963cc06ce,Pro-Kimi-K2.6,历史场景叙事,0.002777777777777778,0.0,0.9972222222222222,0.002777777777777778
310151d26d8c,Pro-Kimi-K2.6,沉浸式体验设计,0.0030211480362537764,0.0030211480362537764,0.9939577039274925,0.0
c1f26752ed62,Pro-Kimi-K2.6,博物馆导览讲解,0.0035460992907801418,0.0070921985815602835,0.9893617021276596,-0.0035460992907801418
ef27511ad59e,Pro-Kimi-K2.6,历史场景叙事,0.0024630541871921183,0.0024630541871921183,0.9950738916256158,0.0
3c48650aaf1c,Pro-Kimi-K2.6,沉浸式体验设计,0.004885993485342019,0.0,0.995114006514658,0.004885993485342019
f1b57e060efe,Pro-GLM-5.1,博物馆导览讲解,0.0,0.0,1.0,0.0
ffce1649e82a,Pro-GLM-5.1,历史场景叙事,0.0022123893805309734,0.0022123893805309734,0.995575221238938,0.0
23051605633a,Pro-GLM-5.1,沉浸式体验设计,0.0,0.006,0.994,-0.006
ebb3eee2bce0,Pro-GLM-5.1,博物馆导览讲解,0.010169491525423728,0.0,0.9898305084745763,0.010169491525423728
78ae56656bc2,Pro-GLM-5.1,历史场景叙事,0.002631578947368421,0.0,0.9973684210526316,0.002631578947368421
73dbab8ee8fe,Pro-GLM-5.1,沉浸式体验设计,0.0044943820224719105,0.006741573033707865,0.9887640449438202,-0.0022471910112359553
f4fd00170059,Pro-GLM-5.1,博物馆导览讲解,0.007731958762886598,0.002577319587628866,0.9896907216494846,0.005154639175257732
6c618e195e36,Pro-GLM-5.1,历史场景叙事,0.00808080808080808,0.00202020202020202,0.98989898989899,0.006060606060606061
eaf89dfc314f,Pro-GLM-5.1,沉浸式体验设计,0.007936507936507936,0.0,0.9920634920634921,0.007936507936507936
5f20d096b6ee,Pro-GLM-5.1,博物馆导览讲解,0.002793296089385475,0.002793296089385475,0.994413407821229,0.0
888f03e12883,Pro-GLM-5.1,历史场景叙事,0.013333333333333334,0.0,0.9866666666666667,0.013333333333333334
8ac6c1908065,Pro-GLM-5.1,沉浸式体验设计,0.004210526315789474,0.00631578947368421,0.9894736842105263,-0.002105263157894737
393179571787,Pro-GLM-5.1,博物馆导览讲解,0.0029154518950437317,0.0029154518950437317,0.9941690962099126,0.0
ba95f94a02a4,Pro-GLM-5.1,历史场景叙事,0.004555808656036446,0.002277904328018223,0.9931662870159453,0.002277904328018223
712456fa5716,Pro-GLM-5.1,沉浸式体验设计,0.0,0.006,0.994,-0.006
ba71af0fe6ec,Pro-GLM-5.1,博物馆导览讲解,0.01238390092879257,0.0030959752321981426,0.9845201238390093,0.009287925696594427
60ce3adb38a8,Pro-GLM-5.1,历史场景叙事,0.010178117048346057,0.002544529262086514,0.9872773536895675,0.007633587786259542
86bf90297c36,Pro-GLM-5.1,沉浸式体验设计,0.003976143141153081,0.0,0.9960238568588469,0.003976143141153081
c07f083c00c9,Pro-GLM-5.1,博物馆导览讲解,0.0,0.0029940119760479044,0.9970059880239521,-0.0029940119760479044
a710c84e72bd,Pro-GLM-5.1,历史场景叙事,0.003795066413662239,0.0018975332068311196,0.9943074003795066,0.0018975332068311196
27df187b2530,Pro-GLM-5.1,沉浸式体验设计,0.0,0.0,1.0,0.0
dcd12f369b2b,Pro-GLM-5.1,博物馆导览讲解,0.004739336492890996,0.002369668246445498,0.9928909952606635,0.002369668246445498
00a982429dbd,Pro-GLM-5.1,历史场景叙事,0.0,0.002398081534772182,0.9976019184652278,-0.002398081534772182
fa9926af1ba9,Pro-GLM-5.1,沉浸式体验设计,0.0,0.0021321961620469083,0.997867803837953,-0.0021321961620469083
aa02f29ea33c,Pro-GLM-5.1,博物馆导览讲解,0.016304347826086956,0.002717391304347826,0.9809782608695652,0.01358695652173913
7613aef8d258,Pro-GLM-5.1,历史场景叙事,0.01038961038961039,0.0025974025974025974,0.987012987012987,0.007792207792207792
9e9dbcf46bd7,Pro-GLM-5.1,沉浸式体验设计,0.009029345372460496,0.002257336343115124,0.9887133182844243,0.006772009029345372
6ea2eba2b542,Pro-GLM-5.1,博物馆导览讲解,0.007142857142857143,0.007142857142857143,0.9857142857142858,0.0
5132ba78e94a,Pro-GLM-5.1,历史场景叙事,0.0027247956403269754,0.0,0.997275204359673,0.0027247956403269754
bce139c42de5,Pro-GLM-5.1,沉浸式体验设计,0.0,0.002320185614849188,0.9976798143851509,-0.002320185614849188
8820b1274f2d,Pro-GLM-5.1,博物馆导览讲解,0.006896551724137931,0.0034482758620689655,0.9896551724137931,0.0034482758620689655
b4bf36c42fc7,Pro-GLM-5.1,历史场景叙事,0.0053475935828877,0.00267379679144385,0.9919786096256684,0.00267379679144385
ef27adeed9af,Pro-GLM-5.1,沉浸式体验设计,0.0020161290322580645,0.0020161290322580645,0.9959677419354839,0.0
6cfd19e83947,Pro-GLM-5.1,博物馆导览讲解,0.003246753246753247,0.0,0.9967532467532467,0.003246753246753247
dccaa18941c4,Pro-GLM-5.1,历史场景叙事,0.0,0.002304147465437788,0.9976958525345622,-0.002304147465437788
f0e217f31b8e,Pro-GLM-5.1,沉浸式体验设计,0.0022026431718061676,0.0022026431718061676,0.9955947136563876,0.0
5214bfce2cc2,Nex-N2-Pro,博物馆导览讲解,0.0,0.0,1.0,0.0
b796259214aa,Nex-N2-Pro,历史场景叙事,0.0,0.0,1.0,0.0
e62c84eb96d5,Nex-N2-Pro,沉浸式体验设计,0.0,0.0,1.0,0.0
605a87925851,Nex-N2-Pro,博物馆导览讲解,0.0,0.0,1.0,0.0
1734a556c2c7,Nex-N2-Pro,历史场景叙事,0.0,0.0,1.0,0.0
cd0550062f22,Nex-N2-Pro,沉浸式体验设计,0.008064516129032258,0.0,0.9919354838709677,0.008064516129032258
521d643f9e08,Nex-N2-Pro,博物馆导览讲解,0.0,0.0,1.0,0.0
62462c64a4fd,Nex-N2-Pro,历史场景叙事,0.0,0.0,1.0,0.0
b314f41ec12a,Nex-N2-Pro,沉浸式体验设计,0.0,0.0,1.0,0.0
afd7eac8ec66,Nex-N2-Pro,博物馆导览讲解,0.0,0.0,1.0,0.0
46670f51f283,Nex-N2-Pro,历史场景叙事,0.0,0.0,1.0,0.0
2ac5683bb1ec,Nex-N2-Pro,沉浸式体验设计,0.0,0.0,1.0,0.0
197782dc32e5,Nex-N2-Pro,博物馆导览讲解,0.0,0.0,1.0,0.0
fda459bbd124,Nex-N2-Pro,历史场景叙事,0.0,0.0,1.0,0.0
b357c714a695,Nex-N2-Pro,沉浸式体验设计,0.0,0.0,1.0,0.0
83f1b6b3254a,Nex-N2-Pro,博物馆导览讲解,0.0,0.0,1.0,0.0
06015021530d,Nex-N2-Pro,历史场景叙事,0.0,0.0,1.0,0.0
3e71cf14ca0d,Nex-N2-Pro,沉浸式体验设计,0.0,0.0,1.0,0.0
d6c2f8b1fe6d,Nex-N2-Pro,博物馆导览讲解,0.0,0.0,1.0,0.0
fd5ccf80d94f,Nex-N2-Pro,历史场景叙事,0.0,0.0,1.0,0.0
6b269c516d69,Nex-N2-Pro,沉浸式体验设计,0.0,0.0,1.0,0.0
f7ef4ed4fa96,Nex-N2-Pro,博物馆导览讲解,0.0,0.0,1.0,0.0
c7855521d67d,Nex-N2-Pro,历史场景叙事,0.0,0.0,1.0,0.0
d8a6e627e0cb,Nex-N2-Pro,沉浸式体验设计,0.0,0.0,1.0,0.0
dfeb510e03fe,Nex-N2-Pro,博物馆导览讲解,0.0,0.0,1.0,0.0
7122e084feee,Nex-N2-Pro,历史场景叙事,0.0,0.0,1.0,0.0
e65b14b3fdb2,Nex-N2-Pro,沉浸式体验设计,0.0,0.0,1.0,0.0
8d52757c2c05,Nex-N2-Pro,博物馆导览讲解,0.0,0.0,1.0,0.0
bcc655add471,Nex-N2-Pro,历史场景叙事,0.0,0.0,1.0,0.0
98c48565532e,Nex-N2-Pro,沉浸式体验设计,0.0,0.0,1.0,0.0
f0006521a47a,Nex-N2-Pro,博物馆导览讲解,0.01327433628318584,0.004424778761061947,0.9823008849557522,0.008849557522123894
7dd7be23c657,Nex-N2-Pro,历史场景叙事,0.0,0.0,1.0,0.0
ee7d05655a35,Nex-N2-Pro,沉浸式体验设计,0.0,0.0,1.0,0.0
d287ab32fad9,Nex-N2-Pro,博物馆导览讲解,0.0,0.0,1.0,0.0
4901b79d7ae6,Nex-N2-Pro,历史场景叙事,0.0,0.0,1.0,0.0
9ffc8e62d28e,Nex-N2-Pro,沉浸式体验设计,0.0,0.0,1.0,0.0
13d80593fb0f,MiniMax-M2.5,博物馆导览讲解,0.0,0.0029850746268656717,0.9970149253731343,-0.0029850746268656717
d1d95f121881,MiniMax-M2.5,历史场景叙事,0.0021141649048625794,0.0,0.9978858350951374,0.0021141649048625794
c2bd160089ce,MiniMax-M2.5,沉浸式体验设计,0.0015723270440251573,0.0015723270440251573,0.9968553459119497,0.0
c67e31a5d9d7,MiniMax-M2.5,博物馆导览讲解,0.003257328990228013,0.003257328990228013,0.993485342019544,0.0
3e0370ef6db8,MiniMax-M2.5,历史场景叙事,0.0,0.0,1.0,0.0
fe978be1231b,MiniMax-M2.5,沉浸式体验设计,0.011326860841423949,0.0,0.988673139158576,0.011326860841423949
be3184702111,MiniMax-M2.5,博物馆导览讲解,0.008426966292134831,0.0,0.9915730337078652,0.008426966292134831
b4078b224211,MiniMax-M2.5,历史场景叙事,0.005979073243647235,0.0,0.9940209267563528,0.005979073243647235
151513cd7aa4,MiniMax-M2.5,沉浸式体验设计,0.006329113924050633,0.0015822784810126582,0.9920886075949367,0.004746835443037975
506eca574992,MiniMax-M2.5,博物馆导览讲解,0.011235955056179775,0.0044943820224719105,0.9842696629213483,0.006741573033707865
807a154b6e78,MiniMax-M2.5,历史场景叙事,0.010416666666666666,0.001736111111111111,0.9878472222222222,0.008680555555555556
e2afdd335f2f,MiniMax-M2.5,沉浸式体验设计,0.0016025641025641025,0.0016025641025641025,0.9967948717948718,0.0
fda3df810eab,MiniMax-M2.5,博物馆导览讲解,0.0,0.0,1.0,0.0
32f83df829c2,MiniMax-M2.5,历史场景叙事,0.0014388489208633094,0.0014388489208633094,0.9971223021582734,0.0
64795e8275b9,MiniMax-M2.5,沉浸式体验设计,0.0016835016835016834,0.0016835016835016834,0.9966329966329966,0.0
7a191f7f1321,MiniMax-M2.5,博物馆导览讲解,0.0,0.0,1.0,0.0
8ca54c769a43,MiniMax-M2.5,历史场景叙事,0.0,0.0,1.0,0.0
0be378ad7275,MiniMax-M2.5,沉浸式体验设计,0.005772005772005772,0.0,0.9942279942279942,0.005772005772005772
2ccccd776acc,MiniMax-M2.5,博物馆导览讲解,0.003257328990228013,0.0,0.996742671009772,0.003257328990228013
30da4e70f648,MiniMax-M2.5,历史场景叙事,0.0,0.0032679738562091504,0.9967320261437909,-0.0032679738562091504
1489c2e563d7,MiniMax-M2.5,沉浸式体验设计,0.005970149253731343,0.0029850746268656717,0.991044776119403,0.0029850746268656717
cfef6bfc9111,MiniMax-M2.5,博物馆导览讲解,0.008379888268156424,0.0,0.9916201117318436,0.008379888268156424
4339881853fb,MiniMax-M2.5,历史场景叙事,0.0,0.0,1.0,0.0
29e068be1389,MiniMax-M2.5,沉浸式体验设计,0.004792332268370607,0.001597444089456869,0.9936102236421726,0.003194888178913738
317ffc9479dd,MiniMax-M2.5,博物馆导览讲解,0.007653061224489796,0.00510204081632653,0.9872448979591837,0.002551020408163265
842a9f805395,MiniMax-M2.5,历史场景叙事,0.0018975332068311196,0.0018975332068311196,0.9962049335863378,0.0
a2bd2230d975,MiniMax-M2.5,沉浸式体验设计,0.00974025974025974,0.0016233766233766235,0.9886363636363636,0.008116883116883116
c4eff8d582f9,MiniMax-M2.5,博物馆导览讲解,0.0030120481927710845,0.009036144578313253,0.9879518072289156,-0.006024096385542169
3f7d3abc9462,MiniMax-M2.5,历史场景叙事,0.0,0.0,1.0,0.0
e852763ca27a,MiniMax-M2.5,沉浸式体验设计,0.005076142131979695,0.0,0.9949238578680203,0.005076142131979695
63186bf875f0,MiniMax-M2.5,博物馆导览讲解,0.008695652173913044,0.002898550724637681,0.9884057971014493,0.005797101449275362
f841f22abcbc,MiniMax-M2.5,历史场景叙事,0.0088339222614841,0.0017667844522968198,0.9893992932862191,0.007067137809187279
cc14a6344a54,MiniMax-M2.5,沉浸式体验设计,0.004862236628849271,0.0032414910858995136,0.9918962722852512,0.0016207455429497568
f5d50b708a0a,MiniMax-M2.5,博物馆导览讲解,0.0,0.0,1.0,0.0
6d6a6b6b9dde,MiniMax-M2.5,历史场景叙事,0.002403846153846154,0.0,0.9975961538461539,0.002403846153846154
f115f8b457bc,MiniMax-M2.5,沉浸式体验设计,0.0017761989342806395,0.0,0.9982238010657194,0.0017761989342806395
0afa31a50c10,Pro-MiniMax-M2.5,博物馆导览讲解,0.0,0.0,1.0,0.0
974f6141a7d0,Pro-MiniMax-M2.5,历史场景叙事,0.004395604395604396,0.0,0.9956043956043956,0.004395604395604396
e8ed5ab996db,Pro-MiniMax-M2.5,沉浸式体验设计,0.0,0.0,1.0,0.0
73e6b9bb15ed,Pro-MiniMax-M2.5,博物馆导览讲解,0.003703703703703704,0.0,0.9962962962962963,0.003703703703703704
d9d0c8f58d93,Pro-MiniMax-M2.5,历史场景叙事,0.006535947712418301,0.0,0.9934640522875817,0.006535947712418301
5d503ec644cb,Pro-MiniMax-M2.5,沉浸式体验设计,0.0056179775280898875,0.0018726591760299626,0.9925093632958801,0.003745318352059925
9118bb409455,Pro-MiniMax-M2.5,博物馆导览讲解,0.007159904534606206,0.0,0.9928400954653938,0.007159904534606206
7166d19b56c6,Pro-MiniMax-M2.5,历史场景叙事,0.005244755244755245,0.0,0.9947552447552448,0.005244755244755245
94a724d02ea3,Pro-MiniMax-M2.5,沉浸式体验设计,0.012259194395796848,0.0,0.9877408056042032,0.012259194395796848
4dfb5b3559c2,Pro-MiniMax-M2.5,博物馆导览讲解,0.012048192771084338,0.0024096385542168677,0.9855421686746988,0.00963855421686747
1bc592ff0e35,Pro-MiniMax-M2.5,历史场景叙事,0.004273504273504274,0.0,0.9957264957264957,0.004273504273504274
5020ea305f08,Pro-MiniMax-M2.5,沉浸式体验设计,0.005597014925373134,0.0018656716417910447,0.9925373134328358,0.0037313432835820895
d105c215b53c,Pro-MiniMax-M2.5,博物馆导览讲解,0.004739336492890996,0.0,0.995260663507109,0.004739336492890996
c87574429ef3,Pro-MiniMax-M2.5,历史场景叙事,0.0,0.0,1.0,0.0
3fc1824a8d0d,Pro-MiniMax-M2.5,沉浸式体验设计,0.003076923076923077,0.003076923076923077,0.9938461538461538,0.0
730519a45b65,Pro-MiniMax-M2.5,博物馆导览讲解,0.002680965147453083,0.002680965147453083,0.9946380697050938,0.0
3018f0172938,Pro-MiniMax-M2.5,历史场景叙事,0.002173913043478261,0.0,0.9978260869565218,0.002173913043478261
bb49e2772c84,Pro-MiniMax-M2.5,沉浸式体验设计,0.0031201248049922,0.0,0.9968798751950078,0.0031201248049922
a1273a40e2b1,Pro-MiniMax-M2.5,博物馆导览讲解,0.0,0.0,1.0,0.0
d38214f0cfdb,Pro-MiniMax-M2.5,历史场景叙事,0.00425531914893617,0.0,0.9957446808510638,0.00425531914893617
12461cd1f5e8,Pro-MiniMax-M2.5,沉浸式体验设计,0.004991680532445923,0.0016638935108153079,0.9933444259567388,0.0033277870216306157
fe4d4cf0887d,Pro-MiniMax-M2.5,博物馆导览讲解,0.0053475935828877,0.0,0.9946524064171123,0.0053475935828877
1657c3b898c0,Pro-MiniMax-M2.5,历史场景叙事,0.0024875621890547263,0.0,0.9975124378109452,0.0024875621890547263
d503ef5b083e,Pro-MiniMax-M2.5,沉浸式体验设计,0.00303951367781155,0.0060790273556231,0.9908814589665653,-0.00303951367781155
7900dca30133,Pro-MiniMax-M2.5,博物馆导览讲解,0.0019646365422396855,0.003929273084479371,0.9941060903732809,-0.0019646365422396855
353698c27c32,Pro-MiniMax-M2.5,历史场景叙事,0.0,0.0017761989342806395,0.9982238010657194,-0.0017761989342806395
32246a1e09b7,Pro-MiniMax-M2.5,沉浸式体验设计,0.0016181229773462784,0.0,0.9983818770226537,0.0016181229773462784
7b4bb274118c,Pro-MiniMax-M2.5,博物馆导览讲解,0.002849002849002849,0.0,0.9971509971509972,0.002849002849002849
c50fa5fa2d51,Pro-MiniMax-M2.5,历史场景叙事,0.005319148936170213,0.0,0.9946808510638298,0.005319148936170213
0c04b336887f,Pro-MiniMax-M2.5,沉浸式体验设计,0.01020408163265306,0.003401360544217687,0.9863945578231292,0.006802721088435374
db15b246505a,Pro-MiniMax-M2.5,博物馆导览讲解,0.008988764044943821,0.0044943820224719105,0.9865168539325843,0.0044943820224719105
4467b78363c2,Pro-MiniMax-M2.5,历史场景叙事,0.0022624434389140274,0.0,0.997737556561086,0.0022624434389140274
306c60a21204,Pro-MiniMax-M2.5,沉浸式体验设计,0.00741839762611276,0.001483679525222552,0.9910979228486647,0.005934718100890208
3a89fff36b34,Pro-MiniMax-M2.5,博物馆导览讲解,0.004484304932735426,0.008968609865470852,0.9865470852017937,-0.004484304932735426
6ef9ba3f7eac,Pro-MiniMax-M2.5,历史场景叙事,0.0017543859649122807,0.0017543859649122807,0.9964912280701754,0.0
2f1854f86140,Pro-MiniMax-M2.5,沉浸式体验设计,0.005474452554744526,0.0,0.9945255474452555,0.005474452554744526
94e96b7f0701,DeepSeek-V4-Pro,历史场景叙事,0.0028653295128939827,0.0028653295128939827,0.994269340974212,0.0
44ee136ad14d,DeepSeek-V4-Pro,历史场景叙事,0.007952286282306162,0.0,0.9920477137176938,0.007952286282306162
68a86758fe17,LongCat-2.0,博物馆导览讲解,0.006369426751592357,0.0031847133757961785,0.9904458598726115,0.0031847133757961785
961db5cb11e1,LongCat-2.0,历史场景叙事,0.003738317757009346,0.0,0.9962616822429906,0.003738317757009346
b4a0b1d0205e,LongCat-2.0,沉浸式体验设计,0.0,0.0,1.0,0.0
9e0a90f1f4ce,LongCat-2.0,博物馆导览讲解,0.0035971223021582736,0.0035971223021582736,0.9928057553956835,0.0
417c5c5d579e,LongCat-2.0,历史场景叙事,0.0,0.0,1.0,0.0
55415dc2ca14,LongCat-2.0,沉浸式体验设计,0.0078125,0.0,0.9921875,0.0078125
4faab58cfc71,LongCat-2.0,博物馆导览讲解,0.0,0.0,1.0,0.0
d6c5f4437024,LongCat-2.0,历史场景叙事,0.0045045045045045045,0.0,0.9954954954954955,0.0045045045045045045
837ae006e4ea,LongCat-2.0,沉浸式体验设计,0.002857142857142857,0.0,0.9971428571428571,0.002857142857142857
b9104797901a,LongCat-2.0,博物馆导览讲解,0.00819672131147541,0.0,0.9918032786885246,0.00819672131147541
8406b46ecef1,LongCat-2.0,历史场景叙事,0.0020964360587002098,0.0,0.9979035639412998,0.0020964360587002098
259967229eae,LongCat-2.0,沉浸式体验设计,0.00228310502283105,0.0,0.997716894977169,0.00228310502283105
05884f0c9d0f,LongCat-2.0,博物馆导览讲解,0.009478672985781991,0.004739336492890996,0.985781990521327,0.004739336492890996
b5f137cece97,LongCat-2.0,历史场景叙事,0.003472222222222222,0.001736111111111111,0.9947916666666666,0.001736111111111111
c65abb315970,LongCat-2.0,沉浸式体验设计,0.0022271714922048997,0.0,0.9977728285077951,0.0022271714922048997
616156b0f47e,LongCat-2.0,博物馆导览讲解,0.004149377593360996,0.0,0.995850622406639,0.004149377593360996
07455aaf9819,LongCat-2.0,历史场景叙事,0.013513513513513514,0.0,0.9864864864864865,0.013513513513513514
05f4128acffb,LongCat-2.0,沉浸式体验设计,0.0,0.0,1.0,0.0
213bb66bece8,LongCat-2.0,博物馆导览讲解,0.0047169811320754715,0.0047169811320754715,0.9905660377358491,0.0
4704f0d75696,LongCat-2.0,历史场景叙事,0.002976190476190476,0.002976190476190476,0.9940476190476191,0.0
10154aeab5d7,LongCat-2.0,沉浸式体验设计,0.002403846153846154,0.004807692307692308,0.9927884615384616,-0.002403846153846154
257ad8ade253,LongCat-2.0,博物馆导览讲解,0.005037783375314861,0.0025188916876574307,0.9924433249370277,0.0025188916876574307
1129e845cf24,LongCat-2.0,历史场景叙事,0.0,0.002197802197802198,0.9978021978021978,-0.002197802197802198
ff4cfc1577ba,LongCat-2.0,沉浸式体验设计,0.0031446540880503146,0.006289308176100629,0.9905660377358491,-0.0031446540880503146
b5cb50a343bd,GLM-5.2,博物馆导览讲解,0.011029411764705883,0.003676470588235294,0.9852941176470589,0.007352941176470588
fb0e816cf5b1,GLM-5.2,历史场景叙事,0.0056657223796034,0.0,0.9943342776203966,0.0056657223796034
08e822474c92,GLM-5.2,沉浸式体验设计,0.00437636761487965,0.002188183807439825,0.9934354485776805,0.002188183807439825
ddf07a1af495,GLM-5.2,博物馆导览讲解,0.00816326530612245,0.0,0.9918367346938776,0.00816326530612245
f96f09c0f179,GLM-5.2,历史场景叙事,0.0035087719298245615,0.0,0.9964912280701754,0.0035087719298245615
6d8a03fea3de,GLM-5.2,沉浸式体验设计,0.004291845493562232,0.0,0.9957081545064378,0.004291845493562232
186a3edbcff8,GLM-5.2,博物馆导览讲解,0.017699115044247787,0.0,0.9823008849557522,0.017699115044247787
389c41a5c621,GLM-5.2,历史场景叙事,0.005813953488372093,0.0,0.9941860465116279,0.005813953488372093
b5d73ef311fb,GLM-5.2,沉浸式体验设计,0.004366812227074236,0.002183406113537118,0.9934497816593887,0.002183406113537118
ab6f9dadbc2b,GLM-5.2,博物馆导览讲解,0.0031746031746031746,0.0031746031746031746,0.9936507936507937,0.0
3172f7bf5a81,GLM-5.2,历史场景叙事,0.002583979328165375,0.0,0.9974160206718347,0.002583979328165375
33fd6767c9ad,GLM-5.2,沉浸式体验设计,0.0,0.0,1.0,0.0
3c62ac348c10,GLM-5.2,博物馆导览讲解,0.00641025641025641,0.003205128205128205,0.9903846153846154,0.003205128205128205
6bb637b81488,GLM-5.2,历史场景叙事,0.007957559681697613,0.002652519893899204,0.9893899204244032,0.005305039787798408
b97f3b6d4273,GLM-5.2,沉浸式体验设计,0.006122448979591836,0.006122448979591836,0.9877551020408163,0.0
73f1a8ac7689,GLM-5.2,博物馆导览讲解,0.007042253521126761,0.007042253521126761,0.9859154929577465,0.0
d41eb70bbe9d,GLM-5.2,历史场景叙事,0.006550218340611353,0.0,0.9934497816593887,0.006550218340611353
9422f7b06161,GLM-5.2,沉浸式体验设计,0.004,0.002,0.994,0.002
cd54576714d9,GLM-5.2,博物馆导览讲解,0.00546448087431694,0.00546448087431694,0.9890710382513661,0.0
d4cac11c7ab6,GLM-5.2,历史场景叙事,0.003787878787878788,0.0,0.9962121212121212,0.003787878787878788
6c9129e92e3a,GLM-5.2,沉浸式体验设计,0.006666666666666667,0.0044444444444444444,0.9888888888888889,0.0022222222222222222
7051c1138089,GLM-5.2,博物馆导览讲解,0.010526315789473684,0.0035087719298245615,0.9859649122807017,0.007017543859649123
2d43ad8ad1ba,GLM-5.2,历史场景叙事,0.0,0.0,1.0,0.0
531c02e52c59,GLM-5.2,沉浸式体验设计,0.004210526315789474,0.0,0.9957894736842106,0.004210526315789474
5c2bbcf9bcd6,Kimi-K2.7-Code,博物馆导览讲解,0.004081632653061225,0.0,0.9959183673469387,0.004081632653061225
5a0cb9d909e8,Kimi-K2.7-Code,历史场景叙事,0.0,0.002577319587628866,0.9974226804123711,-0.002577319587628866
66f2a95e37c0,Kimi-K2.7-Code,沉浸式体验设计,0.0,0.0,1.0,0.0
1274e41b9c24,Kimi-K2.7-Code,博物馆导览讲解,0.004132231404958678,0.0,0.9958677685950413,0.004132231404958678
3f3968a2c3a9,Kimi-K2.7-Code,历史场景叙事,0.0023752969121140144,0.0,0.997624703087886,0.0023752969121140144
6e16dd5e5118,Kimi-K2.7-Code,沉浸式体验设计,0.007259528130671506,0.0018148820326678765,0.9909255898366606,0.0054446460980036296
16b7518f50b6,Kimi-K2.7-Code,博物馆导览讲解,0.016,0.0,0.984,0.016
c7a88a3434e8,Kimi-K2.7-Code,历史场景叙事,0.004434589800443459,0.0,0.9955654101995566,0.004434589800443459
4c854dd9c4a9,Kimi-K2.7-Code,沉浸式体验设计,0.0017064846416382253,0.0034129692832764505,0.9948805460750854,-0.0017064846416382253
3dbded89cdfc,Kimi-K2.7-Code,博物馆导览讲解,0.0,0.003246753246753247,0.9967532467532467,-0.003246753246753247
2d2ac0482bc3,Kimi-K2.7-Code,历史场景叙事,0.0015432098765432098,0.0,0.9984567901234568,0.0015432098765432098
005bb33ef162,Kimi-K2.7-Code,沉浸式体验设计,0.0,0.0,1.0,0.0
9a2df2a5301e,Kimi-K2.7-Code,博物馆导览讲解,0.009868421052631578,0.003289473684210526,0.9868421052631579,0.006578947368421052
1afb997929fa,Kimi-K2.7-Code,历史场景叙事,0.0,0.0027548209366391185,0.9972451790633609,-0.0027548209366391185
669bbd6d25b5,Kimi-K2.7-Code,沉浸式体验设计,0.0,0.0,1.0,0.0
2a6f094fece8,Kimi-K2.7-Code,博物馆导览讲解,0.0,0.0,1.0,0.0
3e29b5e6fb73,Kimi-K2.7-Code,历史场景叙事,0.0,0.0,1.0,0.0
063b93f4e53b,Kimi-K2.7-Code,沉浸式体验设计,0.0017699115044247787,0.0017699115044247787,0.9964601769911504,0.0
3798ae4d77e4,Kimi-K2.7-Code,博物馆导览讲解,0.0,0.0060790273556231,0.993920972644377,-0.0060790273556231
9fba14485a05,Kimi-K2.7-Code,历史场景叙事,0.00315955766192733,0.00315955766192733,0.9936808846761453,0.0
e2bfc47aa4fe,Kimi-K2.7-Code,沉浸式体验设计,0.003115264797507788,0.004672897196261682,0.9922118380062306,-0.001557632398753894
bc38aad9598c,Kimi-K2.7-Code,博物馆导览讲解,0.004651162790697674,0.0,0.9953488372093023,0.004651162790697674
2852f4240da7,Kimi-K2.7-Code,历史场景叙事,0.0,0.001692047377326565,0.9983079526226735,-0.001692047377326565
741369a15205,Kimi-K2.7-Code,沉浸式体验设计,0.003590664272890485,0.0,0.9964093357271095,0.003590664272890485
943b740584e8,DeepSeek-V4-Pro,博物馆导览讲解,0.0,0.0,1.0,0.0
f5e66eaea9aa,DeepSeek-V4-Pro,历史场景叙事,0.0,0.0024875621890547263,0.9975124378109452,-0.0024875621890547263
4cffcb9a9e90,DeepSeek-V4-Pro,沉浸式体验设计,0.007155635062611807,0.0017889087656529517,0.9910554561717353,0.005366726296958855
6ee0587a7be7,DeepSeek-V4-Pro,博物馆导览讲解,0.0,0.0,1.0,0.0
78e217891c1b,DeepSeek-V4-Pro,历史场景叙事,0.0,0.0,1.0,0.0
f01e2b7277cd,DeepSeek-V4-Pro,沉浸式体验设计,0.0017064846416382253,0.0,0.9982935153583617,0.0017064846416382253
49c6ec72b12f,DeepSeek-V4-Pro,博物馆导览讲解,0.005952380952380952,0.008928571428571428,0.9851190476190477,-0.002976190476190476
957f11790bbc,DeepSeek-V4-Pro,历史场景叙事,0.0039603960396039604,0.0,0.996039603960396,0.0039603960396039604
3375bd27768d,DeepSeek-V4-Pro,沉浸式体验设计,0.0034482758620689655,0.0,0.996551724137931,0.0034482758620689655
303fda15a14f,DeepSeek-V4-Pro,博物馆导览讲解,0.0,0.0,1.0,0.0
92f7aab1839b,DeepSeek-V4-Pro,历史场景叙事,0.002257336343115124,0.0,0.9977426636568849,0.002257336343115124
7d2ede00f26b,DeepSeek-V4-Pro,沉浸式体验设计,0.0035460992907801418,0.0,0.9964539007092199,0.0035460992907801418
30c2a1f09214,DeepSeek-V4-Pro,博物馆导览讲解,0.0,0.0,1.0,0.0
dfced14aeb60,DeepSeek-V4-Pro,历史场景叙事,0.00273224043715847,0.00273224043715847,0.994535519125683,0.0
dd8f49259db6,DeepSeek-V4-Pro,沉浸式体验设计,0.0015822784810126582,0.0015822784810126582,0.9968354430379747,0.0
0a0eda73cfe3,DeepSeek-V4-Pro,博物馆导览讲解,0.01773049645390071,0.0,0.9822695035460993,0.01773049645390071
af0ac804e342,DeepSeek-V4-Pro,历史场景叙事,0.008048289738430584,0.002012072434607646,0.9899396378269618,0.006036217303822937
1689fe654bde,DeepSeek-V4-Pro,沉浸式体验设计,0.0045385779122541605,0.0,0.9954614220877458,0.0045385779122541605
99fa48194584,DeepSeek-V4-Pro,博物馆导览讲解,0.008968609865470852,0.004484304932735426,0.9865470852017937,0.004484304932735426
52535319d3f2,DeepSeek-V4-Pro,历史场景叙事,0.011135857461024499,0.0,0.9888641425389755,0.011135857461024499
e48f2330faa3,DeepSeek-V4-Pro,沉浸式体验设计,0.01006036217303823,0.002012072434607646,0.9879275653923542,0.008048289738430584
3f497462e63f,DeepSeek-V4-Pro,博物馆导览讲解,0.011320754716981131,0.0037735849056603774,0.9849056603773585,0.007547169811320755
0cf12c9d00a6,DeepSeek-V4-Pro,历史场景叙事,0.009070294784580499,0.0,0.9909297052154195,0.009070294784580499
d935f88de2f0,DeepSeek-V4-Pro,沉浸式体验设计,0.002506265664160401,0.0,0.9974937343358395,0.002506265664160401
092025490b2a,DeepSeek-V4-Flash,博物馆导览讲解,0.012096774193548387,0.004032258064516129,0.9838709677419355,0.008064516129032258
621a73545493,DeepSeek-V4-Flash,历史场景叙事,0.0,0.0,1.0,0.0
787d1582d47e,DeepSeek-V4-Flash,沉浸式体验设计,0.001736111111111111,0.001736111111111111,0.9965277777777778,0.0
205be9335272,DeepSeek-V4-Flash,博物馆导览讲解,0.0038022813688212928,0.0,0.9961977186311787,0.0038022813688212928
9b57f6ecfd31,DeepSeek-V4-Flash,历史场景叙事,0.0,0.0,1.0,0.0
311074f79428,DeepSeek-V4-Flash,沉浸式体验设计,0.004846526655896607,0.0016155088852988692,0.9935379644588045,0.0032310177705977385
44aef1f3906e,DeepSeek-V4-Flash,博物馆导览讲解,0.018796992481203006,0.0037593984962406013,0.9774436090225563,0.015037593984962405
f8094929e353,DeepSeek-V4-Flash,历史场景叙事,0.0,0.0,1.0,0.0
591b348f95be,DeepSeek-V4-Flash,沉浸式体验设计,0.0033783783783783786,0.0033783783783783786,0.9932432432432432,0.0
1dc4d006e2c3,DeepSeek-V4-Flash,博物馆导览讲解,0.0,0.003472222222222222,0.9965277777777778,-0.003472222222222222
8da8cbcedda2,DeepSeek-V4-Flash,历史场景叙事,0.00408997955010225,0.0,0.9959100204498977,0.00408997955010225
5214874f0e44,DeepSeek-V4-Flash,沉浸式体验设计,0.002183406113537118,0.004366812227074236,0.9934497816593887,-0.002183406113537118
e1e6041c491a,DeepSeek-V4-Flash,博物馆导览讲解,0.00423728813559322,0.00423728813559322,0.9915254237288136,0.0
caaa2ae01a35,DeepSeek-V4-Flash,历史场景叙事,0.0,0.003048780487804878,0.9969512195121951,-0.003048780487804878
65781dabe079,DeepSeek-V4-Flash,沉浸式体验设计,0.003656307129798903,0.005484460694698354,0.9908592321755028,-0.0018281535648994515
048bdfe804bf,DeepSeek-V4-Flash,博物馆导览讲解,0.017316017316017316,0.0,0.9826839826839827,0.017316017316017316
343b047e67f2,DeepSeek-V4-Flash,历史场景叙事,0.006369426751592357,0.0,0.9936305732484076,0.006369426751592357
e8af67ef8c6a,DeepSeek-V4-Flash,沉浸式体验设计,0.0038684719535783366,0.0,0.9961315280464217,0.0038684719535783366
2b50c523e8a5,DeepSeek-V4-Flash,博物馆导览讲解,0.0,0.0,1.0,0.0
9de0ee5b3de9,DeepSeek-V4-Flash,历史场景叙事,0.0,0.0,1.0,0.0
6d3e9c1a96ff,DeepSeek-V4-Flash,沉浸式体验设计,0.0049833887043189366,0.006644518272425249,0.9883720930232558,-0.0016611295681063123
8d26a01253e8,DeepSeek-V4-Flash,博物馆导览讲解,0.008733624454148471,0.0,0.9912663755458515,0.008733624454148471
aa016d26f560,DeepSeek-V4-Flash,历史场景叙事,0.0,0.004201680672268907,0.9957983193277311,-0.004201680672268907
f7d8ae857195,DeepSeek-V4-Flash,沉浸式体验设计,0.0016025641025641025,0.0,0.9983974358974359,0.0016025641025641025
cb330c536629,Pro-Kimi-K2.6,博物馆导览讲解,0.014598540145985401,0.0036496350364963502,0.9817518248175182,0.010948905109489052
704bdc4f5599,Pro-Kimi-K2.6,历史场景叙事,0.0026595744680851063,0.0026595744680851063,0.9946808510638298,0.0
49daf0265aaa,Pro-Kimi-K2.6,沉浸式体验设计,0.003372681281618887,0.0,0.9966273187183811,0.003372681281618887
60ab2306082d,Pro-Kimi-K2.6,博物馆导览讲解,0.01,0.0,0.99,0.01
87f657e24cb7,Pro-Kimi-K2.6,历史场景叙事,0.00408997955010225,0.0,0.9959100204498977,0.00408997955010225
d7369850393a,Pro-Kimi-K2.6,沉浸式体验设计,0.006359300476947536,0.0,0.9936406995230525,0.006359300476947536
3af6eccbeb3a,Pro-Kimi-K2.6,博物馆导览讲解,0.0056657223796034,0.0028328611898017,0.9915014164305949,0.0028328611898017
173523202c03,Pro-Kimi-K2.6,历史场景叙事,0.0033277870216306157,0.0,0.9966722129783694,0.0033277870216306157
9cb9e1fd1bbe,Pro-Kimi-K2.6,沉浸式体验设计,0.0016286644951140066,0.0016286644951140066,0.996742671009772,0.0
6571d063a32e,Pro-Kimi-K2.6,博物馆导览讲解,0.009287925696594427,0.0030959752321981426,0.9876160990712074,0.006191950464396285
02012aa016b4,Pro-Kimi-K2.6,历史场景叙事,0.0,0.0,1.0,0.0
1304f82e26c0,Pro-Kimi-K2.6,沉浸式体验设计,0.0,0.0,1.0,0.0
52e06d7de2c4,Pro-Kimi-K2.6,博物馆导览讲解,0.0,0.0,1.0,0.0
2fcfc55ffdf1,Pro-Kimi-K2.6,历史场景叙事,0.0049504950495049506,0.0024752475247524753,0.9925742574257426,0.0024752475247524753
567c1e386bcf,Pro-Kimi-K2.6,沉浸式体验设计,0.0046801872074883,0.0031201248049922,0.9921996879875195,0.0015600624024961
ff440223883b,Pro-Kimi-K2.6,博物馆导览讲解,0.018433179723502304,0.0,0.9815668202764977,0.018433179723502304
4b9c18b57c17,Pro-Kimi-K2.6,历史场景叙事,0.0,0.0,1.0,0.0
3d84d05de72c,Pro-Kimi-K2.6,沉浸式体验设计,0.00482315112540193,0.0,0.9951768488745981,0.00482315112540193
b59b5eb1a2f3,Pro-Kimi-K2.6,博物馆导览讲解,0.0,0.0,1.0,0.0
6f68d0726c6d,Pro-Kimi-K2.6,历史场景叙事,0.0052173913043478265,0.0017391304347826088,0.9930434782608696,0.0034782608695652175
4cfd9cb2dab6,Pro-Kimi-K2.6,沉浸式体验设计,0.001584786053882726,0.003169572107765452,0.9952456418383518,-0.001584786053882726
959468655f3d,Pro-Kimi-K2.6,博物馆导览讲解,0.003289473684210526,0.003289473684210526,0.993421052631579,0.0
a62dbaddb74b,Pro-Kimi-K2.6,历史场景叙事,0.0,0.00186219739292365,0.9981378026070763,-0.00186219739292365
4df4999cde3c,Pro-Kimi-K2.6,沉浸式体验设计,0.003355704697986577,0.0,0.9966442953020134,0.003355704697986577
6a8c23f45386,Pro-GLM-5.1,博物馆导览讲解,0.021352313167259787,0.0035587188612099642,0.9750889679715302,0.017793594306049824
bd6c9e32fb91,Pro-GLM-5.1,历史场景叙事,0.00303951367781155,0.0,0.9969604863221885,0.00303951367781155
9b618bc5a02d,Pro-GLM-5.1,沉浸式体验设计,0.004651162790697674,0.002325581395348837,0.9930232558139535,0.002325581395348837
d9f438313705,Pro-GLM-5.1,博物馆导览讲解,0.007782101167315175,0.0,0.9922178988326849,0.007782101167315175
86a8a671819f,Pro-GLM-5.1,历史场景叙事,0.0024630541871921183,0.0024630541871921183,0.9950738916256158,0.0
25b5a02c5cb7,Pro-GLM-5.1,沉浸式体验设计,0.0022727272727272726,0.0022727272727272726,0.9954545454545455,0.0
0ef383372f27,Pro-GLM-5.1,博物馆导览讲解,0.0030864197530864196,0.0,0.9969135802469136,0.0030864197530864196
0fa6b6267842,Pro-GLM-5.1,历史场景叙事,0.005235602094240838,0.005235602094240838,0.9895287958115183,0.0
89bbb635e48d,Pro-GLM-5.1,沉浸式体验设计,0.006276150627615063,0.0020920502092050207,0.9916317991631799,0.0041841004184100415
cbce592b985c,Pro-GLM-5.1,博物馆导览讲解,0.0,0.003003003003003003,0.996996996996997,-0.003003003003003003
9a1ab885e2e8,Pro-GLM-5.1,历史场景叙事,0.0020161290322580645,0.0,0.9979838709677419,0.0020161290322580645
6ea6a0fdc027,Pro-GLM-5.1,沉浸式体验设计,0.0,0.0035335689045936395,0.9964664310954063,-0.0035335689045936395
4f09cbf47a65,Pro-GLM-5.1,博物馆导览讲解,0.009708737864077669,0.006472491909385114,0.9838187702265372,0.003236245954692557
ab9e4f2e7a6d,Pro-GLM-5.1,历史场景叙事,0.009592326139088728,0.002398081534772182,0.988009592326139,0.007194244604316547
4bb754002b15,Pro-GLM-5.1,沉浸式体验设计,0.006198347107438017,0.006198347107438017,0.987603305785124,0.0
66d57ca2f084,Pro-GLM-5.1,博物馆导览讲解,0.008982035928143712,0.0,0.9910179640718563,0.008982035928143712
449d8c5bde59,Pro-GLM-5.1,历史场景叙事,0.004739336492890996,0.0,0.995260663507109,0.004739336492890996
d77160f7d2a0,Pro-GLM-5.1,沉浸式体验设计,0.00597609561752988,0.00398406374501992,0.9900398406374502,0.00199203187250996
b76cab8bc24b,Pro-GLM-5.1,博物馆导览讲解,0.0058997050147492625,0.011799410029498525,0.9823008849557522,-0.0058997050147492625
77c1256b380b,Pro-GLM-5.1,历史场景叙事,0.009280742459396751,0.004640371229698376,0.9860788863109049,0.004640371229698376
c15bc750ea7d,Pro-GLM-5.1,沉浸式体验设计,0.002352941176470588,0.004705882352941176,0.9929411764705882,-0.002352941176470588
0ffb923999e1,Pro-GLM-5.1,博物馆导览讲解,0.006825938566552901,0.0,0.9931740614334471,0.006825938566552901
e235733363bb,Pro-GLM-5.1,历史场景叙事,0.0103359173126615,0.002583979328165375,0.9870801033591732,0.007751937984496124
a9b96fba16fa,Pro-GLM-5.1,沉浸式体验设计,0.002232142857142857,0.002232142857142857,0.9955357142857143,0.0
d363f3bf4f8d,Nex-N2-Pro,博物馆导览讲解,0.0,0.0,1.0,0.0
bce86d107fe3,Nex-N2-Pro,历史场景叙事,0.0,0.0,1.0,0.0
3fc93e7b32b2,Nex-N2-Pro,沉浸式体验设计,0.0,0.0,1.0,0.0
61a2f6d97f90,Nex-N2-Pro,博物馆导览讲解,0.0,0.0,1.0,0.0
e1fe7d795324,Nex-N2-Pro,历史场景叙事,0.0,0.0,1.0,0.0
3fd60c90da79,Nex-N2-Pro,沉浸式体验设计,0.0,0.0,1.0,0.0
c7a7481af8a2,Nex-N2-Pro,博物馆导览讲解,0.01,0.0,0.99,0.01
e25cc3130a6c,Nex-N2-Pro,历史场景叙事,0.0,0.0,1.0,0.0
eb74f8b526e0,Nex-N2-Pro,沉浸式体验设计,0.0,0.0,1.0,0.0
5b5511f5827b,Nex-N2-Pro,博物馆导览讲解,0.0,0.0,1.0,0.0
0714eaf169f4,Nex-N2-Pro,历史场景叙事,0.0,0.0,1.0,0.0
beb7d06ef38b,Nex-N2-Pro,沉浸式体验设计,0.0,0.0,1.0,0.0
1ae133c4e08f,Nex-N2-Pro,博物馆导览讲解,0.0,0.0,1.0,0.0
c538b3df68c1,Nex-N2-Pro,历史场景叙事,0.0,0.0,1.0,0.0
fc4d86429c59,Nex-N2-Pro,沉浸式体验设计,0.0,0.0,1.0,0.0
e71f65372ae1,Nex-N2-Pro,博物馆导览讲解,0.0,0.0,1.0,0.0
adc4d3924147,Nex-N2-Pro,历史场景叙事,0.0,0.0,1.0,0.0
85012c335ba0,Nex-N2-Pro,沉浸式体验设计,0.0,0.0,1.0,0.0
c143b569ff3b,Nex-N2-Pro,博物馆导览讲解,0.0,0.0,1.0,0.0
86a94992b181,Nex-N2-Pro,历史场景叙事,0.0,0.0,1.0,0.0
c3cf0de0d9ab,Nex-N2-Pro,沉浸式体验设计,0.0,0.0,1.0,0.0
00a97fe0bbfe,Nex-N2-Pro,博物馆导览讲解,0.0,0.0,1.0,0.0
715add614442,Nex-N2-Pro,历史场景叙事,0.0,0.0,1.0,0.0
f0fb2a76bf0f,Nex-N2-Pro,沉浸式体验设计,0.0,0.0,1.0,0.0
d700dc7f88ec,MiniMax-M2.5,博物馆导览讲解,0.017482517482517484,0.0,0.9825174825174825,0.017482517482517484
2d5b917a4d33,MiniMax-M2.5,历史场景叙事,0.006420545746388443,0.0,0.9935794542536116,0.006420545746388443
79731f291854,MiniMax-M2.5,沉浸式体验设计,0.0016501650165016502,0.0,0.9983498349834984,0.0016501650165016502
ee723ce56143,MiniMax-M2.5,博物馆导览讲解,0.004,0.004,0.992,0.0
c0b15876462a,MiniMax-M2.5,历史场景叙事,0.0,0.0,1.0,0.0
d5341924296d,MiniMax-M2.5,沉浸式体验设计,0.001841620626151013,0.001841620626151013,0.996316758747698,0.0
c452de6b6343,MiniMax-M2.5,博物馆导览讲解,0.011494252873563218,0.0028735632183908046,0.985632183908046,0.008620689655172414
3fa285909a9e,MiniMax-M2.5,历史场景叙事,0.0022172949002217295,0.0,0.9977827050997783,0.0022172949002217295
a26b94c0e9bb,MiniMax-M2.5,沉浸式体验设计,0.004777070063694267,0.0015923566878980893,0.9936305732484076,0.0031847133757961785
de716f648577,MiniMax-M2.5,博物馆导览讲解,0.002564102564102564,0.002564102564102564,0.9948717948717949,0.0
46d272c7f693,MiniMax-M2.5,历史场景叙事,0.0014084507042253522,0.0014084507042253522,0.9971830985915493,0.0
882cc8f09b97,MiniMax-M2.5,沉浸式体验设计,0.005338078291814947,0.0,0.994661921708185,0.005338078291814947
4656bb673766,MiniMax-M2.5,博物馆导览讲解,0.00641025641025641,0.003205128205128205,0.9903846153846154,0.003205128205128205
53b0a0176f0f,MiniMax-M2.5,历史场景叙事,0.002136752136752137,0.002136752136752137,0.9957264957264957,0.0
2e0fa95937e1,MiniMax-M2.5,沉浸式体验设计,0.004709576138147566,0.0,0.9952904238618524,0.004709576138147566
45bd3f4f5fdb,MiniMax-M2.5,博物馆导览讲解,0.011160714285714286,0.002232142857142857,0.9866071428571429,0.008928571428571428
58a055689e3a,MiniMax-M2.5,历史场景叙事,0.012919896640826873,0.0,0.9870801033591732,0.012919896640826873
1e222bc1268e,MiniMax-M2.5,沉浸式体验设计,0.006600660066006601,0.0,0.9933993399339934,0.006600660066006601
96f38d549f15,MiniMax-M2.5,博物馆导览讲解,0.012738853503184714,0.0031847133757961785,0.9840764331210191,0.009554140127388535
0eab4aab3211,MiniMax-M2.5,历史场景叙事,0.0,0.003067484662576687,0.9969325153374233,-0.003067484662576687
2e32ae1c900f,MiniMax-M2.5,沉浸式体验设计,0.0016666666666666668,0.0033333333333333335,0.995,-0.0016666666666666668
ac34c32c61ff,MiniMax-M2.5,博物馆导览讲解,0.011450381679389313,0.0,0.9885496183206107,0.011450381679389313
8dfaa2a7bb37,MiniMax-M2.5,历史场景叙事,0.0022271714922048997,0.0022271714922048997,0.9955456570155902,0.0
29aaabe4e49a,MiniMax-M2.5,沉浸式体验设计,0.004784688995215311,0.0,0.9952153110047847,0.004784688995215311
e11b6407c47a,Pro-MiniMax-M2.5,博物馆导览讲解,0.004739336492890996,0.0,0.995260663507109,0.004739336492890996
1407174d22a9,Pro-MiniMax-M2.5,历史场景叙事,0.00267379679144385,0.0,0.9973262032085561,0.00267379679144385
f4a5508454fd,Pro-MiniMax-M2.5,沉浸式体验设计,0.004885993485342019,0.0,0.995114006514658,0.004885993485342019
7345e1409793,Pro-MiniMax-M2.5,博物馆导览讲解,0.0,0.0,1.0,0.0
525b0863bfe3,Pro-MiniMax-M2.5,历史场景叙事,0.002506265664160401,0.0,0.9974937343358395,0.002506265664160401
7ff591c3d8df,Pro-MiniMax-M2.5,沉浸式体验设计,0.005084745762711864,0.0,0.9949152542372881,0.005084745762711864
5ffcaab2d231,Pro-MiniMax-M2.5,博物馆导览讲解,0.010178117048346057,0.002544529262086514,0.9872773536895675,0.007633587786259542
5d755ff1120c,Pro-MiniMax-M2.5,历史场景叙事,0.009287925696594427,0.0,0.9907120743034056,0.009287925696594427
24582ee97e65,Pro-MiniMax-M2.5,沉浸式体验设计,0.007692307692307693,0.004615384615384616,0.9876923076923076,0.003076923076923077
4ce572c5713e,Pro-MiniMax-M2.5,博物馆导览讲解,0.0048543689320388345,0.0024271844660194173,0.9927184466019418,0.0024271844660194173
044b5035584f,Pro-MiniMax-M2.5,历史场景叙事,0.0031746031746031746,0.0,0.9968253968253968,0.0031746031746031746
77417a66c092,Pro-MiniMax-M2.5,沉浸式体验设计,0.0032733224222585926,0.0016366612111292963,0.9950900163666121,0.0016366612111292963
f08f56c33218,Pro-MiniMax-M2.5,博物馆导览讲解,0.006369426751592357,0.0,0.9936305732484076,0.006369426751592357
909164f2f827,Pro-MiniMax-M2.5,历史场景叙事,0.004514672686230248,0.002257336343115124,0.9932279909706546,0.002257336343115124
ce943dd67596,Pro-MiniMax-M2.5,沉浸式体验设计,0.00546448087431694,0.0018214936247723133,0.9927140255009107,0.0036429872495446266
d2738b769f4b,Pro-MiniMax-M2.5,博物馆导览讲解,0.007380073800738007,0.0,0.992619926199262,0.007380073800738007
88024e605bfd,Pro-MiniMax-M2.5,历史场景叙事,0.0,0.0,1.0,0.0
8db1680e88fd,Pro-MiniMax-M2.5,沉浸式体验设计,0.004991680532445923,0.0016638935108153079,0.9933444259567388,0.0033277870216306157
6ec8f0fe692a,Pro-MiniMax-M2.5,博物馆导览讲解,0.0021598272138228943,0.0064794816414686825,0.9913606911447084,-0.004319654427645789
490031bc8755,Pro-MiniMax-M2.5,历史场景叙事,0.0056657223796034,0.0028328611898017,0.9915014164305949,0.0028328611898017
36fbc9bdf373,Pro-MiniMax-M2.5,沉浸式体验设计,0.004491017964071856,0.0074850299401197605,0.9880239520958084,-0.0029940119760479044
1cece5476982,Pro-MiniMax-M2.5,博物馆导览讲解,0.01020408163265306,0.003401360544217687,0.9863945578231292,0.006802721088435374
64cc40fef076,Pro-MiniMax-M2.5,历史场景叙事,0.0019455252918287938,0.0019455252918287938,0.9961089494163424,0.0
6326ca74611d,Pro-MiniMax-M2.5,沉浸式体验设计,0.004709576138147566,0.0,0.9952904238618524,0.004709576138147566
55471529c7b3,LongCat-2.0,博物馆导览讲解,0.004830917874396135,0.004830917874396135,0.9903381642512077,0.0
73c9b93f0d95,LongCat-2.0,历史场景叙事,0.0,0.0,1.0,0.0
85ca344c4298,LongCat-2.0,沉浸式体验设计,0.0,0.0,1.0,0.0
d0360b4e641b,LongCat-2.0,博物馆导览讲解,0.005934718100890208,0.005934718100890208,0.9881305637982196,0.0
2aa7abeebc4f,LongCat-2.0,历史场景叙事,0.0,0.0,1.0,0.0
a68181f3ad25,LongCat-2.0,沉浸式体验设计,0.002304147465437788,0.0,0.9976958525345622,0.002304147465437788
4431939f8d18,LongCat-2.0,博物馆导览讲解,0.0,0.0,1.0,0.0
c9ed9f254d27,LongCat-2.0,历史场景叙事,0.0024509803921568627,0.0,0.9975490196078431,0.0024509803921568627
ca1dc4560417,LongCat-2.0,沉浸式体验设计,0.006185567010309278,0.0,0.9938144329896907,0.006185567010309278
9af078668b5a,LongCat-2.0,博物馆导览讲解,0.009237875288683603,0.004618937644341801,0.9861431870669746,0.004618937644341801
7db085a2c561,LongCat-2.0,历史场景叙事,0.0,0.0,1.0,0.0
e75190ce3a0b,LongCat-2.0,沉浸式体验设计,0.0022222222222222222,0.0022222222222222222,0.9955555555555555,0.0
c934baecd05f,LongCat-2.0,博物馆导览讲解,0.0058823529411764705,0.0029411764705882353,0.9911764705882353,0.0029411764705882353
f4da1a760f1d,LongCat-2.0,历史场景叙事,0.006269592476489028,0.0,0.9937304075235109,0.006269592476489028
12a21f873cfe,LongCat-2.0,沉浸式体验设计,0.0,0.004651162790697674,0.9953488372093023,-0.004651162790697674
bd226e1b4453,LongCat-2.0,博物馆导览讲解,0.005194805194805195,0.0,0.9948051948051948,0.005194805194805195
a7a74e18f3a9,LongCat-2.0,历史场景叙事,0.004807692307692308,0.0,0.9951923076923077,0.004807692307692308
3cf442ecaa92,LongCat-2.0,沉浸式体验设计,0.002457002457002457,0.007371007371007371,0.9901719901719902,-0.004914004914004914
94479d9de145,LongCat-2.0,博物馆导览讲解,0.002105263157894737,0.0,0.9978947368421053,0.002105263157894737
ccf40823d12b,LongCat-2.0,历史场景叙事,0.0,0.0,1.0,0.0
28f1f32aa168,LongCat-2.0,沉浸式体验设计,0.0,0.0,1.0,0.0
28d84d07508d,LongCat-2.0,博物馆导览讲解,0.011019283746556474,0.0,0.9889807162534435,0.011019283746556474
ffce8a1af53c,LongCat-2.0,历史场景叙事,0.008571428571428572,0.0,0.9914285714285714,0.008571428571428572
ea79b57b9101,LongCat-2.0,沉浸式体验设计,0.0041928721174004195,0.0,0.9958071278825996,0.0041928721174004195
404a42b5dd0d,LongCat-2.0,博物馆导览讲解,0.00398406374501992,0.00199203187250996,0.9940239043824701,0.00199203187250996
3a295b656e85,LongCat-2.0,历史场景叙事,0.004310344827586207,0.0,0.9956896551724138,0.004310344827586207
410792a39406,LongCat-2.0,沉浸式体验设计,0.002631578947368421,0.002631578947368421,0.9947368421052631,0.0
3624af3c7937,LongCat-2.0,博物馆导览讲解,0.007633587786259542,0.0,0.9923664122137404,0.007633587786259542
e7434d0f0b22,LongCat-2.0,历史场景叙事,0.0022727272727272726,0.004545454545454545,0.9931818181818182,-0.0022727272727272726
fc7d78d74219,LongCat-2.0,沉浸式体验设计,0.0,0.002551020408163265,0.9974489795918368,-0.002551020408163265
e5e5d0638bad,LongCat-2.0,博物馆导览讲解,0.004524886877828055,0.006787330316742082,0.9886877828054299,-0.0022624434389140274
94f934673c84,LongCat-2.0,历史场景叙事,0.0020408163265306124,0.0,0.9979591836734694,0.0020408163265306124
31d9ccc15232,LongCat-2.0,沉浸式体验设计,0.0,0.0,1.0,0.0
ea9a24b626b1,LongCat-2.0,博物馆导览讲解,0.0,0.0035971223021582736,0.9964028776978417,-0.0035971223021582736
37e4750f7b7a,LongCat-2.0,历史场景叙事,0.0,0.003048780487804878,0.9969512195121951,-0.003048780487804878
74e0b0b06ce6,LongCat-2.0,沉浸式体验设计,0.0,0.0,1.0,0.0
8f19ca8fb433,LongCat-2.0,博物馆导览讲解,0.003389830508474576,0.003389830508474576,0.9932203389830508,0.0
c2f91c8acfbf,LongCat-2.0,历史场景叙事,0.0022172949002217295,0.0022172949002217295,0.9955654101995566,0.0
06d85416da84,LongCat-2.0,沉浸式体验设计,0.002386634844868735,0.002386634844868735,0.9952267303102625,0.0
2438e388f3ca,LongCat-2.0,博物馆导览讲解,0.00684931506849315,0.00684931506849315,0.9863013698630136,0.0
50710238ec0e,LongCat-2.0,历史场景叙事,0.003278688524590164,0.0,0.9967213114754099,0.003278688524590164
7a2d59e17091,LongCat-2.0,沉浸式体验设计,0.0,0.0,1.0,0.0
66bd760130a7,LongCat-2.0,博物馆导览讲解,0.01078167115902965,0.0026954177897574125,0.9865229110512129,0.008086253369272238
9a8e5ce55f5e,LongCat-2.0,历史场景叙事,0.0,0.0,1.0,0.0
09e607fa9ca3,LongCat-2.0,沉浸式体验设计,0.0069124423963133645,0.002304147465437788,0.9907834101382489,0.004608294930875576
f258e8ce3bb2,LongCat-2.0,博物馆导览讲解,0.00392156862745098,0.00392156862745098,0.9921568627450981,0.0
d5874104dd13,LongCat-2.0,历史场景叙事,0.0,0.0,1.0,0.0
226844f9069c,LongCat-2.0,沉浸式体验设计,0.0,0.0,1.0,0.0
4366abb6e206,LongCat-2.0,博物馆导览讲解,0.004576659038901602,0.006864988558352402,0.988558352402746,-0.002288329519450801
0efb8a4a6586,LongCat-2.0,历史场景叙事,0.002421307506053269,0.0,0.9975786924939467,0.002421307506053269
83e32bf074f9,LongCat-2.0,沉浸式体验设计,0.0024875621890547263,0.0024875621890547263,0.9950248756218906,0.0
66fb2793fca4,LongCat-2.0,博物馆导览讲解,0.01098901098901099,0.0,0.989010989010989,0.01098901098901099
166bed6deaf5,LongCat-2.0,历史场景叙事,0.0026666666666666666,0.0,0.9973333333333333,0.0026666666666666666
455345d2a725,LongCat-2.0,沉浸式体验设计,0.0041753653444676405,0.0020876826722338203,0.9937369519832986,0.0020876826722338203
46b67325efcd,LongCat-2.0,博物馆导览讲解,0.001876172607879925,0.0075046904315197,0.9906191369606003,-0.005628517823639775
3d268c6a8de5,LongCat-2.0,历史场景叙事,0.0018450184501845018,0.0,0.9981549815498155,0.0018450184501845018
645326f69748,LongCat-2.0,沉浸式体验设计,0.004032258064516129,0.006048387096774193,0.9899193548387096,-0.0020161290322580645
92fd3af88594,LongCat-2.0,博物馆导览讲解,0.002793296089385475,0.0,0.9972067039106145,0.002793296089385475
f07b48213e0f,LongCat-2.0,历史场景叙事,0.0,0.0024630541871921183,0.9975369458128078,-0.0024630541871921183
f87bfc62fa2d,LongCat-2.0,沉浸式体验设计,0.0,0.0,1.0,0.0
c2d35cb48b76,GLM-5.2,博物馆导览讲解,0.0028653295128939827,0.0,0.997134670487106,0.0028653295128939827
0ff4dd5de76e,GLM-5.2,历史场景叙事,0.0,0.0,1.0,0.0
fdb11eef51c9,GLM-5.2,沉浸式体验设计,0.0,0.002127659574468085,0.997872340425532,-0.002127659574468085
dce9dcfb02d9,GLM-5.2,博物馆导览讲解,0.0,0.0035587188612099642,0.99644128113879,-0.0035587188612099642
27635c790feb,GLM-5.2,历史场景叙事,0.0,0.0,1.0,0.0
a9947dc61c24,GLM-5.2,沉浸式体验设计,0.00234192037470726,0.00234192037470726,0.9953161592505855,0.0
23ebb5f67874,GLM-5.2,博物馆导览讲解,0.014367816091954023,0.005747126436781609,0.9798850574712644,0.008620689655172414
5e305b69a01e,GLM-5.2,历史场景叙事,0.0035714285714285713,0.0035714285714285713,0.9928571428571429,0.0
fa682293982d,GLM-5.2,沉浸式体验设计,0.009389671361502348,0.002347417840375587,0.9882629107981221,0.007042253521126761
6d4f2c974389,GLM-5.2,博物馆导览讲解,0.006289308176100629,0.0031446540880503146,0.9905660377358491,0.0031446540880503146
817bebb9fe60,GLM-5.2,历史场景叙事,0.006060606060606061,0.00909090909090909,0.9848484848484849,-0.0030303030303030303
40a57fd43baa,GLM-5.2,沉浸式体验设计,0.002178649237472767,0.0,0.9978213507625272,0.002178649237472767
74505e5a88c9,GLM-5.2,博物馆导览讲解,0.0,0.006896551724137931,0.993103448275862,-0.006896551724137931
7c9f77ae073f,GLM-5.2,历史场景叙事,0.004761904761904762,0.0,0.9952380952380953,0.004761904761904762
6c74bd3c2901,GLM-5.2,沉浸式体验设计,0.0,0.002304147465437788,0.9976958525345622,-0.002304147465437788
3febe5d6cff8,GLM-5.2,博物馆导览讲解,0.014367816091954023,0.005747126436781609,0.9798850574712644,0.008620689655172414
7612af898748,GLM-5.2,历史场景叙事,0.007853403141361256,0.002617801047120419,0.9895287958115183,0.005235602094240838
de725a603b0e,GLM-5.2,沉浸式体验设计,0.006,0.006,0.988,0.0
36809847dc7a,GLM-5.2,博物馆导览讲解,0.002857142857142857,0.0,0.9971428571428571,0.002857142857142857
b20ac21c4114,GLM-5.2,历史场景叙事,0.0,0.0,1.0,0.0
98c672277886,GLM-5.2,沉浸式体验设计,0.0,0.004032258064516129,0.9959677419354839,-0.004032258064516129
41cf77fd0f40,GLM-5.2,博物馆导览讲解,0.005970149253731343,0.0,0.9940298507462687,0.005970149253731343
febd245a14bc,GLM-5.2,历史场景叙事,0.011029411764705883,0.0,0.9889705882352942,0.011029411764705883
1d6f0a429b50,GLM-5.2,沉浸式体验设计,0.0022727272727272726,0.0,0.9977272727272727,0.0022727272727272726
52e5e071ee6a,GLM-5.2,博物馆导览讲解,0.003355704697986577,0.0,0.9966442953020134,0.003355704697986577
b2a6c08785a9,GLM-5.2,历史场景叙事,0.01126126126126126,0.0,0.9887387387387387,0.01126126126126126
dc0d226c3015,GLM-5.2,沉浸式体验设计,0.004357298474945534,0.002178649237472767,0.9934640522875817,0.002178649237472767
f040057ccd5d,GLM-5.2,博物馆导览讲解,0.01090909090909091,0.0,0.9890909090909091,0.01090909090909091
2cb6c47dbf0a,GLM-5.2,历史场景叙事,0.006430868167202572,0.0,0.9935691318327974,0.006430868167202572
bcfe13000184,GLM-5.2,沉浸式体验设计,0.0,0.0049504950495049506,0.995049504950495,-0.0049504950495049506
4a1f41094155,GLM-5.2,博物馆导览讲解,0.00964630225080386,0.003215434083601286,0.9871382636655949,0.006430868167202572
f21db8da813b,GLM-5.2,历史场景叙事,0.005847953216374269,0.0,0.9941520467836257,0.005847953216374269
a9b0c1929609,GLM-5.2,沉浸式体验设计,0.002232142857142857,0.004464285714285714,0.9933035714285714,-0.002232142857142857
3a6def0f99b5,GLM-5.2,博物馆导览讲解,0.0,0.0036496350364963502,0.9963503649635036,-0.0036496350364963502
60fb9ac80bc6,GLM-5.2,历史场景叙事,0.002347417840375587,0.002347417840375587,0.9953051643192489,0.0
9f021728deda,GLM-5.2,沉浸式体验设计,0.00468384074941452,0.00234192037470726,0.9929742388758782,0.00234192037470726
0af40e10f452,GLM-5.2,博物馆导览讲解,0.0035714285714285713,0.0035714285714285713,0.9928571428571429,0.0
c9478255429f,GLM-5.2,历史场景叙事,0.013888888888888888,0.0,0.9861111111111112,0.013888888888888888
366eea4000c7,GLM-5.2,沉浸式体验设计,0.01026694045174538,0.0,0.9897330595482546,0.01026694045174538
9005be69fbaa,GLM-5.2,博物馆导览讲解,0.0,0.003484320557491289,0.9965156794425087,-0.003484320557491289
e7a189ff136c,GLM-5.2,历史场景叙事,0.015444015444015444,0.0,0.9845559845559846,0.015444015444015444
56f1ca6c1a74,GLM-5.2,沉浸式体验设计,0.004830917874396135,0.0,0.9951690821256038,0.004830917874396135
578fdf3587a3,GLM-5.2,博物馆导览讲解,0.013157894736842105,0.0,0.9868421052631579,0.013157894736842105
3b1b47949d64,GLM-5.2,历史场景叙事,0.002421307506053269,0.002421307506053269,0.9951573849878934,0.0
456943fb5142,GLM-5.2,沉浸式体验设计,0.0,0.0,1.0,0.0
88f5da5bb9fe,GLM-5.2,博物馆导览讲解,0.0064516129032258064,0.0032258064516129032,0.9903225806451613,0.0032258064516129032
dca2999ece9e,GLM-5.2,历史场景叙事,0.0,0.0,1.0,0.0
11e720751e3c,GLM-5.2,沉浸式体验设计,0.0,0.0,1.0,0.0
7b0ed1240dbf,GLM-5.2,博物馆导览讲解,0.007042253521126761,0.007042253521126761,0.9859154929577465,0.0
9563b131881f,GLM-5.2,历史场景叙事,0.0111731843575419,0.00558659217877095,0.9832402234636871,0.00558659217877095
d71bf2e2aa6b,GLM-5.2,沉浸式体验设计,0.00683371298405467,0.004555808656036446,0.9886104783599089,0.002277904328018223
cf9e8f7955eb,GLM-5.2,博物馆导览讲解,0.012461059190031152,0.0,0.9875389408099688,0.012461059190031152
a9161a896d83,GLM-5.2,历史场景叙事,0.005714285714285714,0.0,0.9942857142857143,0.005714285714285714
72eb3d4e8211,GLM-5.2,沉浸式体验设计,0.006550218340611353,0.002183406113537118,0.9912663755458515,0.004366812227074236
90124319a63f,GLM-5.2,博物馆导览讲解,0.006430868167202572,0.006430868167202572,0.9871382636655949,0.0
bc1b07a6ba81,GLM-5.2,历史场景叙事,0.0,0.009302325581395349,0.9906976744186047,-0.009302325581395349
d96793c7f204,GLM-5.2,沉浸式体验设计,0.0,0.0,1.0,0.0
81b7f5a96522,GLM-5.2,博物馆导览讲解,0.006734006734006734,0.0,0.9932659932659933,0.006734006734006734
90d55e3613d5,GLM-5.2,历史场景叙事,0.005235602094240838,0.0,0.9947643979057592,0.005235602094240838
e436d8f762e3,GLM-5.2,沉浸式体验设计,0.003952569169960474,0.003952569169960474,0.9920948616600791,0.0
b9e8a5056ffa,Kimi-K2.7-Code,博物馆导览讲解,0.0,0.0,1.0,0.0
32d6cdf150a8,Kimi-K2.7-Code,历史场景叙事,0.0,0.0,1.0,0.0
6f2a17735a9b,Kimi-K2.7-Code,沉浸式体验设计,0.0,0.0,1.0,0.0
d603915a4c76,Kimi-K2.7-Code,博物馆导览讲解,0.0,0.007518796992481203,0.9924812030075187,-0.007518796992481203
b9206c4b88b9,Kimi-K2.7-Code,历史场景叙事,0.0,0.002053388090349076,0.997946611909651,-0.002053388090349076
6a45adccbf1f,Kimi-K2.7-Code,沉浸式体验设计,0.0034602076124567475,0.0017301038062283738,0.9948096885813149,0.0017301038062283738
9c1649c5ff4e,Kimi-K2.7-Code,博物馆导览讲解,0.0029850746268656717,0.005970149253731343,0.991044776119403,-0.0029850746268656717
1eb1e42e41d7,Kimi-K2.7-Code,历史场景叙事,0.0035842293906810036,0.0035842293906810036,0.992831541218638,0.0
2a6e33a5c0ed,Kimi-K2.7-Code,沉浸式体验设计,0.003552397868561279,0.0,0.9964476021314387,0.003552397868561279
7259db152e09,Kimi-K2.7-Code,博物馆导览讲解,0.00546448087431694,0.00273224043715847,0.9918032786885246,0.00273224043715847
331f777aca9d,Kimi-K2.7-Code,历史场景叙事,0.005571030640668524,0.0,0.9944289693593314,0.005571030640668524
aab2adb580c9,Kimi-K2.7-Code,沉浸式体验设计,0.003389830508474576,0.001694915254237288,0.9949152542372881,0.001694915254237288
d786695779a9,Kimi-K2.7-Code,博物馆导览讲解,0.0078125,0.0,0.9921875,0.0078125
cc00f67b6d88,Kimi-K2.7-Code,历史场景叙事,0.0029069767441860465,0.0,0.997093023255814,0.0029069767441860465
a6effe4c7455,Kimi-K2.7-Code,沉浸式体验设计,0.0016835016835016834,0.0016835016835016834,0.9966329966329966,0.0
2e025b17099c,Kimi-K2.7-Code,博物馆导览讲解,0.0072992700729927005,0.0036496350364963502,0.9890510948905109,0.0036496350364963502
974275d5527d,Kimi-K2.7-Code,历史场景叙事,0.0,0.0022471910112359553,0.9977528089887641,-0.0022471910112359553
3b1e3ebf41a1,Kimi-K2.7-Code,沉浸式体验设计,0.0,0.0017271157167530224,0.998272884283247,-0.0017271157167530224
fb27858a1ee4,Kimi-K2.7-Code,博物馆导览讲解,0.0031746031746031746,0.0,0.9968253968253968,0.0031746031746031746
78cd94217e54,Kimi-K2.7-Code,历史场景叙事,0.0,0.0,1.0,0.0
df7b59901602,Kimi-K2.7-Code,沉浸式体验设计,0.0017825311942959,0.0,0.9982174688057041,0.0017825311942959
a38e69658620,Kimi-K2.7-Code,博物馆导览讲解,0.013422818791946308,0.0,0.9865771812080537,0.013422818791946308
c5043e6fbb25,Kimi-K2.7-Code,历史场景叙事,0.0,0.0,1.0,0.0
4d3d09b67b05,Kimi-K2.7-Code,沉浸式体验设计,0.0,0.0,1.0,0.0
60ee98f99507,Kimi-K2.7-Code,博物馆导览讲解,0.0,0.0026109660574412533,0.9973890339425587,-0.0026109660574412533
6fc44e547d0b,Kimi-K2.7-Code,历史场景叙事,0.001876172607879925,0.0,0.99812382739212,0.001876172607879925
d916f7c33d5f,Kimi-K2.7-Code,沉浸式体验设计,0.0,0.0,1.0,0.0
74ef1158552f,Kimi-K2.7-Code,博物馆导览讲解,0.0,0.0,1.0,0.0
374267b33fe8,Kimi-K2.7-Code,历史场景叙事,0.0035650623885918,0.0,0.9964349376114082,0.0035650623885918
56d102f33ed6,Kimi-K2.7-Code,沉浸式体验设计,0.0,0.0,1.0,0.0
4ddfab5b5652,Kimi-K2.7-Code,博物馆导览讲解,0.004347826086956522,0.004347826086956522,0.991304347826087,0.0
babc9f157706,Kimi-K2.7-Code,历史场景叙事,0.0025380710659898475,0.0,0.9974619289340102,0.0025380710659898475
d15957ac65e9,Kimi-K2.7-Code,沉浸式体验设计,0.0016891891891891893,0.0033783783783783786,0.9949324324324325,-0.0016891891891891893
a40ca0662ee9,Kimi-K2.7-Code,博物馆导览讲解,0.0,0.0,1.0,0.0
1f2beb954b64,Kimi-K2.7-Code,历史场景叙事,0.0,0.0,1.0,0.0
d1ba35a08c50,Kimi-K2.7-Code,沉浸式体验设计,0.003683241252302026,0.001841620626151013,0.994475138121547,0.001841620626151013
199fdd5a5442,Kimi-K2.7-Code,博物馆导览讲解,0.0,0.011673151750972763,0.9883268482490273,-0.011673151750972763
8f49f15c752c,Kimi-K2.7-Code,历史场景叙事,0.005649717514124294,0.0,0.9943502824858758,0.005649717514124294
e01dc79811ff,Kimi-K2.7-Code,沉浸式体验设计,0.0,0.0015873015873015873,0.9984126984126984,-0.0015873015873015873
fa84ab3b634d,Kimi-K2.7-Code,博物馆导览讲解,0.0,0.0,1.0,0.0
446ab8669d27,Kimi-K2.7-Code,历史场景叙事,0.0,0.0,1.0,0.0
e577b408ad7a,Kimi-K2.7-Code,沉浸式体验设计,0.005494505494505495,0.0018315018315018315,0.9926739926739927,0.003663003663003663
aab3f38ca552,Kimi-K2.7-Code,博物馆导览讲解,0.006666666666666667,0.006666666666666667,0.9866666666666667,0.0
2a0f30babaa9,Kimi-K2.7-Code,历史场景叙事,0.0021413276231263384,0.0,0.9978586723768736,0.0021413276231263384
6a480039595e,Kimi-K2.7-Code,沉浸式体验设计,0.0034071550255536627,0.0,0.9965928449744463,0.0034071550255536627
0e4344fc7dd3,Kimi-K2.7-Code,博物馆导览讲解,0.0,0.002652519893899204,0.9973474801061007,-0.002652519893899204
3481d3aae208,Kimi-K2.7-Code,历史场景叙事,0.0,0.0,1.0,0.0
8ed5947837b0,Kimi-K2.7-Code,沉浸式体验设计,0.0017241379310344827,0.0,0.9982758620689656,0.0017241379310344827
cbcec6438fe9,Kimi-K2.7-Code,博物馆导览讲解,0.0030120481927710845,0.009036144578313253,0.9879518072289156,-0.006024096385542169
467b7fc29164,Kimi-K2.7-Code,历史场景叙事,0.00267379679144385,0.00267379679144385,0.9946524064171123,0.0
12df11ee8c14,Kimi-K2.7-Code,沉浸式体验设计,0.0016233766233766235,0.0016233766233766235,0.9967532467532467,0.0
ccc98d59fa2d,Kimi-K2.7-Code,博物馆导览讲解,0.005405405405405406,0.0,0.9945945945945946,0.005405405405405406
bc016b7175f9,Kimi-K2.7-Code,历史场景叙事,0.0,0.0,1.0,0.0
9a74c1749110,Kimi-K2.7-Code,沉浸式体验设计,0.00667779632721202,0.0,0.993322203672788,0.00667779632721202
91f552128a9c,Kimi-K2.7-Code,博物馆导览讲解,0.0,0.003205128205128205,0.9967948717948718,-0.003205128205128205
d4b15b4ff562,Kimi-K2.7-Code,历史场景叙事,0.0,0.004329004329004329,0.9956709956709957,-0.004329004329004329
e5a9e1fb8bd5,Kimi-K2.7-Code,沉浸式体验设计,0.0,0.004709576138147566,0.9952904238618524,-0.004709576138147566
58a178b59a15,Kimi-K2.7-Code,博物馆导览讲解,0.004694835680751174,0.0,0.9953051643192489,0.004694835680751174
5d8fce9652e5,Kimi-K2.7-Code,历史场景叙事,0.0021321961620469083,0.0,0.997867803837953,0.0021321961620469083
1ef2140d7c3d,Kimi-K2.7-Code,沉浸式体验设计,0.005504587155963303,0.0,0.9944954128440368,0.005504587155963303
85f832031264,DeepSeek-V4-Pro,博物馆导览讲解,0.0,0.004132231404958678,0.9958677685950413,-0.004132231404958678
375982f81ff4,DeepSeek-V4-Pro,历史场景叙事,0.0,0.0,1.0,0.0
62bac79c1c62,DeepSeek-V4-Pro,沉浸式体验设计,0.0017094017094017094,0.0,0.9982905982905983,0.0017094017094017094
7ff7c5f50cb0,DeepSeek-V4-Pro,博物馆导览讲解,0.0,0.0,1.0,0.0
a13864c908fc,DeepSeek-V4-Pro,历史场景叙事,0.0,0.0025,0.9975,-0.0025
53a9a48f664a,DeepSeek-V4-Pro,沉浸式体验设计,0.0032948929159802307,0.008237232289950576,0.9884678747940692,-0.004942339373970346
40a59a882763,DeepSeek-V4-Pro,博物馆导览讲解,0.0,0.005988023952095809,0.9940119760479041,-0.005988023952095809
c78eeb6f3867,DeepSeek-V4-Pro,历史场景叙事,0.004424778761061947,0.0,0.995575221238938,0.004424778761061947
0b13aca57912,DeepSeek-V4-Pro,沉浸式体验设计,0.003257328990228013,0.0,0.996742671009772,0.003257328990228013
94f3f9663fc0,DeepSeek-V4-Pro,博物馆导览讲解,0.0,0.0,1.0,0.0
9ac485247c43,DeepSeek-V4-Pro,历史场景叙事,0.0,0.0,1.0,0.0
f5cb6f09027d,DeepSeek-V4-Pro,沉浸式体验设计,0.002012072434607646,0.0,0.9979879275653923,0.002012072434607646
e82160db22f8,DeepSeek-V4-Pro,博物馆导览讲解,0.003875968992248062,0.0,0.9961240310077519,0.003875968992248062
c00fad6b4be5,DeepSeek-V4-Pro,历史场景叙事,0.0,0.0,1.0,0.0
e8547d04e269,DeepSeek-V4-Pro,沉浸式体验设计,0.0017543859649122807,0.0017543859649122807,0.9964912280701754,0.0
51d6c386cecc,DeepSeek-V4-Pro,博物馆导览讲解,0.006006006006006006,0.009009009009009009,0.984984984984985,-0.003003003003003003
c6cb882542eb,DeepSeek-V4-Pro,历史场景叙事,0.0,0.0,1.0,0.0
57356268cd4f,DeepSeek-V4-Pro,沉浸式体验设计,0.0039447731755424065,0.0019723865877712033,0.9940828402366864,0.0019723865877712033
eb069b01431a,DeepSeek-V4-Pro,博物馆导览讲解,0.0,0.0,1.0,0.0
e3648c2bd2a9,DeepSeek-V4-Pro,历史场景叙事,0.0,0.0,1.0,0.0
1e69b975efe1,DeepSeek-V4-Pro,沉浸式体验设计,0.0,0.0,1.0,0.0
42ed39dbe256,DeepSeek-V4-Pro,博物馆导览讲解,0.0025906735751295338,0.007772020725388601,0.9896373056994818,-0.0051813471502590676
60d827a8d810,DeepSeek-V4-Pro,历史场景叙事,0.0,0.0,1.0,0.0
7501908e9cbb,DeepSeek-V4-Pro,沉浸式体验设计,0.0035211267605633804,0.00528169014084507,0.9911971830985915,-0.0017605633802816902
664a66c7faad,DeepSeek-V4-Pro,博物馆导览讲解,0.0053475935828877,0.008021390374331552,0.9866310160427807,-0.00267379679144385
1ac0d77de4d6,DeepSeek-V4-Pro,历史场景叙事,0.006818181818181818,0.0,0.9931818181818182,0.006818181818181818
7cd9eb9db4c9,DeepSeek-V4-Pro,沉浸式体验设计,0.001652892561983471,0.0,0.9983471074380166,0.001652892561983471
19c4401d7262,DeepSeek-V4-Pro,博物馆导览讲解,0.0038461538461538464,0.0,0.9961538461538462,0.0038461538461538464
32df32a654ed,DeepSeek-V4-Pro,历史场景叙事,0.0,0.003134796238244514,0.9968652037617555,-0.003134796238244514
4378b0da2dbf,DeepSeek-V4-Pro,沉浸式体验设计,0.0,0.0022371364653243847,0.9977628635346756,-0.0022371364653243847
c6a5ebf19cef,DeepSeek-V4-Pro,博物馆导览讲解,0.0070921985815602835,0.009456264775413711,0.983451536643026,-0.002364066193853428
e44233f01700,DeepSeek-V4-Pro,历史场景叙事,0.0,0.0,1.0,0.0
cceb6af9d1fb,DeepSeek-V4-Pro,沉浸式体验设计,0.005309734513274336,0.0017699115044247787,0.9929203539823008,0.0035398230088495575
f6a6b7817027,DeepSeek-V4-Pro,博物馆导览讲解,0.0031746031746031746,0.0031746031746031746,0.9936507936507937,0.0
fab3b2651438,DeepSeek-V4-Pro,历史场景叙事,0.0,0.002531645569620253,0.9974683544303797,-0.002531645569620253
1f23afa1a41f,DeepSeek-V4-Pro,沉浸式体验设计,0.001639344262295082,0.0,0.9983606557377049,0.001639344262295082
9eadc02d9b10,DeepSeek-V4-Pro,博物馆导览讲解,0.0,0.003424657534246575,0.9965753424657534,-0.003424657534246575
9a52b006e760,DeepSeek-V4-Pro,历史场景叙事,0.0,0.0,1.0,0.0
1de168bcfae0,DeepSeek-V4-Pro,沉浸式体验设计,0.001589825119236884,0.0,0.9984101748807631,0.001589825119236884
293230b77b0c,DeepSeek-V4-Pro,博物馆导览讲解,0.002932551319648094,0.0,0.9970674486803519,0.002932551319648094
e0e44d77f4b5,DeepSeek-V4-Pro,历史场景叙事,0.0,0.0,1.0,0.0
aad973e8cf4d,DeepSeek-V4-Pro,沉浸式体验设计,0.0,0.0,1.0,0.0
f743f4446bb1,DeepSeek-V4-Pro,博物馆导览讲解,0.0033444816053511705,0.0033444816053511705,0.9933110367892977,0.0
510521d21b19,DeepSeek-V4-Pro,历史场景叙事,0.0,0.002004008016032064,0.9979959919839679,-0.002004008016032064
c6c4e45b02af,DeepSeek-V4-Pro,沉浸式体验设计,0.003129890453834116,0.004694835680751174,0.9921752738654147,-0.001564945226917058
66a634b36e65,DeepSeek-V4-Pro,博物馆导览讲解,0.0,0.0,1.0,0.0
ee1a0f4b27a9,DeepSeek-V4-Pro,历史场景叙事,0.0029585798816568047,0.0,0.9970414201183432,0.0029585798816568047
0b3d02feeacc,DeepSeek-V4-Pro,沉浸式体验设计,0.005979073243647235,0.0014947683109118087,0.992526158445441,0.004484304932735426
54cb2649379d,DeepSeek-V4-Pro,博物馆导览讲解,0.0,0.0,1.0,0.0
ff98385d066d,DeepSeek-V4-Pro,历史场景叙事,0.002070393374741201,0.002070393374741201,0.9958592132505176,0.0
c779761dc10b,DeepSeek-V4-Pro,沉浸式体验设计,0.0016722408026755853,0.0033444816053511705,0.9949832775919732,-0.0016722408026755853
9ca1b4ce4a6a,DeepSeek-V4-Pro,博物馆导览讲解,0.0038314176245210726,0.007662835249042145,0.9885057471264368,-0.0038314176245210726
4ea35dfc39b3,DeepSeek-V4-Pro,历史场景叙事,0.0,0.0,1.0,0.0
54f077271c63,DeepSeek-V4-Pro,沉浸式体验设计,0.0,0.0,1.0,0.0
dd48b7f9261a,DeepSeek-V4-Pro,博物馆导览讲解,0.006825938566552901,0.0,0.9931740614334471,0.006825938566552901
90bbd9873cc4,DeepSeek-V4-Pro,历史场景叙事,0.0020833333333333333,0.0,0.9979166666666667,0.0020833333333333333
5bbbde7d04a2,DeepSeek-V4-Pro,沉浸式体验设计,0.0,0.001953125,0.998046875,-0.001953125
2f42d1bfbf5b,DeepSeek-V4-Pro,博物馆导览讲解,0.004889975550122249,0.0,0.9951100244498777,0.004889975550122249
36389b2255d9,DeepSeek-V4-Pro,历史场景叙事,0.0,0.002178649237472767,0.9978213507625272,-0.002178649237472767
6d3d13a6dad7,DeepSeek-V4-Pro,沉浸式体验设计,0.0035842293906810036,0.0017921146953405018,0.9946236559139785,0.0017921146953405018
ce777690b1db,DeepSeek-V4-Flash,博物馆导览讲解,0.008849557522123894,0.0,0.9911504424778761,0.008849557522123894
57bcc0dde1b3,DeepSeek-V4-Flash,历史场景叙事,0.0,0.0,1.0,0.0
18afa715b17c,DeepSeek-V4-Flash,沉浸式体验设计,0.001838235294117647,0.0,0.9981617647058824,0.001838235294117647
b4c89d6ac4c8,DeepSeek-V4-Flash,博物馆导览讲解,0.0106951871657754,0.0,0.9893048128342246,0.0106951871657754
47e1ec0ebc98,DeepSeek-V4-Flash,历史场景叙事,0.0,0.0,1.0,0.0
aa5f01de5da2,DeepSeek-V4-Flash,沉浸式体验设计,0.005905511811023622,0.0,0.9940944881889764,0.005905511811023622
c4513d7d2b6a,DeepSeek-V4-Flash,博物馆导览讲解,0.0,0.0027472527472527475,0.9972527472527473,-0.0027472527472527475
cde4eac347d1,DeepSeek-V4-Flash,历史场景叙事,0.002702702702702703,0.0,0.9972972972972973,0.002702702702702703
bb190b36dc85,DeepSeek-V4-Flash,沉浸式体验设计,0.006289308176100629,0.0020964360587002098,0.9916142557651991,0.0041928721174004195
1bae406d5454,DeepSeek-V4-Flash,博物馆导览讲解,0.005649717514124294,0.011299435028248588,0.9830508474576272,-0.005649717514124294
ceae670f19fb,DeepSeek-V4-Flash,历史场景叙事,0.0,0.0,1.0,0.0
2500a3fca305,DeepSeek-V4-Flash,沉浸式体验设计,0.00546448087431694,0.0,0.994535519125683,0.00546448087431694
cb420c1329e6,DeepSeek-V4-Flash,博物馆导览讲解,0.012396694214876033,0.008264462809917356,0.9793388429752066,0.004132231404958678
d27042408be2,DeepSeek-V4-Flash,历史场景叙事,0.0,0.0,1.0,0.0
2cd5bce1ec7f,DeepSeek-V4-Flash,沉浸式体验设计,0.0,0.0014771048744460858,0.9985228951255539,-0.0014771048744460858
a5bfe3c50934,DeepSeek-V4-Flash,博物馆导览讲解,0.004975124378109453,0.0,0.9950248756218906,0.004975124378109453
37d34d60299d,DeepSeek-V4-Flash,历史场景叙事,0.0031746031746031746,0.0,0.9968253968253968,0.0031746031746031746
b261d721430e,DeepSeek-V4-Flash,沉浸式体验设计,0.003316749585406302,0.0,0.9966832504145937,0.003316749585406302
aec4a6a6ddbb,DeepSeek-V4-Flash,博物馆导览讲解,0.004347826086956522,0.0,0.9956521739130435,0.004347826086956522
09befbbac102,DeepSeek-V4-Flash,历史场景叙事,0.0,0.006134969325153374,0.9938650306748467,-0.006134969325153374
fbc2f08d3b38,DeepSeek-V4-Flash,沉浸式体验设计,0.0,0.00234192037470726,0.9976580796252927,-0.00234192037470726
de906402f77d,DeepSeek-V4-Flash,博物馆导览讲解,0.003205128205128205,0.0,0.9967948717948718,0.003205128205128205
3df53974277c,DeepSeek-V4-Flash,历史场景叙事,0.0,0.0034965034965034965,0.9965034965034965,-0.0034965034965034965
063efa38ecb0,DeepSeek-V4-Flash,沉浸式体验设计,0.0024154589371980675,0.0,0.9975845410628019,0.0024154589371980675
618ebb819dbd,DeepSeek-V4-Flash,博物馆导览讲解,0.003246753246753247,0.003246753246753247,0.9935064935064936,0.0
8858121149ff,DeepSeek-V4-Flash,历史场景叙事,0.0,0.0,1.0,0.0
ea4346ee70fa,DeepSeek-V4-Flash,沉浸式体验设计,0.0,0.0,1.0,0.0
16ad36427d6f,DeepSeek-V4-Flash,博物馆导览讲解,0.004830917874396135,0.004830917874396135,0.9903381642512077,0.0
2751751dc08f,DeepSeek-V4-Flash,历史场景叙事,0.002849002849002849,0.002849002849002849,0.9943019943019943,0.0
efc3c54f13f6,DeepSeek-V4-Flash,沉浸式体验设计,0.0,0.002457002457002457,0.9975429975429976,-0.002457002457002457
9939916dfa1c,DeepSeek-V4-Flash,博物馆导览讲解,0.0045045045045045045,0.0,0.9954954954954955,0.0045045045045045045
b9d1d17a5e0a,DeepSeek-V4-Flash,历史场景叙事,0.010752688172043012,0.0,0.989247311827957,0.010752688172043012
f2becab1eeeb,DeepSeek-V4-Flash,沉浸式体验设计,0.00186219739292365,0.0,0.9981378026070763,0.00186219739292365
85ddd395b454,DeepSeek-V4-Flash,博物馆导览讲解,0.006423982869379015,0.0021413276231263384,0.9914346895074947,0.004282655246252677
d6b47b5d0886,DeepSeek-V4-Flash,历史场景叙事,0.0,0.0,1.0,0.0
59beb116f502,DeepSeek-V4-Flash,沉浸式体验设计,0.0024813895781637717,0.0,0.9975186104218362,0.0024813895781637717
232457a95a66,DeepSeek-V4-Flash,博物馆导览讲解,0.007462686567164179,0.0037313432835820895,0.9888059701492538,0.0037313432835820895
abc4086e206c,DeepSeek-V4-Flash,历史场景叙事,0.0,0.0,1.0,0.0
29c5584f164a,DeepSeek-V4-Flash,沉浸式体验设计,0.003401360544217687,0.0,0.9965986394557823,0.003401360544217687
b157736e89c8,DeepSeek-V4-Flash,博物馆导览讲解,0.0,0.004166666666666667,0.9958333333333333,-0.004166666666666667
a6a41ce22b45,DeepSeek-V4-Flash,历史场景叙事,0.003289473684210526,0.0,0.9967105263157895,0.003289473684210526
5ec1a5a89038,DeepSeek-V4-Flash,沉浸式体验设计,0.0033003300330033004,0.0,0.9966996699669967,0.0033003300330033004
48299274fc3f,DeepSeek-V4-Flash,博物馆导览讲解,0.005952380952380952,0.0,0.9940476190476191,0.005952380952380952
34f50718370c,DeepSeek-V4-Flash,历史场景叙事,0.007782101167315175,0.0,0.9922178988326849,0.007782101167315175
d49aafe54fb4,DeepSeek-V4-Flash,沉浸式体验设计,0.0,0.0,1.0,0.0
32113b75ea69,DeepSeek-V4-Flash,博物馆导览讲解,0.0,0.0,1.0,0.0
103c5eb8f7ed,DeepSeek-V4-Flash,历史场景叙事,0.0,0.0,1.0,0.0
83c5d6704f2c,DeepSeek-V4-Flash,沉浸式体验设计,0.0,0.0,1.0,0.0
60828744c565,DeepSeek-V4-Flash,博物馆导览讲解,0.0076045627376425855,0.0038022813688212928,0.9885931558935361,0.0038022813688212928
623199897d43,DeepSeek-V4-Flash,历史场景叙事,0.0,0.0,1.0,0.0
5924200cc11e,DeepSeek-V4-Flash,沉浸式体验设计,0.001610305958132045,0.004830917874396135,0.9935587761674718,-0.00322061191626409
8f47ed3e901a,DeepSeek-V4-Flash,博物馆导览讲解,0.00904977375565611,0.0,0.9909502262443439,0.00904977375565611
d5b632726301,DeepSeek-V4-Flash,历史场景叙事,0.0029585798816568047,0.0,0.9970414201183432,0.0029585798816568047
0b730ac22df3,DeepSeek-V4-Flash,沉浸式体验设计,0.0019120458891013384,0.0,0.9980879541108987,0.0019120458891013384
0395882382f3,DeepSeek-V4-Flash,博物馆导览讲解,0.0,0.00823045267489712,0.9917695473251029,-0.00823045267489712
b45ddbb5aa19,DeepSeek-V4-Flash,历史场景叙事,0.0029154518950437317,0.0058309037900874635,0.9912536443148688,-0.0029154518950437317
f4b525c860be,DeepSeek-V4-Flash,沉浸式体验设计,0.007017543859649123,0.005263157894736842,0.987719298245614,0.0017543859649122807
fe5530a0517d,DeepSeek-V4-Flash,博物馆导览讲解,0.0034482758620689655,0.0,0.996551724137931,0.0034482758620689655
46af2ef3466d,DeepSeek-V4-Flash,历史场景叙事,0.0022624434389140274,0.0022624434389140274,0.995475113122172,0.0
5f10ed55cc1d,DeepSeek-V4-Flash,沉浸式体验设计,0.0035587188612099642,0.0,0.99644128113879,0.0035587188612099642
8b83826fabe5,Pro-Kimi-K2.6,博物馆导览讲解,0.0,0.0,1.0,0.0
1f1b552298ff,Pro-Kimi-K2.6,历史场景叙事,0.0,0.0,1.0,0.0
4289fc835fff,Pro-Kimi-K2.6,沉浸式体验设计,0.0,0.0014814814814814814,0.9985185185185185,-0.0014814814814814814
df26d58b80be,Pro-Kimi-K2.6,博物馆导览讲解,0.004032258064516129,0.004032258064516129,0.9919354838709677,0.0
50ea60364075,Pro-Kimi-K2.6,历史场景叙事,0.0,0.0,1.0,0.0
3b962abcd9e9,Pro-Kimi-K2.6,沉浸式体验设计,0.0,0.0,1.0,0.0
52937f227f4b,Pro-Kimi-K2.6,博物馆导览讲解,0.002380952380952381,0.004761904761904762,0.9928571428571429,-0.002380952380952381
d29c818353b2,Pro-Kimi-K2.6,历史场景叙事,0.005457025920873124,0.0,0.9945429740791268,0.005457025920873124
98d9f962d79b,Pro-Kimi-K2.6,沉浸式体验设计,0.0,0.004373177842565598,0.9956268221574344,-0.004373177842565598
c0fa02361042,Pro-Kimi-K2.6,博物馆导览讲解,0.0,0.00411522633744856,0.9958847736625515,-0.00411522633744856
c900c432d89c,Pro-Kimi-K2.6,历史场景叙事,0.002717391304347826,0.0,0.9972826086956522,0.002717391304347826
a96d9484bd80,Pro-Kimi-K2.6,沉浸式体验设计,0.0,0.0015455950540958269,0.9984544049459042,-0.0015455950540958269
64151b5518af,Pro-Kimi-K2.6,博物馆导览讲解,0.0,0.0,1.0,0.0
9dafdefa692c,Pro-Kimi-K2.6,历史场景叙事,0.0044444444444444444,0.0022222222222222222,0.9933333333333333,0.0022222222222222222
3ba1e01de707,Pro-Kimi-K2.6,沉浸式体验设计,0.0,0.004392386530014641,0.9956076134699854,-0.004392386530014641
112509eac517,Pro-Kimi-K2.6,博物馆导览讲解,0.012084592145015106,0.0030211480362537764,0.9848942598187311,0.00906344410876133
70dc8122a4c6,Pro-Kimi-K2.6,历史场景叙事,0.0,0.002320185614849188,0.9976798143851509,-0.002320185614849188
ddcc36dd0e06,Pro-Kimi-K2.6,沉浸式体验设计,0.0015408320493066256,0.0015408320493066256,0.9969183359013868,0.0
c9e02d3409ee,Pro-Kimi-K2.6,博物馆导览讲解,0.0,0.0,1.0,0.0
d0c86b64f083,Pro-Kimi-K2.6,历史场景叙事,0.0,0.0,1.0,0.0
a9507bf95fba,Pro-Kimi-K2.6,沉浸式体验设计,0.0,0.0015698587127158557,0.9984301412872841,-0.0015698587127158557
3b59083d5b0f,Pro-Kimi-K2.6,博物馆导览讲解,0.0,0.0,1.0,0.0
315daa5e05d3,Pro-Kimi-K2.6,历史场景叙事,0.0,0.002127659574468085,0.997872340425532,-0.002127659574468085
8b82341e799a,Pro-Kimi-K2.6,沉浸式体验设计,0.0015600624024961,0.0031201248049922,0.9953198127925117,-0.0015600624024961
86b2943fe0b7,Pro-Kimi-K2.6,博物馆导览讲解,0.0034965034965034965,0.013986013986013986,0.9825174825174825,-0.01048951048951049
61cb991294d5,Pro-Kimi-K2.6,历史场景叙事,0.0017271157167530224,0.0,0.998272884283247,0.0017271157167530224
57b06f3dbb51,Pro-Kimi-K2.6,沉浸式体验设计,0.001519756838905775,0.001519756838905775,0.9969604863221885,0.0
6ffd5d61c97f,Pro-Kimi-K2.6,博物馆导览讲解,0.0,0.0,1.0,0.0
891dbff0b5b1,Pro-Kimi-K2.6,历史场景叙事,0.0,0.0025974025974025974,0.9974025974025974,-0.0025974025974025974
95576f4189e6,Pro-Kimi-K2.6,沉浸式体验设计,0.0016891891891891893,0.0033783783783783786,0.9949324324324325,-0.0016891891891891893
55e08571ee12,Pro-Kimi-K2.6,博物馆导览讲解,0.002680965147453083,0.002680965147453083,0.9946380697050938,0.0
728e259fcae4,Pro-Kimi-K2.6,历史场景叙事,0.0019723865877712033,0.0,0.9980276134122288,0.0019723865877712033
4283d8a88ff4,Pro-Kimi-K2.6,沉浸式体验设计,0.0015408320493066256,0.0015408320493066256,0.9969183359013868,0.0
21f4a3ec2dec,Pro-Kimi-K2.6,博物馆导览讲解,0.0031446540880503146,0.006289308176100629,0.9905660377358491,-0.0031446540880503146
9c2267f06c6e,Pro-Kimi-K2.6,历史场景叙事,0.0022123893805309734,0.0,0.9977876106194691,0.0022123893805309734
8d6ebe322ae2,Pro-Kimi-K2.6,沉浸式体验设计,0.001652892561983471,0.001652892561983471,0.996694214876033,0.0
80d1985e6854,Pro-Kimi-K2.6,博物馆导览讲解,0.010452961672473868,0.006968641114982578,0.9825783972125436,0.003484320557491289
1ebb7e52002d,Pro-Kimi-K2.6,历史场景叙事,0.0,0.0,1.0,0.0
354f234416d6,Pro-Kimi-K2.6,沉浸式体验设计,0.0,0.001610305958132045,0.998389694041868,-0.001610305958132045
3507bcd971b5,Pro-Kimi-K2.6,博物馆导览讲解,0.002898550724637681,0.0,0.9971014492753624,0.002898550724637681
c59ac7a963f3,Pro-Kimi-K2.6,历史场景叙事,0.008174386920980926,0.0,0.9918256130790191,0.008174386920980926
dad693c2cc37,Pro-Kimi-K2.6,沉浸式体验设计,0.007987220447284345,0.003194888178913738,0.9888178913738019,0.004792332268370607
264a7cb2d359,Pro-Kimi-K2.6,博物馆导览讲解,0.005934718100890208,0.0,0.9940652818991098,0.005934718100890208
34065ff235bd,Pro-Kimi-K2.6,历史场景叙事,0.002531645569620253,0.0,0.9974683544303797,0.002531645569620253
ee01b34881b3,Pro-Kimi-K2.6,沉浸式体验设计,0.0015384615384615385,0.0015384615384615385,0.9969230769230769,0.0
288446134a7e,Pro-Kimi-K2.6,博物馆导览讲解,0.0,0.002976190476190476,0.9970238095238095,-0.002976190476190476
65448d0d9423,Pro-Kimi-K2.6,历史场景叙事,0.0,0.0,1.0,0.0
070cd67602c8,Pro-Kimi-K2.6,沉浸式体验设计,0.0,0.0015552099533437014,0.9984447900466563,-0.0015552099533437014
ff63d174c1b0,Pro-Kimi-K2.6,博物馆导览讲解,0.0,0.0,1.0,0.0
c0d7286373ca,Pro-Kimi-K2.6,历史场景叙事,0.0019230769230769232,0.0,0.9980769230769231,0.0019230769230769232
c70f4f4591ca,Pro-Kimi-K2.6,沉浸式体验设计,0.0016806722689075631,0.0033613445378151263,0.9949579831932773,-0.0016806722689075631
059148dde2e5,Pro-Kimi-K2.6,博物馆导览讲解,0.005847953216374269,0.0,0.9941520467836257,0.005847953216374269
9fa3aeb47b85,Pro-Kimi-K2.6,历史场景叙事,0.0,0.0,1.0,0.0
d8ae1a80fd7f,Pro-Kimi-K2.6,沉浸式体验设计,0.003669724770642202,0.0,0.9963302752293578,0.003669724770642202
c282529d6850,Pro-Kimi-K2.6,博物馆导览讲解,0.007853403141361256,0.002617801047120419,0.9895287958115183,0.005235602094240838
c62c72dc343e,Pro-Kimi-K2.6,历史场景叙事,0.0054446460980036296,0.0,0.9945553539019963,0.0054446460980036296
eb4edc70655e,Pro-Kimi-K2.6,沉浸式体验设计,0.0045662100456621,0.0030441400304414,0.9923896499238964,0.0015220700152207
e140e2c53470,Pro-Kimi-K2.6,博物馆导览讲解,0.0035714285714285713,0.0035714285714285713,0.9928571428571429,0.0
6a853a820e2d,Pro-Kimi-K2.6,历史场景叙事,0.004329004329004329,0.0021645021645021645,0.9935064935064936,0.0021645021645021645
e63866811c34,Pro-Kimi-K2.6,沉浸式体验设计,0.003527336860670194,0.001763668430335097,0.9947089947089947,0.001763668430335097
7ffb0074d834,Pro-GLM-5.1,博物馆导览讲解,0.0,0.003236245954692557,0.9967637540453075,-0.003236245954692557
292724708078,Pro-GLM-5.1,历史场景叙事,0.0,0.003663003663003663,0.9963369963369964,-0.003663003663003663
6555f0b57d7b,Pro-GLM-5.1,沉浸式体验设计,0.0,0.009153318077803204,0.9908466819221968,-0.009153318077803204
934c77ff1aae,Pro-GLM-5.1,博物馆导览讲解,0.006042296072507553,0.0030211480362537764,0.9909365558912386,0.0030211480362537764
f841640da9b9,Pro-GLM-5.1,历史场景叙事,0.0,0.0,1.0,0.0
655bcb1d5aaa,Pro-GLM-5.1,沉浸式体验设计,0.0021231422505307855,0.0,0.9978768577494692,0.0021231422505307855
4ab1632c4fbd,Pro-GLM-5.1,博物馆导览讲解,0.0,0.0027548209366391185,0.9972451790633609,-0.0027548209366391185
3f9667dc7138,Pro-GLM-5.1,历史场景叙事,0.006622516556291391,0.002207505518763797,0.9911699779249448,0.004415011037527594
d0689f3c41d4,Pro-GLM-5.1,沉浸式体验设计,0.0021929824561403508,0.0,0.9978070175438597,0.0021929824561403508
9d98ddf28f82,Pro-GLM-5.1,博物馆导览讲解,0.007575757575757576,0.003787878787878788,0.9886363636363636,0.003787878787878788
cae6dc1f7e2d,Pro-GLM-5.1,历史场景叙事,0.009900990099009901,0.0,0.9900990099009901,0.009900990099009901
83efd5d737f6,Pro-GLM-5.1,沉浸式体验设计,0.002331002331002331,0.004662004662004662,0.993006993006993,-0.002331002331002331
98e861caa3e7,Pro-GLM-5.1,博物馆导览讲解,0.0035971223021582736,0.0,0.9964028776978417,0.0035971223021582736
b563952e3f26,Pro-GLM-5.1,历史场景叙事,0.006622516556291391,0.0,0.9933774834437086,0.006622516556291391
b16c35fa7b9e,Pro-GLM-5.1,沉浸式体验设计,0.0022675736961451248,0.0022675736961451248,0.9954648526077098,0.0
fb38041fd879,Pro-GLM-5.1,博物馆导览讲解,0.010752688172043012,0.0035842293906810036,0.985663082437276,0.007168458781362007
53a77413e363,Pro-GLM-5.1,历史场景叙事,0.002570694087403599,0.0,0.9974293059125964,0.002570694087403599
a4fae1137e4b,Pro-GLM-5.1,沉浸式体验设计,0.0020161290322580645,0.006048387096774193,0.9919354838709677,-0.004032258064516129
18d0ca5c3701,Pro-GLM-5.1,博物馆导览讲解,0.006172839506172839,0.0,0.9938271604938271,0.006172839506172839
615e339e29a0,Pro-GLM-5.1,历史场景叙事,0.0,0.0,1.0,0.0
d21accdb19ec,Pro-GLM-5.1,沉浸式体验设计,0.0,0.0021321961620469083,0.997867803837953,-0.0021321961620469083
c17220e1188f,Pro-GLM-5.1,博物馆导览讲解,0.0,0.0030303030303030303,0.996969696969697,-0.0030303030303030303
fb3e381ea79a,Pro-GLM-5.1,历史场景叙事,0.002506265664160401,0.0,0.9974937343358395,0.002506265664160401
dfb910161d89,Pro-GLM-5.1,沉浸式体验设计,0.0045871559633027525,0.0,0.9954128440366973,0.0045871559633027525
5c4d4b9ceb56,Pro-GLM-5.1,博物馆导览讲解,0.011396011396011397,0.005698005698005698,0.9829059829059829,0.005698005698005698
3ca11b0b43c1,Pro-GLM-5.1,历史场景叙事,0.002325581395348837,0.0,0.9976744186046511,0.002325581395348837
1d72640f1912,Pro-GLM-5.1,沉浸式体验设计,0.002188183807439825,0.0,0.9978118161925602,0.002188183807439825
be8bb449c7c8,Pro-GLM-5.1,博物馆导览讲解,0.012875536480686695,0.004291845493562232,0.9828326180257511,0.008583690987124463
b17c5c02cfab,Pro-GLM-5.1,历史场景叙事,0.002840909090909091,0.0,0.9971590909090909,0.002840909090909091
12f41ec70c52,Pro-GLM-5.1,沉浸式体验设计,0.0,0.002403846153846154,0.9975961538461539,-0.002403846153846154
18bc4148c00f,Pro-GLM-5.1,博物馆导览讲解,0.00911854103343465,0.0060790273556231,0.9848024316109423,0.00303951367781155
b1bad842cc72,Pro-GLM-5.1,历史场景叙事,0.005698005698005698,0.002849002849002849,0.9914529914529915,0.002849002849002849
74dc634e1238,Pro-GLM-5.1,沉浸式体验设计,0.00468384074941452,0.00468384074941452,0.990632318501171,0.0
f48dafa95ac7,Pro-GLM-5.1,博物馆导览讲解,0.0030211480362537764,0.0,0.9969788519637462,0.0030211480362537764
8ae2ffdea2af,Pro-GLM-5.1,历史场景叙事,0.0022935779816513763,0.0045871559633027525,0.9931192660550459,-0.0022935779816513763
ec272d846bda,Pro-GLM-5.1,沉浸式体验设计,0.002008032128514056,0.002008032128514056,0.9959839357429718,0.0
de131a911caa,Pro-GLM-5.1,博物馆导览讲解,0.004219409282700422,0.004219409282700422,0.9915611814345991,0.0
2bf1af33b726,Pro-GLM-5.1,历史场景叙事,0.003278688524590164,0.003278688524590164,0.9934426229508196,0.0
af2792bb9d89,Pro-GLM-5.1,沉浸式体验设计,0.0021929824561403508,0.0021929824561403508,0.9956140350877193,0.0
4d76b5d1fdf3,Pro-GLM-5.1,博物馆导览讲解,0.003389830508474576,0.0,0.9966101694915255,0.003389830508474576
d9581c34559f,Pro-GLM-5.1,历史场景叙事,0.0,0.0,1.0,0.0
381703361694,Pro-GLM-5.1,沉浸式体验设计,0.007832898172323759,0.0026109660574412533,0.9895561357702349,0.005221932114882507
be9dd7963519,Pro-GLM-5.1,博物馆导览讲解,0.006430868167202572,0.0,0.9935691318327974,0.006430868167202572
c358cf2ce880,Pro-GLM-5.1,历史场景叙事,0.0,0.0026246719160104987,0.9973753280839895,-0.0026246719160104987
10f66a43b9cf,Pro-GLM-5.1,沉浸式体验设计,0.004576659038901602,0.006864988558352402,0.988558352402746,-0.002288329519450801
c3b1459cff2c,Pro-GLM-5.1,博物馆导览讲解,0.0034482758620689655,0.0,0.996551724137931,0.0034482758620689655
c6917cb59c8d,Pro-GLM-5.1,历史场景叙事,0.002857142857142857,0.002857142857142857,0.9942857142857143,0.0
5c58e9ddbe43,Pro-GLM-5.1,沉浸式体验设计,0.0042643923240938165,0.0,0.9957356076759062,0.0042643923240938165
c6c1171dd0de,Pro-GLM-5.1,博物馆导览讲解,0.010344827586206896,0.0034482758620689655,0.9862068965517241,0.006896551724137931
dc96785b3640,Pro-GLM-5.1,历史场景叙事,0.0033112582781456954,0.006622516556291391,0.9900662251655629,-0.0033112582781456954
9e35cfce6e6d,Pro-GLM-5.1,沉浸式体验设计,0.0,0.0023923444976076554,0.9976076555023924,-0.0023923444976076554
9c45da050898,Pro-GLM-5.1,博物馆导览讲解,0.015384615384615385,0.003076923076923077,0.9815384615384616,0.012307692307692308
f14192331a32,Pro-GLM-5.1,历史场景叙事,0.002849002849002849,0.0,0.9971509971509972,0.002849002849002849
1712be96722b,Pro-GLM-5.1,沉浸式体验设计,0.0,0.0,1.0,0.0
98420142f954,Pro-GLM-5.1,博物馆导览讲解,0.005571030640668524,0.008356545961002786,0.9860724233983287,-0.002785515320334262
0e7717dab730,Pro-GLM-5.1,历史场景叙事,0.004901960784313725,0.00980392156862745,0.9852941176470589,-0.004901960784313725
0b3eb2d80230,Pro-GLM-5.1,沉浸式体验设计,0.004008016032064128,0.004008016032064128,0.9919839679358717,0.0
fc387ae150fe,Pro-GLM-5.1,博物馆导览讲解,0.00684931506849315,0.003424657534246575,0.9897260273972602,0.003424657534246575
ba9aa5715ea1,Pro-GLM-5.1,历史场景叙事,0.0027548209366391185,0.0,0.9972451790633609,0.0027548209366391185
02e498d7f583,Pro-GLM-5.1,沉浸式体验设计,0.002369668246445498,0.002369668246445498,0.995260663507109,0.0
329cdb6a3ade,Nex-N2-Pro,博物馆导览讲解,0.0,0.0,1.0,0.0
a0840358ebac,Nex-N2-Pro,历史场景叙事,0.0,0.0,1.0,0.0
886c2bc99205,Nex-N2-Pro,沉浸式体验设计,0.0,0.0,1.0,0.0
54cee666b8b6,Nex-N2-Pro,博物馆导览讲解,0.0,0.0,1.0,0.0
c6f20720271c,Nex-N2-Pro,历史场景叙事,0.003401360544217687,0.0,0.9965986394557823,0.003401360544217687
fbd179723986,Nex-N2-Pro,沉浸式体验设计,0.0,0.0,1.0,0.0
562295575f5d,Nex-N2-Pro,博物馆导览讲解,0.0,0.0,1.0,0.0
59cb8e7b83e6,Nex-N2-Pro,历史场景叙事,0.0,0.0,1.0,0.0
11587646057b,Nex-N2-Pro,沉浸式体验设计,0.0,0.0,1.0,0.0
1aa4917b00b9,Nex-N2-Pro,博物馆导览讲解,0.0,0.0,1.0,0.0
81797b7cd721,Nex-N2-Pro,历史场景叙事,0.0,0.0,1.0,0.0
742298273455,Nex-N2-Pro,沉浸式体验设计,0.0,0.0,1.0,0.0
aeef8c803367,Nex-N2-Pro,博物馆导览讲解,0.0,0.0,1.0,0.0
1ea6d138ec36,Nex-N2-Pro,历史场景叙事,0.0,0.0,1.0,0.0
e3e2aa984959,Nex-N2-Pro,沉浸式体验设计,0.0,0.0,1.0,0.0
9bbefcc97069,Nex-N2-Pro,博物馆导览讲解,0.0,0.0,1.0,0.0
40dcf7b89438,Nex-N2-Pro,历史场景叙事,0.0,0.0,1.0,0.0
bf5787467761,Nex-N2-Pro,沉浸式体验设计,0.0,0.0,1.0,0.0
0f10c74b036e,Nex-N2-Pro,博物馆导览讲解,0.0,0.0,1.0,0.0
9ec6626274ab,Nex-N2-Pro,历史场景叙事,0.0,0.0,1.0,0.0
bd7e47c675fc,Nex-N2-Pro,沉浸式体验设计,0.0,0.0,1.0,0.0
bc017d35499c,Nex-N2-Pro,博物馆导览讲解,0.0,0.0,1.0,0.0
53d7690cb429,Nex-N2-Pro,历史场景叙事,0.0,0.0,1.0,0.0
9e60410c11f3,Nex-N2-Pro,沉浸式体验设计,0.0,0.0,1.0,0.0
ee3fd7a1193e,Nex-N2-Pro,博物馆导览讲解,0.0,0.0,1.0,0.0
20b7cf264c52,Nex-N2-Pro,历史场景叙事,0.0,0.0,1.0,0.0
e7ced8903d81,Nex-N2-Pro,沉浸式体验设计,0.0,0.0,1.0,0.0
9c63ceda0682,Nex-N2-Pro,博物馆导览讲解,0.0,0.0,1.0,0.0
10662f5268d1,Nex-N2-Pro,历史场景叙事,0.0,0.0,1.0,0.0
d974c8eaf918,Nex-N2-Pro,沉浸式体验设计,0.0,0.0,1.0,0.0
b63d09d56828,Nex-N2-Pro,博物馆导览讲解,0.006944444444444444,0.003472222222222222,0.9895833333333334,0.003472222222222222
95976cd48262,Nex-N2-Pro,历史场景叙事,0.0,0.0,1.0,0.0
3648cd08ddf0,Nex-N2-Pro,沉浸式体验设计,0.0,0.0,1.0,0.0
e08b81f3e1f4,Nex-N2-Pro,博物馆导览讲解,0.0,0.0,1.0,0.0
fb3def0f7e33,Nex-N2-Pro,历史场景叙事,0.0,0.0,1.0,0.0
cbb39fde994e,Nex-N2-Pro,沉浸式体验设计,0.0,0.0,1.0,0.0
980b1509e285,Nex-N2-Pro,博物馆导览讲解,0.0,0.0,1.0,0.0
d6c7accf083c,Nex-N2-Pro,历史场景叙事,0.0,0.0,1.0,0.0
30620aab66f6,Nex-N2-Pro,沉浸式体验设计,0.0,0.0,1.0,0.0
c709c2c5a121,Nex-N2-Pro,博物馆导览讲解,0.0,0.0,1.0,0.0
f4d19c811602,Nex-N2-Pro,历史场景叙事,0.0,0.0,1.0,0.0
dbf916bbc0e3,Nex-N2-Pro,沉浸式体验设计,0.0,0.0,1.0,0.0
6e041955c5be,Nex-N2-Pro,博物馆导览讲解,0.0,0.0,1.0,0.0
941593ce884e,Nex-N2-Pro,历史场景叙事,0.0,0.0,1.0,0.0
cbfa90005336,Nex-N2-Pro,沉浸式体验设计,0.0,0.0,1.0,0.0
5867f25a24ad,Nex-N2-Pro,博物馆导览讲解,0.0,0.0,1.0,0.0
472f37c24663,Nex-N2-Pro,历史场景叙事,0.0,0.0,1.0,0.0
c81f9a2c569a,Nex-N2-Pro,沉浸式体验设计,0.0,0.0,1.0,0.0
e9f01b3da5b9,Nex-N2-Pro,博物馆导览讲解,0.011320754716981131,0.0037735849056603774,0.9849056603773585,0.007547169811320755
d29698127c5a,Nex-N2-Pro,历史场景叙事,0.0,0.0,1.0,0.0
db8250895472,Nex-N2-Pro,沉浸式体验设计,0.0,0.0,1.0,0.0
211eda708136,Nex-N2-Pro,博物馆导览讲解,0.0,0.0,1.0,0.0
4e76a751d431,Nex-N2-Pro,历史场景叙事,0.0,0.0,1.0,0.0
cbb7c259327c,Nex-N2-Pro,沉浸式体验设计,0.0,0.0,1.0,0.0
3f64297c392a,Nex-N2-Pro,博物馆导览讲解,0.0,0.0,1.0,0.0
231339a51527,Nex-N2-Pro,历史场景叙事,0.0,0.0,1.0,0.0
449ed3518048,Nex-N2-Pro,沉浸式体验设计,0.0,0.0,1.0,0.0
c65159440ac6,Nex-N2-Pro,博物馆导览讲解,0.0,0.0,1.0,0.0
82cf7a1f4cff,Nex-N2-Pro,历史场景叙事,0.0,0.0,1.0,0.0
45a25d0d2b5a,Nex-N2-Pro,沉浸式体验设计,0.0,0.0,1.0,0.0
b889ff11d36b,MiniMax-M2.5,博物馆导览讲解,0.005291005291005291,0.0,0.9947089947089947,0.005291005291005291
867f3be8ad93,MiniMax-M2.5,历史场景叙事,0.0,0.0,1.0,0.0
02c95d59b793,MiniMax-M2.5,沉浸式体验设计,0.0,0.0,1.0,0.0
d8540a0cf942,MiniMax-M2.5,博物馆导览讲解,0.007352941176470588,0.003676470588235294,0.9889705882352942,0.003676470588235294
f7031a716904,MiniMax-M2.5,历史场景叙事,0.0,0.0,1.0,0.0
95aaed5b9809,MiniMax-M2.5,沉浸式体验设计,0.0,0.0,1.0,0.0
848a50da8a33,MiniMax-M2.5,博物馆导览讲解,0.00872093023255814,0.005813953488372093,0.9854651162790697,0.0029069767441860465
9c59e65798a8,MiniMax-M2.5,历史场景叙事,0.011547344110854504,0.0,0.9884526558891455,0.011547344110854504
9b5457c1f899,MiniMax-M2.5,沉浸式体验设计,0.0019880715705765406,0.0019880715705765406,0.9960238568588469,0.0
27a93bce51ae,MiniMax-M2.5,博物馆导览讲解,0.005277044854881266,0.002638522427440633,0.9920844327176781,0.002638522427440633
9f74dbed7f13,MiniMax-M2.5,历史场景叙事,0.0035460992907801418,0.0,0.9964539007092199,0.0035460992907801418
3a341f99a285,MiniMax-M2.5,沉浸式体验设计,0.008503401360544218,0.00510204081632653,0.9863945578231292,0.003401360544217687
bbd0d1a21d9b,MiniMax-M2.5,博物馆导览讲解,0.009389671361502348,0.0,0.9906103286384976,0.009389671361502348
0352235727f2,MiniMax-M2.5,历史场景叙事,0.00816326530612245,0.0,0.9918367346938776,0.00816326530612245
ee50ced272b3,MiniMax-M2.5,沉浸式体验设计,0.0,0.0017761989342806395,0.9982238010657194,-0.0017761989342806395
53c0011d0d8e,MiniMax-M2.5,博物馆导览讲解,0.006060606060606061,0.006060606060606061,0.9878787878787879,0.0
57ecf0d05f1d,MiniMax-M2.5,历史场景叙事,0.006369426751592357,0.0,0.9936305732484076,0.006369426751592357
bcae5b95c245,MiniMax-M2.5,沉浸式体验设计,0.00546448087431694,0.0036429872495446266,0.9908925318761385,0.0018214936247723133
a69dbf92a716,MiniMax-M2.5,博物馆导览讲解,0.006042296072507553,0.0,0.9939577039274925,0.006042296072507553
2038a4e04822,MiniMax-M2.5,历史场景叙事,0.0,0.0,1.0,0.0
440b43d85f71,MiniMax-M2.5,沉浸式体验设计,0.0035842293906810036,0.0017921146953405018,0.9946236559139785,0.0017921146953405018
226173715a0b,MiniMax-M2.5,博物馆导览讲解,0.00425531914893617,0.0,0.9957446808510638,0.00425531914893617
b0e917a82cbf,MiniMax-M2.5,历史场景叙事,0.0,0.0,1.0,0.0
603fe58763ff,MiniMax-M2.5,沉浸式体验设计,0.0018484288354898336,0.0018484288354898336,0.9963031423290203,0.0
b5a67c456707,MiniMax-M2.5,博物馆导览讲解,0.00411522633744856,0.0,0.9958847736625515,0.00411522633744856
b07032a9b42a,MiniMax-M2.5,历史场景叙事,0.009316770186335404,0.0,0.9906832298136646,0.009316770186335404
c2fc35f8a6d1,MiniMax-M2.5,沉浸式体验设计,0.003738317757009346,0.0,0.9962616822429906,0.003738317757009346
ef0814ab2178,MiniMax-M2.5,博物馆导览讲解,0.0,0.0038910505836575876,0.9961089494163424,-0.0038910505836575876
d7b0662f3d4e,MiniMax-M2.5,历史场景叙事,0.002932551319648094,0.0,0.9970674486803519,0.002932551319648094
7e2fdaf2f8bf,MiniMax-M2.5,沉浸式体验设计,0.0070921985815602835,0.0,0.9929078014184397,0.0070921985815602835
b95ca460cb16,MiniMax-M2.5,博物馆导览讲解,0.00641025641025641,0.0,0.9935897435897436,0.00641025641025641
9b9c5fd83347,MiniMax-M2.5,历史场景叙事,0.004901960784313725,0.00980392156862745,0.9852941176470589,-0.004901960784313725
56465d797e61,MiniMax-M2.5,沉浸式体验设计,0.0033003300330033004,0.0033003300330033004,0.9933993399339934,0.0
0eb4795c3def,MiniMax-M2.5,博物馆导览讲解,0.0,0.0037313432835820895,0.996268656716418,-0.0037313432835820895
73d2d5cd339c,MiniMax-M2.5,历史场景叙事,0.005681818181818182,0.0,0.9943181818181818,0.005681818181818182
8ace1017241a,MiniMax-M2.5,沉浸式体验设计,0.0,0.003305785123966942,0.996694214876033,-0.003305785123966942
cdbe741b514e,MiniMax-M2.5,博物馆导览讲解,0.004629629629629629,0.0,0.9953703703703703,0.004629629629629629
d2247366cd92,MiniMax-M2.5,历史场景叙事,0.006153846153846154,0.0,0.9938461538461538,0.006153846153846154
c5cd34513bdf,MiniMax-M2.5,沉浸式体验设计,0.0,0.002105263157894737,0.9978947368421053,-0.002105263157894737
f15e214752a3,MiniMax-M2.5,博物馆导览讲解,0.010169491525423728,0.0,0.9898305084745763,0.010169491525423728
c238f8ee21fc,MiniMax-M2.5,历史场景叙事,0.007936507936507936,0.0,0.9920634920634921,0.007936507936507936
81b13b32fc4c,MiniMax-M2.5,沉浸式体验设计,0.0,0.0,1.0,0.0
7bd7afaa7a32,MiniMax-M2.5,博物馆导览讲解,0.004016064257028112,0.004016064257028112,0.9919678714859438,0.0
03ffbf446b74,MiniMax-M2.5,历史场景叙事,0.0,0.0,1.0,0.0
5a5d2a2bc806,MiniMax-M2.5,沉浸式体验设计,0.0033112582781456954,0.0033112582781456954,0.9933774834437086,0.0
183172edfbab,MiniMax-M2.5,博物馆导览讲解,0.013452914798206279,0.0,0.9865470852017937,0.013452914798206279
6b0868224e68,MiniMax-M2.5,历史场景叙事,0.0,0.0,1.0,0.0
30909d991d0d,MiniMax-M2.5,沉浸式体验设计,0.0020876826722338203,0.0,0.9979123173277662,0.0020876826722338203
f9bebd2a2b84,MiniMax-M2.5,博物馆导览讲解,0.0036900369003690036,0.0036900369003690036,0.992619926199262,0.0
8b933740be98,MiniMax-M2.5,历史场景叙事,0.0,0.0,1.0,0.0
6c80f5b627f1,MiniMax-M2.5,沉浸式体验设计,0.006802721088435374,0.0,0.9931972789115646,0.006802721088435374
f451042b5ff5,MiniMax-M2.5,博物馆导览讲解,0.007462686567164179,0.0,0.9925373134328358,0.007462686567164179
ff41977910fd,MiniMax-M2.5,历史场景叙事,0.0032258064516129032,0.0,0.9967741935483871,0.0032258064516129032
69faf9a97b01,MiniMax-M2.5,沉浸式体验设计,0.004149377593360996,0.0,0.995850622406639,0.004149377593360996
848f30762fe6,MiniMax-M2.5,博物馆导览讲解,0.011940298507462687,0.0029850746268656717,0.9850746268656716,0.008955223880597015
7534c5ac54d1,MiniMax-M2.5,历史场景叙事,0.0029239766081871343,0.0,0.9970760233918129,0.0029239766081871343
7973e292a7fd,MiniMax-M2.5,沉浸式体验设计,0.0,0.0,1.0,0.0
e66ae98d2f06,MiniMax-M2.5,博物馆导览讲解,0.004310344827586207,0.0,0.9956896551724138,0.004310344827586207
bda7240c78ce,MiniMax-M2.5,历史场景叙事,0.004405286343612335,0.0,0.9955947136563876,0.004405286343612335
09504460b63b,MiniMax-M2.5,沉浸式体验设计,0.0017152658662092624,0.0017152658662092624,0.9965694682675815,0.0
98b93065128f,Pro-MiniMax-M2.5,博物馆导览讲解,0.007547169811320755,0.0037735849056603774,0.9886792452830189,0.0037735849056603774
f26051dadfa7,Pro-MiniMax-M2.5,历史场景叙事,0.0058823529411764705,0.0,0.9941176470588236,0.0058823529411764705
2ba023d5970e,Pro-MiniMax-M2.5,沉浸式体验设计,0.001841620626151013,0.0,0.998158379373849,0.001841620626151013
9cf4594dfd49,Pro-MiniMax-M2.5,博物馆导览讲解,0.010067114093959731,0.0,0.9899328859060402,0.010067114093959731
a7efca6ba2a2,Pro-MiniMax-M2.5,历史场景叙事,0.0038022813688212928,0.0,0.9961977186311787,0.0038022813688212928
98b3d3f6c94b,Pro-MiniMax-M2.5,沉浸式体验设计,0.002061855670103093,0.002061855670103093,0.9958762886597938,0.0
65a70d5a704b,Pro-MiniMax-M2.5,博物馆导览讲解,0.010638297872340425,0.005319148936170213,0.9840425531914894,0.005319148936170213
05ffd87b3af2,Pro-MiniMax-M2.5,历史场景叙事,0.001838235294117647,0.001838235294117647,0.9963235294117647,0.0
87da0410540f,Pro-MiniMax-M2.5,沉浸式体验设计,0.007104795737122558,0.0,0.9928952042628775,0.007104795737122558
b27ccb8b5628,Pro-MiniMax-M2.5,博物馆导览讲解,0.014450867052023121,0.011560693641618497,0.9739884393063584,0.002890173410404624
7b8fae3baf1c,Pro-MiniMax-M2.5,历史场景叙事,0.005361930294906166,0.0,0.9946380697050938,0.005361930294906166
dfbecbbeab7b,Pro-MiniMax-M2.5,沉浸式体验设计,0.0019646365422396855,0.0,0.9980353634577603,0.0019646365422396855
32cf2fc01b13,Pro-MiniMax-M2.5,博物馆导览讲解,0.002257336343115124,0.004514672686230248,0.9932279909706546,-0.002257336343115124
c1eae70d6961,Pro-MiniMax-M2.5,历史场景叙事,0.0,0.0,1.0,0.0
be1c14173625,Pro-MiniMax-M2.5,沉浸式体验设计,0.0017006802721088435,0.0017006802721088435,0.9965986394557823,0.0
ec3d645ebab7,Pro-MiniMax-M2.5,博物馆导览讲解,0.0,0.0,1.0,0.0
3988e8b5db95,Pro-MiniMax-M2.5,历史场景叙事,0.0,0.0,1.0,0.0
488a03b63374,Pro-MiniMax-M2.5,沉浸式体验设计,0.0057251908396946565,0.0,0.9942748091603053,0.0057251908396946565
7f18f2e2c5e1,Pro-MiniMax-M2.5,博物馆导览讲解,0.003236245954692557,0.0,0.9967637540453075,0.003236245954692557
aef942facfdf,Pro-MiniMax-M2.5,历史场景叙事,0.003787878787878788,0.0,0.9962121212121212,0.003787878787878788
cca459d730f2,Pro-MiniMax-M2.5,沉浸式体验设计,0.0017421602787456446,0.0,0.9982578397212544,0.0017421602787456446
ab4deae8e5da,Pro-MiniMax-M2.5,博物馆导览讲解,0.010135135135135136,0.0,0.9898648648648649,0.010135135135135136
3c53b34f7e39,Pro-MiniMax-M2.5,历史场景叙事,0.0,0.0,1.0,0.0
39fe88b1ba07,Pro-MiniMax-M2.5,沉浸式体验设计,0.004132231404958678,0.002066115702479339,0.993801652892562,0.002066115702479339
7a7b0c9c92e1,Pro-MiniMax-M2.5,博物馆导览讲解,0.0021413276231263384,0.004282655246252677,0.9935760171306209,-0.0021413276231263384
b817832dd263,Pro-MiniMax-M2.5,历史场景叙事,0.0016778523489932886,0.0,0.9983221476510067,0.0016778523489932886
563628c4fcfd,Pro-MiniMax-M2.5,沉浸式体验设计,0.005110732538330494,0.0017035775127768314,0.9931856899488927,0.0034071550255536627
1238eea50acc,Pro-MiniMax-M2.5,博物馆导览讲解,0.0036363636363636364,0.007272727272727273,0.9890909090909091,-0.0036363636363636364
6153f26449c1,Pro-MiniMax-M2.5,历史场景叙事,0.0037313432835820895,0.0,0.996268656716418,0.0037313432835820895
8403ac968118,Pro-MiniMax-M2.5,沉浸式体验设计,0.006048387096774193,0.0,0.9939516129032258,0.006048387096774193
726dec83c2b2,Pro-MiniMax-M2.5,博物馆导览讲解,0.010526315789473684,0.0,0.9894736842105263,0.010526315789473684
60e6938e2e8b,Pro-MiniMax-M2.5,历史场景叙事,0.0,0.0,1.0,0.0
44f1938b701b,Pro-MiniMax-M2.5,沉浸式体验设计,0.006600660066006601,0.0033003300330033004,0.9900990099009901,0.0033003300330033004
e7429328332d,Pro-MiniMax-M2.5,博物馆导览讲解,0.0,0.006153846153846154,0.9938461538461538,-0.006153846153846154
e6c719ca7337,Pro-MiniMax-M2.5,历史场景叙事,0.0,0.002074688796680498,0.9979253112033195,-0.002074688796680498
3d49102c4e47,Pro-MiniMax-M2.5,沉浸式体验设计,0.001669449081803005,0.001669449081803005,0.996661101836394,0.0
62406ff71bd0,Pro-MiniMax-M2.5,博物馆导览讲解,0.0037313432835820895,0.0,0.996268656716418,0.0037313432835820895
9634724f7a77,Pro-MiniMax-M2.5,历史场景叙事,0.006734006734006734,0.0,0.9932659932659933,0.006734006734006734
5a648c161d6d,Pro-MiniMax-M2.5,沉浸式体验设计,0.001941747572815534,0.001941747572815534,0.996116504854369,0.0
a5a157e2241e,Pro-MiniMax-M2.5,博物馆导览讲解,0.0,0.0,1.0,0.0
7ae8627eb340,Pro-MiniMax-M2.5,历史场景叙事,0.00847457627118644,0.0,0.9915254237288136,0.00847457627118644
fcb6c629e132,Pro-MiniMax-M2.5,沉浸式体验设计,0.0,0.0,1.0,0.0
83add4584d51,Pro-MiniMax-M2.5,博物馆导览讲解,0.005277044854881266,0.002638522427440633,0.9920844327176781,0.002638522427440633
46d2bb0befc5,Pro-MiniMax-M2.5,历史场景叙事,0.0,0.0061162079510703364,0.9938837920489296,-0.0061162079510703364
c7002e5e2173,Pro-MiniMax-M2.5,沉浸式体验设计,0.0038910505836575876,0.0,0.9961089494163424,0.0038910505836575876
77de3aa7b904,Pro-MiniMax-M2.5,博物馆导览讲解,0.00423728813559322,0.00423728813559322,0.9915254237288136,0.0
5fd59aece559,Pro-MiniMax-M2.5,历史场景叙事,0.0,0.0,1.0,0.0
dcec1b50db43,Pro-MiniMax-M2.5,沉浸式体验设计,0.0,0.0,1.0,0.0
4d82f7260bbb,Pro-MiniMax-M2.5,博物馆导览讲解,0.007751937984496124,0.0,0.9922480620155039,0.007751937984496124
2154c7251edc,Pro-MiniMax-M2.5,历史场景叙事,0.0019047619047619048,0.0019047619047619048,0.9961904761904762,0.0
c66eebfd32d4,Pro-MiniMax-M2.5,沉浸式体验设计,0.002127659574468085,0.0,0.997872340425532,0.002127659574468085
de7026ee4ec6,Pro-MiniMax-M2.5,博物馆导览讲解,0.004,0.0,0.996,0.004
cbe334ecc8bf,Pro-MiniMax-M2.5,历史场景叙事,0.0,0.0,1.0,0.0
93c50b096bc8,Pro-MiniMax-M2.5,沉浸式体验设计,0.0,0.0,1.0,0.0
50dc834c20ed,Pro-MiniMax-M2.5,博物馆导览讲解,0.003952569169960474,0.003952569169960474,0.9920948616600791,0.0
f09b2b14c3d2,Pro-MiniMax-M2.5,历史场景叙事,0.0035842293906810036,0.0,0.996415770609319,0.0035842293906810036
11001afb54dd,Pro-MiniMax-M2.5,沉浸式体验设计,0.0032520325203252032,0.0016260162601626016,0.9951219512195122,0.0016260162601626016
6e015311f68f,Pro-MiniMax-M2.5,博物馆导览讲解,0.005076142131979695,0.0,0.9949238578680203,0.005076142131979695
48344b8a6753,Pro-MiniMax-M2.5,历史场景叙事,0.003105590062111801,0.0015527950310559005,0.9953416149068323,0.0015527950310559005
936866e76d43,Pro-MiniMax-M2.5,沉浸式体验设计,0.0047169811320754715,0.0047169811320754715,0.9905660377358491,0.0
4bd505ecd6df,LongCat-2.0,博物馆导览讲解,0.00906344410876133,0.0030211480362537764,0.9879154078549849,0.006042296072507553
343a3ef6f011,LongCat-2.0,历史场景叙事,0.0,0.0,1.0,0.0
f6d4a52b4743,LongCat-2.0,沉浸式体验设计,0.0,0.001949317738791423,0.9980506822612085,-0.001949317738791423
dbcd38f11ed2,LongCat-2.0,博物馆导览讲解,0.0033003300330033004,0.006600660066006601,0.9900990099009901,-0.0033003300330033004
dbecb8c3ecc1,LongCat-2.0,历史场景叙事,0.0047169811320754715,0.0023584905660377358,0.9929245283018868,0.0023584905660377358
524fe16472f6,LongCat-2.0,沉浸式体验设计,0.0,0.0,1.0,0.0
9c9b046c6745,LongCat-2.0,博物馆导览讲解,0.0,0.002,0.998,-0.002
03193f0a99d0,LongCat-2.0,历史场景叙事,0.006172839506172839,0.0,0.9938271604938271,0.006172839506172839
445f337069ee,LongCat-2.0,沉浸式体验设计,0.0,0.0,1.0,0.0
69c0b21b761f,LongCat-2.0,博物馆导览讲解,0.01182033096926714,0.004728132387706856,0.983451536643026,0.0070921985815602835
801530c74901,LongCat-2.0,历史场景叙事,0.0,0.0,1.0,0.0
e228910d1828,LongCat-2.0,沉浸式体验设计,0.00510204081632653,0.0,0.9948979591836735,0.00510204081632653
9863c42272d4,LongCat-2.0,博物馆导览讲解,0.009195402298850575,0.004597701149425287,0.9862068965517241,0.004597701149425287
bc3d087ab7a9,LongCat-2.0,历史场景叙事,0.004424778761061947,0.0022123893805309734,0.9933628318584071,0.0022123893805309734
42b6106ad25a,LongCat-2.0,沉浸式体验设计,0.0,0.0,1.0,0.0
a61356d1d656,LongCat-2.0,博物馆导览讲解,0.00477326968973747,0.002386634844868735,0.9928400954653938,0.002386634844868735
2ef549f1c8f1,LongCat-2.0,历史场景叙事,0.0069767441860465115,0.0,0.9930232558139535,0.0069767441860465115
80d9f7b4f9fc,LongCat-2.0,沉浸式体验设计,0.003992015968063872,0.0,0.9960079840319361,0.003992015968063872
81d31224dbcb,LongCat-2.0,博物馆导览讲解,0.0,0.0,1.0,0.0
81f275028efe,LongCat-2.0,历史场景叙事,0.0,0.0,1.0,0.0
24a775f603c7,LongCat-2.0,沉浸式体验设计,0.0,0.0,1.0,0.0
fcbbc3816039,LongCat-2.0,博物馆导览讲解,0.004301075268817204,0.0,0.9956989247311828,0.004301075268817204
a34bb88c7a71,LongCat-2.0,历史场景叙事,0.0,0.0,1.0,0.0
f4187b648994,LongCat-2.0,沉浸式体验设计,0.0,0.006276150627615063,0.9937238493723849,-0.006276150627615063
36cb1f16e1c1,LongCat-2.0,博物馆导览讲解,0.007079646017699115,0.0017699115044247787,0.9911504424778761,0.005309734513274336
339ba648f2b5,LongCat-2.0,历史场景叙事,0.00375234521575985,0.0,0.9962476547842402,0.00375234521575985
d096af0add08,LongCat-2.0,沉浸式体验设计,0.002028397565922921,0.0,0.9979716024340771,0.002028397565922921
a5a88255e17c,LongCat-2.0,博物馆导览讲解,0.003401360544217687,0.003401360544217687,0.9931972789115646,0.0
670ddbf69535,LongCat-2.0,历史场景叙事,0.0,0.002506265664160401,0.9974937343358395,-0.002506265664160401
ec912398e792,LongCat-2.0,沉浸式体验设计,0.0,0.005128205128205128,0.9948717948717949,-0.005128205128205128
a78845cd91c6,LongCat-2.0,博物馆导览讲解,0.003289473684210526,0.0,0.9967105263157895,0.003289473684210526
13f97bea9e05,LongCat-2.0,历史场景叙事,0.0022222222222222222,0.0,0.9977777777777778,0.0022222222222222222
1a6e2a6bc57f,LongCat-2.0,沉浸式体验设计,0.002079002079002079,0.0,0.997920997920998,0.002079002079002079
95d7f1f8b1b9,LongCat-2.0,博物馆导览讲解,0.002347417840375587,0.007042253521126761,0.9906103286384976,-0.004694835680751174
9b06c22c0b37,LongCat-2.0,历史场景叙事,0.0,0.0,1.0,0.0
8b9810a60c8c,LongCat-2.0,沉浸式体验设计,0.0,0.0028735632183908046,0.9971264367816092,-0.0028735632183908046
f0629e0e9de4,LongCat-2.0,博物馆导览讲解,0.01092896174863388,0.00546448087431694,0.9836065573770492,0.00546448087431694
cb04661dc765,LongCat-2.0,历史场景叙事,0.008287292817679558,0.0,0.9917127071823204,0.008287292817679558
f25f63118557,LongCat-2.0,沉浸式体验设计,0.0,0.0,1.0,0.0
69b5f61a2990,LongCat-2.0,博物馆导览讲解,0.0,0.003952569169960474,0.9960474308300395,-0.003952569169960474
f856deede4f2,LongCat-2.0,历史场景叙事,0.015337423312883436,0.0,0.9846625766871165,0.015337423312883436
4e9c1963be57,LongCat-2.0,沉浸式体验设计,0.008097165991902834,0.004048582995951417,0.9878542510121457,0.004048582995951417
36fcec76d984,LongCat-2.0,博物馆导览讲解,0.016701461377870562,0.0041753653444676405,0.9791231732776617,0.012526096033402923
94dcfced6f5d,LongCat-2.0,历史场景叙事,0.006622516556291391,0.0,0.9933774834437086,0.006622516556291391
0f7834aaf878,LongCat-2.0,沉浸式体验设计,0.0,0.0,1.0,0.0
9b22d1c74769,LongCat-2.0,博物馆导览讲解,0.005813953488372093,0.005813953488372093,0.9883720930232558,0.0
a306c65a7827,LongCat-2.0,历史场景叙事,0.0,0.0,1.0,0.0
b3e7c767ea30,LongCat-2.0,沉浸式体验设计,0.0,0.0,1.0,0.0
071e5f91ff6e,LongCat-2.0,博物馆导览讲解,0.012345679012345678,0.0049382716049382715,0.9827160493827161,0.007407407407407408
4974866150f4,LongCat-2.0,历史场景叙事,0.0021645021645021645,0.0,0.9978354978354979,0.0021645021645021645
923828b7eec3,LongCat-2.0,沉浸式体验设计,0.0,0.0,1.0,0.0
619a276f040f,LongCat-2.0,博物馆导览讲解,0.00967741935483871,0.0,0.9903225806451613,0.00967741935483871
05f7059d4a04,LongCat-2.0,历史场景叙事,0.0,0.0,1.0,0.0
ea122c5c1f9c,LongCat-2.0,沉浸式体验设计,0.0,0.0,1.0,0.0
12a548b58a1c,LongCat-2.0,博物馆导览讲解,0.0,0.0021691973969631237,0.9978308026030369,-0.0021691973969631237
b58f125dbc49,LongCat-2.0,历史场景叙事,0.005681818181818182,0.002840909090909091,0.9914772727272727,0.002840909090909091
92b3be431679,LongCat-2.0,沉浸式体验设计,0.0,0.006593406593406593,0.9934065934065934,-0.006593406593406593
253d5604caac,LongCat-2.0,博物馆导览讲解,0.00911854103343465,0.00303951367781155,0.9878419452887538,0.0060790273556231
2753689ced58,LongCat-2.0,历史场景叙事,0.0,0.0025974025974025974,0.9974025974025974,-0.0025974025974025974
00207d7fb8de,LongCat-2.0,沉浸式体验设计,0.0025974025974025974,0.0,0.9974025974025974,0.0025974025974025974
99a5656923bb,GLM-5.2,博物馆导览讲解,0.007017543859649123,0.0,0.9929824561403509,0.007017543859649123
0bae13a0591c,GLM-5.2,历史场景叙事,0.0,0.005235602094240838,0.9947643979057592,-0.005235602094240838
73d5ecc47fc1,GLM-5.2,沉浸式体验设计,0.0022522522522522522,0.0022522522522522522,0.9954954954954955,0.0
e05bac8255ae,GLM-5.2,博物馆导览讲解,0.009523809523809525,0.0031746031746031746,0.9873015873015873,0.006349206349206349
d253895dd7c0,GLM-5.2,历史场景叙事,0.0,0.0,1.0,0.0
2fbedd4fb1c7,GLM-5.2,沉浸式体验设计,0.007281553398058253,0.0024271844660194173,0.9902912621359223,0.0048543689320388345
99fe21e9197e,GLM-5.2,博物馆导览讲解,0.005571030640668524,0.002785515320334262,0.9916434540389972,0.002785515320334262
3e62a4366e81,GLM-5.2,历史场景叙事,0.00375234521575985,0.001876172607879925,0.9943714821763602,0.001876172607879925
35930f342d78,GLM-5.2,沉浸式体验设计,0.0044444444444444444,0.0044444444444444444,0.9911111111111112,0.0
52dd9d2016e6,GLM-5.2,博物馆导览讲解,0.006309148264984227,0.00946372239747634,0.9842271293375394,-0.0031545741324921135
6dd4c1637922,GLM-5.2,历史场景叙事,0.016901408450704224,0.0,0.9830985915492958,0.016901408450704224
5a4fb8cfe62f,GLM-5.2,沉浸式体验设计,0.0,0.002207505518763797,0.9977924944812362,-0.002207505518763797
c23a74d4b184,GLM-5.2,博物馆导览讲解,0.010380622837370242,0.0,0.9896193771626297,0.010380622837370242
a31399471079,GLM-5.2,历史场景叙事,0.005865102639296188,0.002932551319648094,0.9912023460410557,0.002932551319648094
7697957d82fc,GLM-5.2,沉浸式体验设计,0.0,0.0,1.0,0.0
9d03510d2260,GLM-5.2,博物馆导览讲解,0.012345679012345678,0.0030864197530864196,0.9845679012345679,0.009259259259259259
3dcfbcbec45e,GLM-5.2,历史场景叙事,0.005361930294906166,0.0,0.9946380697050938,0.005361930294906166
f936a16e5a63,GLM-5.2,沉浸式体验设计,0.0023148148148148147,0.004629629629629629,0.9930555555555556,-0.0023148148148148147
b856f11ad06f,GLM-5.2,博物馆导览讲解,0.0029069767441860465,0.0,0.997093023255814,0.0029069767441860465
78c47883be2a,GLM-5.2,历史场景叙事,0.0024096385542168677,0.0,0.9975903614457832,0.0024096385542168677
00e0b80c36ba,GLM-5.2,沉浸式体验设计,0.0020325203252032522,0.0,0.9979674796747967,0.0020325203252032522
243993c43b9f,GLM-5.2,博物馆导览讲解,0.0026455026455026454,0.0026455026455026454,0.9947089947089947,0.0
68fbb0615317,GLM-5.2,历史场景叙事,0.00234192037470726,0.0,0.9976580796252927,0.00234192037470726
024598a3a23e,GLM-5.2,沉浸式体验设计,0.0,0.002320185614849188,0.9976798143851509,-0.002320185614849188
ab325559870c,GLM-5.2,博物馆导览讲解,0.00554016620498615,0.00554016620498615,0.9889196675900277,0.0
89bc1471a80b,GLM-5.2,历史场景叙事,0.0038240917782026767,0.0,0.9961759082217974,0.0038240917782026767
4a9cd703db16,GLM-5.2,沉浸式体验设计,0.008298755186721992,0.002074688796680498,0.9896265560165975,0.006224066390041493
fc16051275cf,GLM-5.2,博物馆导览讲解,0.0,0.0,1.0,0.0
a3e6386a57ed,GLM-5.2,历史场景叙事,0.004975124378109453,0.0,0.9950248756218906,0.004975124378109453
8d5b3413eb2b,GLM-5.2,沉浸式体验设计,0.005235602094240838,0.002617801047120419,0.9921465968586387,0.002617801047120419
1b9be9a0fdad,GLM-5.2,博物馆导览讲解,0.006944444444444444,0.003472222222222222,0.9895833333333334,0.003472222222222222
7ad803974610,GLM-5.2,历史场景叙事,0.007894736842105263,0.0,0.9921052631578947,0.007894736842105263
936206ba36d8,GLM-5.2,沉浸式体验设计,0.004210526315789474,0.0,0.9957894736842106,0.004210526315789474
ccfceeef6483,GLM-5.2,博物馆导览讲解,0.006006006006006006,0.009009009009009009,0.984984984984985,-0.003003003003003003
ee6a71af0cef,GLM-5.2,历史场景叙事,0.0,0.0,1.0,0.0
6ecb84b665c7,GLM-5.2,沉浸式体验设计,0.002145922746781116,0.0,0.9978540772532188,0.002145922746781116
9bd4fa9799f0,GLM-5.2,博物馆导览讲解,0.0,0.0035460992907801418,0.9964539007092199,-0.0035460992907801418
1b709c521b37,GLM-5.2,历史场景叙事,0.004048582995951417,0.0,0.9959514170040485,0.004048582995951417
ffc2aa1a0af7,GLM-5.2,沉浸式体验设计,0.006666666666666667,0.0,0.9933333333333333,0.006666666666666667
7f1af979c9c2,GLM-5.2,博物馆导览讲解,0.0136986301369863,0.0,0.9863013698630136,0.0136986301369863
6303a3a09ce6,GLM-5.2,历史场景叙事,0.0025974025974025974,0.0025974025974025974,0.9948051948051948,0.0
43a93b91e3bd,GLM-5.2,沉浸式体验设计,0.006369426751592357,0.0,0.9936305732484076,0.006369426751592357
8214bf438395,GLM-5.2,博物馆导览讲解,0.0,0.003105590062111801,0.9968944099378882,-0.003105590062111801
71af5f760b5a,GLM-5.2,历史场景叙事,0.008547008547008548,0.0,0.9914529914529915,0.008547008547008548
5d66ca1a89a1,GLM-5.2,沉浸式体验设计,0.007042253521126761,0.002347417840375587,0.9906103286384976,0.004694835680751174
eb7df7d30515,GLM-5.2,博物馆导览讲解,0.0,0.002688172043010753,0.9973118279569892,-0.002688172043010753
83500679bfc9,GLM-5.2,历史场景叙事,0.0,0.0,1.0,0.0
e2c278f06877,GLM-5.2,沉浸式体验设计,0.002070393374741201,0.0,0.9979296066252588,0.002070393374741201
4dfdcfa88b94,GLM-5.2,博物馆导览讲解,0.017006802721088437,0.003401360544217687,0.9795918367346939,0.013605442176870748
9cd894213f5f,GLM-5.2,历史场景叙事,0.0113314447592068,0.0028328611898017,0.9858356940509915,0.0084985835694051
e995b06dc380,GLM-5.2,沉浸式体验设计,0.004319654427645789,0.0021598272138228943,0.9935205183585313,0.0021598272138228943
e340e152626f,GLM-5.2,博物馆导览讲解,0.00784313725490196,0.0,0.9921568627450981,0.00784313725490196
d4aa08d3c4e6,GLM-5.2,历史场景叙事,0.0,0.002570694087403599,0.9974293059125964,-0.002570694087403599
ef3e1d630606,GLM-5.2,沉浸式体验设计,0.008438818565400843,0.006329113924050633,0.9852320675105485,0.002109704641350211
9538bcd83f71,GLM-5.2,博物馆导览讲解,0.006024096385542169,0.006024096385542169,0.9879518072289156,0.0
7f773a75ab9f,GLM-5.2,历史场景叙事,0.011494252873563218,0.0028735632183908046,0.985632183908046,0.008620689655172414
341d6c3b8941,GLM-5.2,沉浸式体验设计,0.004366812227074236,0.008733624454148471,0.9868995633187773,-0.004366812227074236
037f9384b07b,GLM-5.2,博物馆导览讲解,0.007042253521126761,0.0,0.9929577464788732,0.007042253521126761
aaeb5e648aaa,GLM-5.2,历史场景叙事,0.0035460992907801418,0.0,0.9964539007092199,0.0035460992907801418
abf485a615a1,GLM-5.2,沉浸式体验设计,0.0064516129032258064,0.002150537634408602,0.9913978494623656,0.004301075268817204
ee13da4b4fcf,Kimi-K2.7-Code,博物馆导览讲解,0.0037313432835820895,0.0,0.996268656716418,0.0037313432835820895
52e1bc514473,Kimi-K2.7-Code,历史场景叙事,0.0,0.0,1.0,0.0
d882b1b19515,Kimi-K2.7-Code,沉浸式体验设计,0.0,0.0,1.0,0.0
38064346e1de,Kimi-K2.7-Code,博物馆导览讲解,0.003289473684210526,0.0,0.9967105263157895,0.003289473684210526
0b5f9ac0345c,Kimi-K2.7-Code,历史场景叙事,0.0030211480362537764,0.0,0.9969788519637462,0.0030211480362537764
ed04cd715c97,Kimi-K2.7-Code,沉浸式体验设计,0.0017761989342806395,0.0017761989342806395,0.9964476021314387,0.0
82306a67f1b1,Kimi-K2.7-Code,博物馆导览讲解,0.012345679012345678,0.0,0.9876543209876543,0.012345679012345678
58c097d11ce3,Kimi-K2.7-Code,历史场景叙事,0.001984126984126984,0.0,0.998015873015873,0.001984126984126984
d179a0c3de34,Kimi-K2.7-Code,沉浸式体验设计,0.0032310177705977385,0.0,0.9967689822294022,0.0032310177705977385
3d06ff4a7448,Kimi-K2.7-Code,博物馆导览讲解,0.0030211480362537764,0.006042296072507553,0.9909365558912386,-0.0030211480362537764
9e83472eb61a,Kimi-K2.7-Code,历史场景叙事,0.005607476635514018,0.0,0.994392523364486,0.005607476635514018
e486c6e7dfb6,Kimi-K2.7-Code,沉浸式体验设计,0.001589825119236884,0.001589825119236884,0.9968203497615262,0.0
38b1782c27df,Kimi-K2.7-Code,博物馆导览讲解,0.011278195488721804,0.0037593984962406013,0.9849624060150376,0.007518796992481203
f2554efb01f4,Kimi-K2.7-Code,历史场景叙事,0.0,0.0,1.0,0.0
a0db16c903cb,Kimi-K2.7-Code,沉浸式体验设计,0.0049504950495049506,0.0016501650165016502,0.9933993399339934,0.0033003300330033004
731b717edfd3,Kimi-K2.7-Code,博物馆导览讲解,0.006756756756756757,0.0,0.9932432432432432,0.006756756756756757
12df62767fe8,Kimi-K2.7-Code,历史场景叙事,0.007177033492822967,0.0,0.992822966507177,0.007177033492822967
50053a1ddc00,Kimi-K2.7-Code,沉浸式体验设计,0.0016233766233766235,0.003246753246753247,0.9951298701298701,-0.0016233766233766235
98bbb5ae2f1f,Kimi-K2.7-Code,博物馆导览讲解,0.002967359050445104,0.0,0.9970326409495549,0.002967359050445104
0d5e6975f180,Kimi-K2.7-Code,历史场景叙事,0.0,0.006237006237006237,0.9937629937629938,-0.006237006237006237
c79d43dca0d0,Kimi-K2.7-Code,沉浸式体验设计,0.0,0.00375234521575985,0.9962476547842402,-0.00375234521575985
e8a110c48c75,Kimi-K2.7-Code,博物馆导览讲解,0.0,0.0,1.0,0.0
2d31ef6657da,Kimi-K2.7-Code,历史场景叙事,0.0016778523489932886,0.0,0.9983221476510067,0.0016778523489932886
fc88a2a4e786,Kimi-K2.7-Code,沉浸式体验设计,0.0016778523489932886,0.0016778523489932886,0.9966442953020134,0.0
fb4ca2463758,Kimi-K2.7-Code,博物馆导览讲解,0.003389830508474576,0.003389830508474576,0.9932203389830508,0.0
344f7a0a8f6e,Kimi-K2.7-Code,历史场景叙事,0.0014925373134328358,0.0029850746268656717,0.9955223880597015,-0.0014925373134328358
8e3e97fc4388,Kimi-K2.7-Code,沉浸式体验设计,0.0,0.0015772870662460567,0.998422712933754,-0.0015772870662460567
df1568f0e121,Kimi-K2.7-Code,博物馆导览讲解,0.007017543859649123,0.0,0.9929824561403509,0.007017543859649123
c8c7e0b34268,Kimi-K2.7-Code,历史场景叙事,0.0023752969121140144,0.0,0.997624703087886,0.0023752969121140144
ddd704f6a22f,Kimi-K2.7-Code,沉浸式体验设计,0.0,0.0,1.0,0.0
6b55797e5c1e,Kimi-K2.7-Code,博物馆导览讲解,0.006153846153846154,0.003076923076923077,0.9907692307692307,0.003076923076923077
811172aa7162,Kimi-K2.7-Code,历史场景叙事,0.0023923444976076554,0.0,0.9976076555023924,0.0023923444976076554
9bbb090cd60b,Kimi-K2.7-Code,沉浸式体验设计,0.0016233766233766235,0.0016233766233766235,0.9967532467532467,0.0
36b300a024be,Kimi-K2.7-Code,博物馆导览讲解,0.004,0.004,0.992,0.0
ad273ebf57a2,Kimi-K2.7-Code,历史场景叙事,0.0045351473922902496,0.0022675736961451248,0.9931972789115646,0.0022675736961451248
0674e0b4cb7c,Kimi-K2.7-Code,沉浸式体验设计,0.0017452006980802793,0.0,0.9982547993019197,0.0017452006980802793
addab89174d3,Kimi-K2.7-Code,博物馆导览讲解,0.007575757575757576,0.003787878787878788,0.9886363636363636,0.003787878787878788
d2cbce16e60d,Kimi-K2.7-Code,历史场景叙事,0.007263922518159807,0.002421307506053269,0.9903147699757869,0.004842615012106538
3067b6a4fbde,Kimi-K2.7-Code,沉浸式体验设计,0.0033222591362126247,0.0016611295681063123,0.9950166112956811,0.0016611295681063123
1f5a06ecbf56,Kimi-K2.7-Code,博物馆导览讲解,0.009554140127388535,0.0,0.9904458598726115,0.009554140127388535
664140989dfb,Kimi-K2.7-Code,历史场景叙事,0.0022026431718061676,0.0,0.9977973568281938,0.0022026431718061676
f73672dc7e7b,Kimi-K2.7-Code,沉浸式体验设计,0.0033613445378151263,0.0,0.9966386554621849,0.0033613445378151263
0f1abd53a291,Kimi-K2.7-Code,博物馆导览讲解,0.006472491909385114,0.003236245954692557,0.9902912621359223,0.003236245954692557
2c1ce4c76cd2,Kimi-K2.7-Code,历史场景叙事,0.0016863406408094434,0.0,0.9983136593591906,0.0016863406408094434
cc454d8115e8,Kimi-K2.7-Code,沉浸式体验设计,0.0035211267605633804,0.0017605633802816902,0.9947183098591549,0.0017605633802816902
aa96288d3e0a,Kimi-K2.7-Code,博物馆导览讲解,0.0,0.0,1.0,0.0
1bf26613e5a5,Kimi-K2.7-Code,历史场景叙事,0.001644736842105263,0.0,0.9983552631578947,0.001644736842105263
0641654b0dca,Kimi-K2.7-Code,沉浸式体验设计,0.0,0.0,1.0,0.0
ef6284d35b97,Kimi-K2.7-Code,博物馆导览讲解,0.0,0.008,0.992,-0.008
472aa4de3a11,Kimi-K2.7-Code,历史场景叙事,0.0022727272727272726,0.0022727272727272726,0.9954545454545455,0.0
0573f0e7b7c1,Kimi-K2.7-Code,沉浸式体验设计,0.0016,0.0032,0.9952,-0.0016
54e58ad46438,Kimi-K2.7-Code,博物馆导览讲解,0.004132231404958678,0.0,0.9958677685950413,0.004132231404958678
8598c5f2b347,Kimi-K2.7-Code,历史场景叙事,0.0020920502092050207,0.0,0.997907949790795,0.0020920502092050207
74b6737e149a,Kimi-K2.7-Code,沉浸式体验设计,0.0,0.0,1.0,0.0
19d1c1869f8b,Kimi-K2.7-Code,博物馆导览讲解,0.0055248618784530384,0.0027624309392265192,0.9917127071823204,0.0027624309392265192
d31bf7747d13,Kimi-K2.7-Code,历史场景叙事,0.0,0.0,1.0,0.0
3e29796c43c5,Kimi-K2.7-Code,沉浸式体验设计,0.0016025641025641025,0.004807692307692308,0.9935897435897436,-0.003205128205128205
e5256b664bbb,Kimi-K2.7-Code,博物馆导览讲解,0.003968253968253968,0.0,0.996031746031746,0.003968253968253968
e69c93824dd9,Kimi-K2.7-Code,历史场景叙事,0.0022371364653243847,0.0,0.9977628635346756,0.0022371364653243847
dd5c17eee93d,Kimi-K2.7-Code,沉浸式体验设计,0.005067567567567568,0.0,0.9949324324324325,0.005067567567567568
31bc62d2ee50,DeepSeek-V4-Pro,博物馆导览讲解,0.0,0.0,1.0,0.0
5dafa582c439,DeepSeek-V4-Pro,历史场景叙事,0.0,0.0,1.0,0.0
1845fa9ac407,DeepSeek-V4-Pro,沉浸式体验设计,0.0,0.002008032128514056,0.9979919678714859,-0.002008032128514056
58293aa3914b,DeepSeek-V4-Pro,博物馆导览讲解,0.0,0.0,1.0,0.0
90e5e372634b,DeepSeek-V4-Pro,历史场景叙事,0.0,0.0,1.0,0.0
8c8fa517df5e,DeepSeek-V4-Pro,沉浸式体验设计,0.0,0.0035335689045936395,0.9964664310954063,-0.0035335689045936395
be3660243248,DeepSeek-V4-Pro,博物馆导览讲解,0.006779661016949152,0.003389830508474576,0.9898305084745763,0.003389830508474576
0ed8a66485a1,DeepSeek-V4-Pro,历史场景叙事,0.004739336492890996,0.0,0.995260663507109,0.004739336492890996
dcc68c3fee84,DeepSeek-V4-Pro,沉浸式体验设计,0.0,0.0,1.0,0.0
395d5ea14235,DeepSeek-V4-Pro,博物馆导览讲解,0.006993006993006993,0.006993006993006993,0.986013986013986,0.0
52dcb3a0766c,DeepSeek-V4-Pro,历史场景叙事,0.0,0.0,1.0,0.0
377950df8fa7,DeepSeek-V4-Pro,沉浸式体验设计,0.0017857142857142857,0.0017857142857142857,0.9964285714285714,0.0
9e34d26683de,DeepSeek-V4-Pro,博物馆导览讲解,0.0,0.0,1.0,0.0
55b011d0cba9,DeepSeek-V4-Pro,历史场景叙事,0.002145922746781116,0.0,0.9978540772532188,0.002145922746781116
e513e300c657,DeepSeek-V4-Pro,沉浸式体验设计,0.0,0.0031446540880503146,0.9968553459119497,-0.0031446540880503146
7ed6ea7742a9,DeepSeek-V4-Pro,博物馆导览讲解,0.0,0.006825938566552901,0.9931740614334471,-0.006825938566552901
38a051d7f647,DeepSeek-V4-Pro,历史场景叙事,0.0,0.0,1.0,0.0
9ca5374f46c2,DeepSeek-V4-Pro,沉浸式体验设计,0.0,0.0,1.0,0.0
258af0fa018c,DeepSeek-V4-Pro,博物馆导览讲解,0.0,0.0029498525073746312,0.9970501474926253,-0.0029498525073746312
4f89d900001f,DeepSeek-V4-Pro,历史场景叙事,0.0024271844660194173,0.0,0.9975728155339806,0.0024271844660194173
37c95c712d39,DeepSeek-V4-Pro,沉浸式体验设计,0.0,0.0,1.0,0.0
533c9e391f60,DeepSeek-V4-Pro,博物馆导览讲解,0.006666666666666667,0.0033333333333333335,0.99,0.0033333333333333335
2c250a8dd8aa,DeepSeek-V4-Pro,历史场景叙事,0.0,0.0028169014084507044,0.9971830985915493,-0.0028169014084507044
28931d5be4e1,DeepSeek-V4-Pro,沉浸式体验设计,0.0017574692442882249,0.0,0.9982425307557118,0.0017574692442882249
b5fb2f8d77a8,DeepSeek-V4-Pro,博物馆导览讲解,0.0,0.0,1.0,0.0
5eae505c7da8,DeepSeek-V4-Pro,历史场景叙事,0.001607717041800643,0.003215434083601286,0.9951768488745981,-0.001607717041800643
f556b0d56c7d,DeepSeek-V4-Pro,沉浸式体验设计,0.0,0.0016051364365971107,0.9983948635634029,-0.0016051364365971107
c58a2c27bc2b,DeepSeek-V4-Pro,博物馆导览讲解,0.0,0.0,1.0,0.0
ea0d9a2f234e,DeepSeek-V4-Pro,历史场景叙事,0.006872852233676976,0.0,0.993127147766323,0.006872852233676976
b6825e20ae08,DeepSeek-V4-Pro,沉浸式体验设计,0.0037593984962406013,0.005639097744360902,0.9906015037593985,-0.0018796992481203006
e960a04dabb0,DeepSeek-V4-Pro,博物馆导览讲解,0.0,0.0033112582781456954,0.9966887417218543,-0.0033112582781456954
212fb580daf1,DeepSeek-V4-Pro,历史场景叙事,0.0,0.0070921985815602835,0.9929078014184397,-0.0070921985815602835
4a54326e593f,DeepSeek-V4-Pro,沉浸式体验设计,0.004366812227074236,0.001455604075691412,0.9941775836972343,0.002911208151382824
88435103f60b,DeepSeek-V4-Pro,博物馆导览讲解,0.0,0.0,1.0,0.0
3fc39845cc4b,DeepSeek-V4-Pro,历史场景叙事,0.0015267175572519084,0.0015267175572519084,0.9969465648854962,0.0
fa3876e68dad,DeepSeek-V4-Pro,沉浸式体验设计,0.0016129032258064516,0.0016129032258064516,0.9967741935483871,0.0
019b727f1b29,DeepSeek-V4-Pro,博物馆导览讲解,0.003472222222222222,0.003472222222222222,0.9930555555555556,0.0
1e976ec49b85,DeepSeek-V4-Pro,历史场景叙事,0.0,0.0,1.0,0.0
71a0e8435e19,DeepSeek-V4-Pro,沉浸式体验设计,0.003875968992248062,0.0,0.9961240310077519,0.003875968992248062
d44af3c6eadd,DeepSeek-V4-Pro,博物馆导览讲解,0.006644518272425249,0.0,0.9933554817275747,0.006644518272425249
e715996641c3,DeepSeek-V4-Pro,历史场景叙事,0.00267379679144385,0.0,0.9973262032085561,0.00267379679144385
66a85927db41,DeepSeek-V4-Pro,沉浸式体验设计,0.0,0.0018832391713747645,0.9981167608286252,-0.0018832391713747645
686b86a05d56,DeepSeek-V4-Pro,博物馆导览讲解,0.007692307692307693,0.0038461538461538464,0.9884615384615385,0.0038461538461538464
9b4454da2cd7,DeepSeek-V4-Pro,历史场景叙事,0.0,0.0,1.0,0.0
460652c426bd,DeepSeek-V4-Pro,沉浸式体验设计,0.0014492753623188406,0.002898550724637681,0.9956521739130435,-0.0014492753623188406
17f8e14b80ba,DeepSeek-V4-Pro,博物馆导览讲解,0.0,0.0037174721189591076,0.9962825278810409,-0.0037174721189591076
797e924a9127,DeepSeek-V4-Pro,历史场景叙事,0.0033783783783783786,0.0,0.9966216216216216,0.0033783783783783786
19dca2cc811f,DeepSeek-V4-Pro,沉浸式体验设计,0.001658374792703151,0.0,0.9983416252072969,0.001658374792703151
8f899d8198bf,DeepSeek-V4-Pro,博物馆导览讲解,0.0,0.0,1.0,0.0
fb4cc3d71efa,DeepSeek-V4-Pro,历史场景叙事,0.002398081534772182,0.0,0.9976019184652278,0.002398081534772182
2e6a4a559300,DeepSeek-V4-Pro,沉浸式体验设计,0.0029239766081871343,0.0,0.9970760233918129,0.0029239766081871343
9ed373510acf,DeepSeek-V4-Pro,博物馆导览讲解,0.003937007874015748,0.0,0.9960629921259843,0.003937007874015748
ec29b78df8e4,DeepSeek-V4-Pro,历史场景叙事,0.0030864197530864196,0.0,0.9969135802469136,0.0030864197530864196
4dd00793b571,DeepSeek-V4-Pro,沉浸式体验设计,0.009940357852882704,0.0019880715705765406,0.9880715705765407,0.007952286282306162
81763ab6629a,DeepSeek-V4-Pro,博物馆导览讲解,0.006666666666666667,0.006666666666666667,0.9866666666666667,0.0
48ce77abc91a,DeepSeek-V4-Pro,历史场景叙事,0.004705882352941176,0.0,0.9952941176470588,0.004705882352941176
5c4f48bafa62,DeepSeek-V4-Pro,沉浸式体验设计,0.0016051364365971107,0.0016051364365971107,0.9967897271268058,0.0
d975e65e146f,DeepSeek-V4-Pro,博物馆导览讲解,0.007633587786259542,0.003816793893129771,0.9885496183206107,0.003816793893129771
a48069cae221,DeepSeek-V4-Pro,历史场景叙事,0.0022471910112359553,0.0022471910112359553,0.9955056179775281,0.0
ef3e38ff4e13,DeepSeek-V4-Pro,沉浸式体验设计,0.0014903129657228018,0.0,0.9985096870342772,0.0014903129657228018
0fe125070f14,DeepSeek-V4-Flash,博物馆导览讲解,0.0,0.009708737864077669,0.9902912621359223,-0.009708737864077669
b28fcdf2dde3,DeepSeek-V4-Flash,历史场景叙事,0.0,0.0,1.0,0.0
7267d6f26107,DeepSeek-V4-Flash,沉浸式体验设计,0.0027100271002710027,0.0,0.997289972899729,0.0027100271002710027
ac97f01510cc,DeepSeek-V4-Flash,博物馆导览讲解,0.0,0.0,1.0,0.0
165a982ce5ce,DeepSeek-V4-Flash,历史场景叙事,0.0,0.0,1.0,0.0
98513717e67d,DeepSeek-V4-Flash,沉浸式体验设计,0.0017064846416382253,0.0017064846416382253,0.9965870307167235,0.0
6a8d64bbed68,DeepSeek-V4-Flash,博物馆导览讲解,0.004914004914004914,0.0,0.995085995085995,0.004914004914004914
957b801a6baa,DeepSeek-V4-Flash,历史场景叙事,0.0,0.0,1.0,0.0
88d7f41bfa89,DeepSeek-V4-Flash,沉浸式体验设计,0.005905511811023622,0.0,0.9940944881889764,0.005905511811023622
fb9b4861e51e,DeepSeek-V4-Flash,博物馆导览讲解,0.0,0.003067484662576687,0.9969325153374233,-0.003067484662576687
a6b4f1be54f7,DeepSeek-V4-Flash,历史场景叙事,0.003484320557491289,0.0,0.9965156794425087,0.003484320557491289
d1d3b91ae47c,DeepSeek-V4-Flash,沉浸式体验设计,0.0,0.0,1.0,0.0
98fbb5096fc9,DeepSeek-V4-Flash,博物馆导览讲解,0.0048543689320388345,0.0,0.9951456310679612,0.0048543689320388345
fa5a0d5105ee,DeepSeek-V4-Flash,历史场景叙事,0.0,0.002688172043010753,0.9973118279569892,-0.002688172043010753
89ac4137cc38,DeepSeek-V4-Flash,沉浸式体验设计,0.0,0.0,1.0,0.0
3d7c1174f50a,DeepSeek-V4-Flash,博物馆导览讲解,0.01,0.0033333333333333335,0.9866666666666667,0.006666666666666667
386feaf2130f,DeepSeek-V4-Flash,历史场景叙事,0.008695652173913044,0.0,0.991304347826087,0.008695652173913044
72dc6d21a264,DeepSeek-V4-Flash,沉浸式体验设计,0.0066518847006651885,0.0,0.9933481152993349,0.0066518847006651885
741929a917f3,DeepSeek-V4-Flash,博物馆导览讲解,0.0,0.0,1.0,0.0
72cc5672d037,DeepSeek-V4-Flash,历史场景叙事,0.002770083102493075,0.0,0.997229916897507,0.002770083102493075
fcef4a79bd26,DeepSeek-V4-Flash,沉浸式体验设计,0.0017857142857142857,0.0,0.9982142857142857,0.0017857142857142857
5e825e0d4734,DeepSeek-V4-Flash,博物馆导览讲解,0.007751937984496124,0.0,0.9922480620155039,0.007751937984496124
61796cd66022,DeepSeek-V4-Flash,历史场景叙事,0.0,0.0,1.0,0.0
8b3a22fabbc2,DeepSeek-V4-Flash,沉浸式体验设计,0.0019880715705765406,0.0019880715705765406,0.9960238568588469,0.0
1983aceb03b3,DeepSeek-V4-Flash,博物馆导览讲解,0.0,0.004048582995951417,0.9959514170040485,-0.004048582995951417
41b0ba71cd9a,DeepSeek-V4-Flash,历史场景叙事,0.005291005291005291,0.0026455026455026454,0.9920634920634921,0.0026455026455026454
d5dbd76b2969,DeepSeek-V4-Flash,沉浸式体验设计,0.0,0.0,1.0,0.0
1ec7b7764fa3,DeepSeek-V4-Flash,博物馆导览讲解,0.009900990099009901,0.0,0.9900990099009901,0.009900990099009901
7d6d8b48c2cc,DeepSeek-V4-Flash,历史场景叙事,0.0,0.0,1.0,0.0
ae5e8861316a,DeepSeek-V4-Flash,沉浸式体验设计,0.006072874493927126,0.0020242914979757085,0.9919028340080972,0.004048582995951417
1df04b7e4510,DeepSeek-V4-Flash,博物馆导览讲解,0.008746355685131196,0.008746355685131196,0.9825072886297376,0.0
e5e11a22ac77,DeepSeek-V4-Flash,历史场景叙事,0.0,0.0,1.0,0.0
5fca125aec6c,DeepSeek-V4-Flash,沉浸式体验设计,0.005545286506469501,0.0,0.9944547134935305,0.005545286506469501
291072a8efa3,DeepSeek-V4-Flash,博物馆导览讲解,0.0,0.003663003663003663,0.9963369963369964,-0.003663003663003663
c4d09463438b,DeepSeek-V4-Flash,历史场景叙事,0.0,0.0,1.0,0.0
31447a665fda,DeepSeek-V4-Flash,沉浸式体验设计,0.006956521739130435,0.0,0.9930434782608696,0.006956521739130435
b2ec3c0073bf,DeepSeek-V4-Flash,博物馆导览讲解,0.010869565217391304,0.005434782608695652,0.9836956521739131,0.005434782608695652
5e738d3d441b,DeepSeek-V4-Flash,历史场景叙事,0.006172839506172839,0.0030864197530864196,0.9907407407407407,0.0030864197530864196
4fa368983da5,DeepSeek-V4-Flash,沉浸式体验设计,0.0,0.002688172043010753,0.9973118279569892,-0.002688172043010753
4f57f0b94330,DeepSeek-V4-Flash,博物馆导览讲解,0.0,0.0,1.0,0.0
24023e7a7b93,DeepSeek-V4-Flash,历史场景叙事,0.004739336492890996,0.0,0.995260663507109,0.004739336492890996
48081087d9ad,DeepSeek-V4-Flash,沉浸式体验设计,0.0017574692442882249,0.0035149384885764497,0.9947275922671354,-0.0017574692442882249
27b0f89ca37d,DeepSeek-V4-Flash,博物馆导览讲解,0.01090909090909091,0.0,0.9890909090909091,0.01090909090909091
ac0376be0000,DeepSeek-V4-Flash,历史场景叙事,0.009345794392523364,0.0,0.9906542056074766,0.009345794392523364
d9a433526132,DeepSeek-V4-Flash,沉浸式体验设计,0.0,0.0,1.0,0.0
6c353635312a,DeepSeek-V4-Flash,博物馆导览讲解,0.005747126436781609,0.0028735632183908046,0.9913793103448276,0.0028735632183908046
30953f59b0a7,DeepSeek-V4-Flash,历史场景叙事,0.0,0.0030581039755351682,0.9969418960244648,-0.0030581039755351682
8f510180889c,DeepSeek-V4-Flash,沉浸式体验设计,0.0,0.0,1.0,0.0
52376faa7546,DeepSeek-V4-Flash,博物馆导览讲解,0.006872852233676976,0.006872852233676976,0.9862542955326461,0.0
9cfa82b07d94,DeepSeek-V4-Flash,历史场景叙事,0.0060790273556231,0.00303951367781155,0.9908814589665653,0.00303951367781155
21c3e96a32ea,DeepSeek-V4-Flash,沉浸式体验设计,0.0016638935108153079,0.0016638935108153079,0.9966722129783694,0.0
99b05f76a08f,DeepSeek-V4-Flash,博物馆导览讲解,0.0035587188612099642,0.0,0.99644128113879,0.0035587188612099642
8aabdf360433,DeepSeek-V4-Flash,历史场景叙事,0.0036496350364963502,0.0,0.9963503649635036,0.0036496350364963502
4851479cc77f,DeepSeek-V4-Flash,沉浸式体验设计,0.003205128205128205,0.0,0.9967948717948718,0.003205128205128205
82e966960243,DeepSeek-V4-Flash,博物馆导览讲解,0.00964630225080386,0.01607717041800643,0.9742765273311897,-0.006430868167202572
8be28c9ff100,DeepSeek-V4-Flash,历史场景叙事,0.0034482758620689655,0.0034482758620689655,0.993103448275862,0.0
4025558f9f30,DeepSeek-V4-Flash,沉浸式体验设计,0.0022675736961451248,0.0045351473922902496,0.9931972789115646,-0.0022675736961451248
ad70e3724ddb,DeepSeek-V4-Flash,博物馆导览讲解,0.004016064257028112,0.0,0.9959839357429718,0.004016064257028112
21256efd1075,DeepSeek-V4-Flash,历史场景叙事,0.0,0.0,1.0,0.0
9573846bdf53,DeepSeek-V4-Flash,沉浸式体验设计,0.001763668430335097,0.0,0.9982363315696648,0.001763668430335097
33015a590925,Pro-Kimi-K2.6,博物馆导览讲解,0.0,0.00390625,0.99609375,-0.00390625
ef2e6c4e1b85,Pro-Kimi-K2.6,历史场景叙事,0.0,0.0,1.0,0.0
db0358060837,Pro-Kimi-K2.6,沉浸式体验设计,0.0015527950310559005,0.0015527950310559005,0.9968944099378882,0.0
6edd0c8a8d2c,Pro-Kimi-K2.6,博物馆导览讲解,0.0,0.0,1.0,0.0
49661fcc7198,Pro-Kimi-K2.6,历史场景叙事,0.0029585798816568047,0.0,0.9970414201183432,0.0029585798816568047
ed512883117c,Pro-Kimi-K2.6,沉浸式体验设计,0.0,0.006097560975609756,0.9939024390243902,-0.006097560975609756
cef0d6c50c50,Pro-Kimi-K2.6,博物馆导览讲解,0.002770083102493075,0.002770083102493075,0.9944598337950139,0.0
e96c98f712ca,Pro-Kimi-K2.6,历史场景叙事,0.0013531799729364006,0.0,0.9986468200270636,0.0013531799729364006
2576cd8ea780,Pro-Kimi-K2.6,沉浸式体验设计,0.003129890453834116,0.0,0.9968701095461658,0.003129890453834116
0554adf8c28c,Pro-Kimi-K2.6,博物馆导览讲解,0.0032679738562091504,0.0032679738562091504,0.9934640522875817,0.0
c34f2d353cba,Pro-Kimi-K2.6,历史场景叙事,0.0,0.0028169014084507044,0.9971830985915493,-0.0028169014084507044
c30df92ca509,Pro-Kimi-K2.6,沉浸式体验设计,0.0030911901081916537,0.0030911901081916537,0.9938176197836167,0.0
5fb2a20c9542,Pro-Kimi-K2.6,博物馆导览讲解,0.0,0.0,1.0,0.0
b3cbfb9bd110,Pro-Kimi-K2.6,历史场景叙事,0.002320185614849188,0.0,0.9976798143851509,0.002320185614849188
509718f82f07,Pro-Kimi-K2.6,沉浸式体验设计,0.0029239766081871343,0.005847953216374269,0.9912280701754386,-0.0029239766081871343
feb15378ffb6,Pro-Kimi-K2.6,博物馆导览讲解,0.012578616352201259,0.0,0.9874213836477987,0.012578616352201259
628fc5693023,Pro-Kimi-K2.6,历史场景叙事,0.0,0.0,1.0,0.0
cf496ec86dcc,Pro-Kimi-K2.6,沉浸式体验设计,0.0,0.0032,0.9968,-0.0032
7113ea008876,Pro-Kimi-K2.6,博物馆导览讲解,0.0,0.0035971223021582736,0.9964028776978417,-0.0035971223021582736
3f0678ecc5e9,Pro-Kimi-K2.6,历史场景叙事,0.0,0.002680965147453083,0.9973190348525469,-0.002680965147453083
be90f2eea037,Pro-Kimi-K2.6,沉浸式体验设计,0.001519756838905775,0.001519756838905775,0.9969604863221885,0.0
1c23c9a3d492,Pro-Kimi-K2.6,博物馆导览讲解,0.0,0.0,1.0,0.0
7c72c1ea1214,Pro-Kimi-K2.6,历史场景叙事,0.002304147465437788,0.0,0.9976958525345622,0.002304147465437788
7371058bebd9,Pro-Kimi-K2.6,沉浸式体验设计,0.0015873015873015873,0.0031746031746031746,0.9952380952380953,-0.0015873015873015873
3405b909d71d,Pro-Kimi-K2.6,博物馆导览讲解,0.002793296089385475,0.00558659217877095,0.9916201117318436,-0.002793296089385475
f7a45bd5f2af,Pro-Kimi-K2.6,历史场景叙事,0.0014792899408284023,0.0,0.9985207100591716,0.0014792899408284023
e577a46f18f9,Pro-Kimi-K2.6,沉浸式体验设计,0.0015105740181268882,0.0,0.9984894259818731,0.0015105740181268882
fa709ceeacad,Pro-Kimi-K2.6,博物馆导览讲解,0.00819672131147541,0.0,0.9918032786885246,0.00819672131147541
a83b37bf2398,Pro-Kimi-K2.6,历史场景叙事,0.0040650406504065045,0.0020325203252032522,0.9939024390243902,0.0020325203252032522
790b010c3728,Pro-Kimi-K2.6,沉浸式体验设计,0.0,0.0017730496453900709,0.99822695035461,-0.0017730496453900709
65a9f255b3d2,Pro-Kimi-K2.6,博物馆导览讲解,0.008064516129032258,0.004032258064516129,0.9879032258064516,0.004032258064516129
b2eec2f8b479,Pro-Kimi-K2.6,历史场景叙事,0.0,0.0,1.0,0.0
1de34ea40543,Pro-Kimi-K2.6,沉浸式体验设计,0.003129890453834116,0.001564945226917058,0.9953051643192489,0.001564945226917058
9ba4eb5aa1e5,Pro-Kimi-K2.6,博物馆导览讲解,0.0035842293906810036,0.0035842293906810036,0.992831541218638,0.0
194dd064c842,Pro-Kimi-K2.6,历史场景叙事,0.0020833333333333333,0.0020833333333333333,0.9958333333333333,0.0
c9610b92f044,Pro-Kimi-K2.6,沉浸式体验设计,0.0015082956259426848,0.0,0.9984917043740573,0.0015082956259426848
7c2b4e35e7cf,Pro-Kimi-K2.6,博物馆导览讲解,0.009202453987730062,0.0,0.99079754601227,0.009202453987730062
28b6f72dce52,Pro-Kimi-K2.6,历史场景叙事,0.0,0.0,1.0,0.0
03611040d36c,Pro-Kimi-K2.6,沉浸式体验设计,0.0015772870662460567,0.0,0.998422712933754,0.0015772870662460567
c456c4c0f43b,Pro-Kimi-K2.6,博物馆导览讲解,0.0,0.006779661016949152,0.9932203389830508,-0.006779661016949152
8abd1ba626a9,Pro-Kimi-K2.6,历史场景叙事,0.002150537634408602,0.0,0.9978494623655914,0.002150537634408602
a1f06af6b473,Pro-Kimi-K2.6,沉浸式体验设计,0.004531722054380665,0.0015105740181268882,0.9939577039274925,0.0030211480362537764
9e60004b4908,Pro-Kimi-K2.6,博物馆导览讲解,0.002840909090909091,0.0,0.9971590909090909,0.002840909090909091
a31a0ee6dd53,Pro-Kimi-K2.6,历史场景叙事,0.005780346820809248,0.0019267822736030828,0.9922928709055877,0.0038535645472061657
8a540f36dca7,Pro-Kimi-K2.6,沉浸式体验设计,0.004991680532445923,0.0016638935108153079,0.9933444259567388,0.0033277870216306157
6b68d9838661,Pro-Kimi-K2.6,博物馆导览讲解,0.0,0.0033003300330033004,0.9966996699669967,-0.0033003300330033004
e491f65f1b4f,Pro-Kimi-K2.6,历史场景叙事,0.0,0.0,1.0,0.0
964dd51e8885,Pro-Kimi-K2.6,沉浸式体验设计,0.0,0.0,1.0,0.0
7d7acd2c6b9c,Pro-Kimi-K2.6,博物馆导览讲解,0.0,0.0,1.0,0.0
02863a47eed1,Pro-Kimi-K2.6,历史场景叙事,0.002320185614849188,0.002320185614849188,0.9953596287703016,0.0
df886666555d,Pro-Kimi-K2.6,沉浸式体验设计,0.004405286343612335,0.005873715124816446,0.9897209985315712,-0.0014684287812041115
1b78c490c006,Pro-Kimi-K2.6,博物馆导览讲解,0.008064516129032258,0.0,0.9919354838709677,0.008064516129032258
634724df1a2f,Pro-Kimi-K2.6,历史场景叙事,0.0,0.0,1.0,0.0
1895ad82a555,Pro-Kimi-K2.6,沉浸式体验设计,0.0043541364296081275,0.0,0.9956458635703919,0.0043541364296081275
a49367efee30,Pro-Kimi-K2.6,博物馆导览讲解,0.00964630225080386,0.003215434083601286,0.9871382636655949,0.006430868167202572
0400c3a579bb,Pro-Kimi-K2.6,历史场景叙事,0.0,0.0020325203252032522,0.9979674796747967,-0.0020325203252032522
d461e97975a1,Pro-Kimi-K2.6,沉浸式体验设计,0.002861230329041488,0.005722460658082976,0.9914163090128756,-0.002861230329041488
4c5c86567f3d,Pro-Kimi-K2.6,博物馆导览讲解,0.0,0.0,1.0,0.0
134096c41c3f,Pro-Kimi-K2.6,历史场景叙事,0.0,0.0026041666666666665,0.9973958333333334,-0.0026041666666666665
5af0da9727ae,Pro-Kimi-K2.6,沉浸式体验设计,0.0,0.0015552099533437014,0.9984447900466563,-0.0015552099533437014
4d65059c1f86,Pro-GLM-5.1,博物馆导览讲解,0.007017543859649123,0.0035087719298245615,0.9894736842105263,0.0035087719298245615
25be7a0f51e3,Pro-GLM-5.1,历史场景叙事,0.0,0.0,1.0,0.0
de7075ef7587,Pro-GLM-5.1,沉浸式体验设计,0.002320185614849188,0.004640371229698376,0.9930394431554525,-0.002320185614849188
89cea16585f4,Pro-GLM-5.1,博物馆导览讲解,0.0,0.003076923076923077,0.9969230769230769,-0.003076923076923077
aea1af7d0d09,Pro-GLM-5.1,历史场景叙事,0.008746355685131196,0.0058309037900874635,0.9854227405247813,0.0029154518950437317
c42ca92539b0,Pro-GLM-5.1,沉浸式体验设计,0.0023752969121140144,0.004750593824228029,0.9928741092636579,-0.0023752969121140144
dd08d0bb5fe9,Pro-GLM-5.1,博物馆导览讲解,0.00684931506849315,0.003424657534246575,0.9897260273972602,0.003424657534246575
9b5ba2f05cab,Pro-GLM-5.1,历史场景叙事,0.005,0.0,0.995,0.005
0bb6e1ec1a9b,Pro-GLM-5.1,沉浸式体验设计,0.002347417840375587,0.002347417840375587,0.9953051643192489,0.0
44b64104f589,Pro-GLM-5.1,博物馆导览讲解,0.0033783783783783786,0.0033783783783783786,0.9932432432432432,0.0
a6cb6cf54205,Pro-GLM-5.1,历史场景叙事,0.0,0.0,1.0,0.0
2b3e5384e5fa,Pro-GLM-5.1,沉浸式体验设计,0.0037243947858473,0.0037243947858473,0.9925512104283054,0.0
0e19e522e755,Pro-GLM-5.1,博物馆导览讲解,0.006430868167202572,0.0,0.9935691318327974,0.006430868167202572
9c53cc05fbb0,Pro-GLM-5.1,历史场景叙事,0.00558659217877095,0.00558659217877095,0.9888268156424581,0.0
ebfec4a512f9,Pro-GLM-5.1,沉浸式体验设计,0.0,0.002320185614849188,0.9976798143851509,-0.002320185614849188
4e9bacd27e07,Pro-GLM-5.1,博物馆导览讲解,0.008571428571428572,0.005714285714285714,0.9857142857142858,0.002857142857142857
0a5337462635,Pro-GLM-5.1,历史场景叙事,0.005249343832020997,0.0026246719160104987,0.9921259842519685,0.0026246719160104987
e79a8c9e030a,Pro-GLM-5.1,沉浸式体验设计,0.002325581395348837,0.002325581395348837,0.9953488372093023,0.0
29c2a3357790,Pro-GLM-5.1,博物馆导览讲解,0.0,0.0,1.0,0.0
9cd2a411b8b2,Pro-GLM-5.1,历史场景叙事,0.002188183807439825,0.0,0.9978118161925602,0.002188183807439825
00ecc43e0fd8,Pro-GLM-5.1,沉浸式体验设计,0.0,0.0,1.0,0.0
3b6ef8e91d06,Pro-GLM-5.1,博物馆导览讲解,0.009523809523809525,0.0031746031746031746,0.9873015873015873,0.006349206349206349
1d00dbde308f,Pro-GLM-5.1,历史场景叙事,0.0,0.0,1.0,0.0
6ddb3f5a6031,Pro-GLM-5.1,沉浸式体验设计,0.0,0.006564551422319475,0.9934354485776805,-0.006564551422319475
8016e7a1c8be,Pro-GLM-5.1,博物馆导览讲解,0.01483679525222552,0.0,0.9851632047477745,0.01483679525222552
d13e3c2a2c0e,Pro-GLM-5.1,历史场景叙事,0.0026041666666666665,0.0,0.9973958333333334,0.0026041666666666665
ec4a4e555ec3,Pro-GLM-5.1,沉浸式体验设计,0.006696428571428571,0.004464285714285714,0.9888392857142857,0.002232142857142857
fc343de19715,Pro-GLM-5.1,博物馆导览讲解,0.0,0.0037593984962406013,0.9962406015037594,-0.0037593984962406013
0530a1c32a22,Pro-GLM-5.1,历史场景叙事,0.003745318352059925,0.0,0.9962546816479401,0.003745318352059925
5f8854f7ac0d,Pro-GLM-5.1,沉浸式体验设计,0.0,0.0023094688221709007,0.9976905311778291,-0.0023094688221709007
2db9c33930e3,Pro-GLM-5.1,博物馆导览讲解,0.017543859649122806,0.0035087719298245615,0.9789473684210527,0.014035087719298246
7508db6ae961,Pro-GLM-5.1,历史场景叙事,0.005115089514066497,0.0,0.9948849104859335,0.005115089514066497
057cf6226834,Pro-GLM-5.1,沉浸式体验设计,0.0022371364653243847,0.0044742729306487695,0.9932885906040269,-0.0022371364653243847
d3717876f0ed,Pro-GLM-5.1,博物馆导览讲解,0.011363636363636364,0.002840909090909091,0.9857954545454546,0.008522727272727272
b612dc8a2667,Pro-GLM-5.1,历史场景叙事,0.006211180124223602,0.0,0.9937888198757764,0.006211180124223602
4288bf34e4f5,Pro-GLM-5.1,沉浸式体验设计,0.006437768240343348,0.002145922746781116,0.9914163090128756,0.004291845493562232
761ebed3bb8e,Pro-GLM-5.1,博物馆导览讲解,0.017391304347826087,0.004347826086956522,0.9782608695652174,0.013043478260869565
18e3777e0f59,Pro-GLM-5.1,历史场景叙事,0.006802721088435374,0.0,0.9931972789115646,0.006802721088435374
35988f7021fe,Pro-GLM-5.1,沉浸式体验设计,0.0,0.004219409282700422,0.9957805907172996,-0.004219409282700422
165817ccf983,Pro-GLM-5.1,博物馆导览讲解,0.0,0.0,1.0,0.0
05554561f475,Pro-GLM-5.1,历史场景叙事,0.005633802816901409,0.0,0.9943661971830986,0.005633802816901409
a4a34b358254,Pro-GLM-5.1,沉浸式体验设计,0.0022624434389140274,0.0,0.997737556561086,0.0022624434389140274
6df475dc5367,Pro-GLM-5.1,博物馆导览讲解,0.012422360248447204,0.003105590062111801,0.984472049689441,0.009316770186335404
51b0be78c50e,Pro-GLM-5.1,历史场景叙事,0.0,0.0,1.0,0.0
3d2f293a735f,Pro-GLM-5.1,沉浸式体验设计,0.006726457399103139,0.002242152466367713,0.9910313901345291,0.004484304932735426
751ec5cc042a,Pro-GLM-5.1,博物馆导览讲解,0.0,0.003257328990228013,0.996742671009772,-0.003257328990228013
cd2995a90e5e,Pro-GLM-5.1,历史场景叙事,0.0,0.002512562814070352,0.9974874371859297,-0.002512562814070352
9f6ee70ab204,Pro-GLM-5.1,沉浸式体验设计,0.0,0.0,1.0,0.0
b99dc6a3b204,Pro-GLM-5.1,博物馆导览讲解,0.006688963210702341,0.006688963210702341,0.9866220735785953,0.0
932fd1b35f37,Pro-GLM-5.1,历史场景叙事,0.008645533141210375,0.002881844380403458,0.9884726224783862,0.005763688760806916
fa7372cfe503,Pro-GLM-5.1,沉浸式体验设计,0.011904761904761904,0.007142857142857143,0.9809523809523809,0.004761904761904762
aacb62491a54,Pro-GLM-5.1,博物馆导览讲解,0.009554140127388535,0.0031847133757961785,0.9872611464968153,0.006369426751592357
7820f7626958,Pro-GLM-5.1,历史场景叙事,0.0030303030303030303,0.0,0.996969696969697,0.0030303030303030303
2b85f29da908,Pro-GLM-5.1,沉浸式体验设计,0.0,0.0,1.0,0.0
c6e85a1b9ef1,Pro-GLM-5.1,博物馆导览讲解,0.002717391304347826,0.005434782608695652,0.9918478260869565,-0.002717391304347826
562a95567102,Pro-GLM-5.1,历史场景叙事,0.007194244604316547,0.0,0.9928057553956835,0.007194244604316547
2bfe91c33a44,Pro-GLM-5.1,沉浸式体验设计,0.0041841004184100415,0.010460251046025104,0.9853556485355649,-0.006276150627615063
9bee1f5e3ad4,Pro-GLM-5.1,博物馆导览讲解,0.00392156862745098,0.0,0.996078431372549,0.00392156862745098
d0ce5b95492d,Pro-GLM-5.1,历史场景叙事,0.005952380952380952,0.002976190476190476,0.9910714285714286,0.002976190476190476
144268f47cf4,Pro-GLM-5.1,沉浸式体验设计,0.004347826086956522,0.002173913043478261,0.9934782608695653,0.002173913043478261
985ee906a778,Nex-N2-Pro,博物馆导览讲解,0.0,0.0,1.0,0.0
ec0ecf86d09c,Nex-N2-Pro,历史场景叙事,0.0,0.0,1.0,0.0
aa91d85498bd,Nex-N2-Pro,沉浸式体验设计,0.0,0.0,1.0,0.0
36e4fc4b43c7,Nex-N2-Pro,博物馆导览讲解,0.0,0.0,1.0,0.0
08b0ea44ec46,Nex-N2-Pro,历史场景叙事,0.0,0.0,1.0,0.0
8110dcedce28,Nex-N2-Pro,沉浸式体验设计,0.0,0.0,1.0,0.0
bc06adabdd9f,Nex-N2-Pro,博物馆导览讲解,0.0,0.0,1.0,0.0
8fd77d45e69b,Nex-N2-Pro,历史场景叙事,0.0,0.0,1.0,0.0
f0781a002979,Nex-N2-Pro,沉浸式体验设计,0.0,0.0,1.0,0.0
434ce5b24c82,Nex-N2-Pro,博物馆导览讲解,0.0,0.0,1.0,0.0
b0604ccbb7e5,Nex-N2-Pro,历史场景叙事,0.0,0.0,1.0,0.0
d788b7de5276,Nex-N2-Pro,沉浸式体验设计,0.0,0.0,1.0,0.0
ebf96e7a2758,Nex-N2-Pro,博物馆导览讲解,0.0,0.0,1.0,0.0
a6a3fc5c7cf3,Nex-N2-Pro,历史场景叙事,0.0,0.0,1.0,0.0
5b2bcd47e491,Nex-N2-Pro,沉浸式体验设计,0.0,0.0,1.0,0.0
76b5cbc61407,Nex-N2-Pro,博物馆导览讲解,0.0,0.0,1.0,0.0
41e101ab148d,Nex-N2-Pro,历史场景叙事,0.0,0.0,1.0,0.0
6d1a36072b76,Nex-N2-Pro,沉浸式体验设计,0.0,0.002531645569620253,0.9974683544303797,-0.002531645569620253
7baf785987ff,Nex-N2-Pro,博物馆导览讲解,0.0,0.0,1.0,0.0
c4bed8332c2e,Nex-N2-Pro,历史场景叙事,0.0,0.0,1.0,0.0
6bb25e42787b,Nex-N2-Pro,沉浸式体验设计,0.0,0.0,1.0,0.0
d033bbb6fc50,Nex-N2-Pro,博物馆导览讲解,0.0,0.0,1.0,0.0
b32ea0780d6c,Nex-N2-Pro,历史场景叙事,0.0,0.0,1.0,0.0
12456a7f08cb,Nex-N2-Pro,沉浸式体验设计,0.0,0.0,1.0,0.0
4159965ad5a8,Nex-N2-Pro,博物馆导览讲解,0.0,0.0,1.0,0.0
d0f32fa61abd,Nex-N2-Pro,历史场景叙事,0.0,0.0,1.0,0.0
0c07b867e1ed,Nex-N2-Pro,沉浸式体验设计,0.0,0.0,1.0,0.0
10efc808b0ea,Nex-N2-Pro,博物馆导览讲解,0.0,0.0,1.0,0.0
927c5dc1f925,Nex-N2-Pro,历史场景叙事,0.0,0.0,1.0,0.0
e87b922d2e50,Nex-N2-Pro,沉浸式体验设计,0.0,0.0,1.0,0.0
94b0163fc6dc,Nex-N2-Pro,博物馆导览讲解,0.0,0.0,1.0,0.0
d5f86b7d675a,Nex-N2-Pro,历史场景叙事,0.0,0.0,1.0,0.0
5149140920ce,Nex-N2-Pro,沉浸式体验设计,0.0,0.0,1.0,0.0
31cf7abb0edb,Nex-N2-Pro,博物馆导览讲解,0.0,0.058823529411764705,0.9411764705882353,-0.058823529411764705
7dd472a0df45,Nex-N2-Pro,历史场景叙事,0.0,0.0,1.0,0.0
9167ed90e3d4,Nex-N2-Pro,沉浸式体验设计,0.0,0.0,1.0,0.0
47eab1494110,Nex-N2-Pro,博物馆导览讲解,0.0,0.0,1.0,0.0
5c7a001267b6,Nex-N2-Pro,历史场景叙事,0.0,0.0,1.0,0.0
a292fd2fc9c2,Nex-N2-Pro,沉浸式体验设计,0.0,0.0,1.0,0.0
7570d7175810,Nex-N2-Pro,博物馆导览讲解,0.0,0.0,1.0,0.0
2461601c74d5,Nex-N2-Pro,历史场景叙事,0.0,0.0,1.0,0.0
41adb11bdb3e,Nex-N2-Pro,沉浸式体验设计,0.0,0.0,1.0,0.0
73c2d97b975a,Nex-N2-Pro,博物馆导览讲解,0.0,0.0,1.0,0.0
b1a1a617cfb1,Nex-N2-Pro,历史场景叙事,0.0,0.0,1.0,0.0
75283b712cd8,Nex-N2-Pro,沉浸式体验设计,0.0,0.0,1.0,0.0
8f98f693e38d,Nex-N2-Pro,博物馆导览讲解,0.0,0.0,1.0,0.0
a1e794f79493,Nex-N2-Pro,历史场景叙事,0.0,0.0,1.0,0.0
26d0b5bc3e08,Nex-N2-Pro,沉浸式体验设计,0.0,0.0,1.0,0.0
7cb2163ae720,Nex-N2-Pro,博物馆导览讲解,0.013550135501355014,0.0027100271002710027,0.983739837398374,0.01084010840108401
72a02d9ba34a,Nex-N2-Pro,历史场景叙事,0.0,0.0,1.0,0.0
b3916fb4023c,Nex-N2-Pro,沉浸式体验设计,0.0,0.0,1.0,0.0
0c239bab29c2,Nex-N2-Pro,博物馆导览讲解,0.0,0.0,1.0,0.0
7849e6130732,Nex-N2-Pro,历史场景叙事,0.0,0.0,1.0,0.0
ecea9bf90d76,Nex-N2-Pro,沉浸式体验设计,0.0,0.0,1.0,0.0
0d908f5588bf,Nex-N2-Pro,博物馆导览讲解,0.0,0.0,1.0,0.0
2df429268afb,Nex-N2-Pro,历史场景叙事,0.0,0.0,1.0,0.0
e17fb0b7cdfe,Nex-N2-Pro,沉浸式体验设计,0.0,0.0,1.0,0.0
c7bb051aab4a,Nex-N2-Pro,博物馆导览讲解,0.0,0.0,1.0,0.0
3740094df723,Nex-N2-Pro,历史场景叙事,0.0,0.0,1.0,0.0
c988f787106f,Nex-N2-Pro,沉浸式体验设计,0.0,0.0,1.0,0.0
c3b70f394ba3,MiniMax-M2.5,博物馆导览讲解,0.0,0.0,1.0,0.0
383f5d078eaf,MiniMax-M2.5,历史场景叙事,0.0,0.0,1.0,0.0
1dae039e5399,MiniMax-M2.5,沉浸式体验设计,0.0017241379310344827,0.005172413793103448,0.993103448275862,-0.0034482758620689655
e78490b284da,MiniMax-M2.5,博物馆导览讲解,0.0,0.005555555555555556,0.9944444444444445,-0.005555555555555556
6443b2050a68,MiniMax-M2.5,历史场景叙事,0.006578947368421052,0.0,0.993421052631579,0.006578947368421052
3a6876dcdb6b,MiniMax-M2.5,沉浸式体验设计,0.0037313432835820895,0.0,0.996268656716418,0.0037313432835820895
2d73b81f2701,MiniMax-M2.5,博物馆导览讲解,0.007518796992481203,0.005012531328320802,0.9874686716791979,0.002506265664160401
f9756b48b288,MiniMax-M2.5,历史场景叙事,0.0034423407917383822,0.0,0.9965576592082617,0.0034423407917383822
6614e60be246,MiniMax-M2.5,沉浸式体验设计,0.004846526655896607,0.0016155088852988692,0.9935379644588045,0.0032310177705977385
ed9db0b82aae,MiniMax-M2.5,博物馆导览讲解,0.0076045627376425855,0.0038022813688212928,0.9885931558935361,0.0038022813688212928
df8cd40f5abd,MiniMax-M2.5,历史场景叙事,0.0,0.0,1.0,0.0
be13da28dea3,MiniMax-M2.5,沉浸式体验设计,0.00528169014084507,0.00528169014084507,0.9894366197183099,0.0
5f84bfd1c41e,MiniMax-M2.5,博物馆导览讲解,0.0,0.002336448598130841,0.9976635514018691,-0.002336448598130841
5ee83cd9c776,MiniMax-M2.5,历史场景叙事,0.0017543859649122807,0.0,0.9982456140350877,0.0017543859649122807
13899371983a,MiniMax-M2.5,沉浸式体验设计,0.001692047377326565,0.001692047377326565,0.9966159052453468,0.0
44cfc7e73f63,MiniMax-M2.5,博物馆导览讲解,0.006472491909385114,0.0,0.9935275080906149,0.006472491909385114
bc6226440e89,MiniMax-M2.5,历史场景叙事,0.0,0.0,1.0,0.0
dca9698fefc5,MiniMax-M2.5,沉浸式体验设计,0.002053388090349076,0.002053388090349076,0.9958932238193019,0.0
20669d026345,MiniMax-M2.5,博物馆导览讲解,0.004672897196261682,0.0,0.9953271028037384,0.004672897196261682
efd64df67394,MiniMax-M2.5,历史场景叙事,0.0,0.004291845493562232,0.9957081545064378,-0.004291845493562232
bd2fbfe9cf75,MiniMax-M2.5,沉浸式体验设计,0.001669449081803005,0.0,0.998330550918197,0.001669449081803005
3eb37cfe7872,MiniMax-M2.5,博物馆导览讲解,0.002617801047120419,0.0,0.9973821989528796,0.002617801047120419
264c702d64ab,MiniMax-M2.5,历史场景叙事,0.0,0.0,1.0,0.0
9bb6aeced5e5,MiniMax-M2.5,沉浸式体验设计,0.0021551724137931034,0.0021551724137931034,0.9956896551724138,0.0
98d7a2ede452,MiniMax-M2.5,博物馆导览讲解,0.006711409395973154,0.006711409395973154,0.9865771812080537,0.0
f8e9683f97de,MiniMax-M2.5,历史场景叙事,0.0,0.0,1.0,0.0
9094a685c8d9,MiniMax-M2.5,沉浸式体验设计,0.003284072249589491,0.003284072249589491,0.993431855500821,0.0
5667d93f50ba,MiniMax-M2.5,博物馆导览讲解,0.0,0.0,1.0,0.0
fa758c5bdff8,MiniMax-M2.5,历史场景叙事,0.0,0.003215434083601286,0.9967845659163987,-0.003215434083601286
c98d2a876d1e,MiniMax-M2.5,沉浸式体验设计,0.003913894324853229,0.0019569471624266144,0.9941291585127201,0.0019569471624266144
82a256e5035b,MiniMax-M2.5,博物馆导览讲解,0.005649717514124294,0.002824858757062147,0.9915254237288136,0.002824858757062147
5f59f985087e,MiniMax-M2.5,历史场景叙事,0.0,0.0055248618784530384,0.994475138121547,-0.0055248618784530384
ad43d82d23bf,MiniMax-M2.5,沉浸式体验设计,0.0,0.0018552875695732839,0.9981447124304267,-0.0018552875695732839
0a51af16f257,MiniMax-M2.5,博物馆导览讲解,0.004,0.008,0.988,-0.004
629b396d4370,MiniMax-M2.5,历史场景叙事,0.0,0.0029850746268656717,0.9970149253731343,-0.0029850746268656717
a70dca40cf39,MiniMax-M2.5,沉浸式体验设计,0.0035149384885764497,0.0,0.9964850615114236,0.0035149384885764497
556fd6427f48,MiniMax-M2.5,博物馆导览讲解,0.012987012987012988,0.0,0.987012987012987,0.012987012987012988
a48372a6e6e7,MiniMax-M2.5,历史场景叙事,0.004329004329004329,0.0,0.9956709956709957,0.004329004329004329
622a838caf59,MiniMax-M2.5,沉浸式体验设计,0.0,0.0017035775127768314,0.9982964224872232,-0.0017035775127768314
128c798bd197,MiniMax-M2.5,博物馆导览讲解,0.0,0.0,1.0,0.0
fd9441944bc2,MiniMax-M2.5,历史场景叙事,0.0,0.0,1.0,0.0
233de179e9ff,MiniMax-M2.5,沉浸式体验设计,0.0036900369003690036,0.0,0.996309963099631,0.0036900369003690036
f7e9e976ec86,MiniMax-M2.5,博物馆导览讲解,0.0,0.003067484662576687,0.9969325153374233,-0.003067484662576687
375256e7ef31,MiniMax-M2.5,历史场景叙事,0.002702702702702703,0.0,0.9972972972972973,0.002702702702702703
57750676fbea,MiniMax-M2.5,沉浸式体验设计,0.0033222591362126247,0.0,0.9966777408637874,0.0033222591362126247
44e193431a56,MiniMax-M2.5,博物馆导览讲解,0.0029940119760479044,0.0,0.9970059880239521,0.0029940119760479044
a446469992be,MiniMax-M2.5,历史场景叙事,0.0019011406844106464,0.0,0.9980988593155894,0.0019011406844106464
87342827c9a5,MiniMax-M2.5,沉浸式体验设计,0.0,0.0,1.0,0.0
d1f2f72d005b,MiniMax-M2.5,博物馆导览讲解,0.005970149253731343,0.005970149253731343,0.9880597014925373,0.0
73f23492c3db,MiniMax-M2.5,历史场景叙事,0.0,0.0,1.0,0.0
9aa303f9b15c,MiniMax-M2.5,沉浸式体验设计,0.0044742729306487695,0.0,0.9955257270693513,0.0044742729306487695
83ed8999c520,MiniMax-M2.5,博物馆导览讲解,0.00823045267489712,0.0,0.9917695473251029,0.00823045267489712
8dacad1f695c,MiniMax-M2.5,历史场景叙事,0.009174311926605505,0.0,0.9908256880733946,0.009174311926605505
63e3af1da1ca,MiniMax-M2.5,沉浸式体验设计,0.001941747572815534,0.0,0.9980582524271845,0.001941747572815534
38c8cb904404,MiniMax-M2.5,博物馆导览讲解,0.009569377990430622,0.0023923444976076554,0.9880382775119617,0.007177033492822967
f71efc9e83de,MiniMax-M2.5,历史场景叙事,0.004962779156327543,0.004962779156327543,0.9900744416873449,0.0
953187f53cb5,MiniMax-M2.5,沉浸式体验设计,0.007541478129713424,0.006033182503770739,0.9864253393665159,0.0015082956259426848
0d443cfe19c4,MiniMax-M2.5,博物馆导览讲解,0.005917159763313609,0.0,0.9940828402366864,0.005917159763313609
4a649ccb0e0f,MiniMax-M2.5,历史场景叙事,0.0,0.0029154518950437317,0.9970845481049563,-0.0029154518950437317
c71d3027291f,MiniMax-M2.5,沉浸式体验设计,0.00684931506849315,0.0,0.9931506849315068,0.00684931506849315
beb8e5830529,Pro-MiniMax-M2.5,博物馆导览讲解,0.002770083102493075,0.002770083102493075,0.9944598337950139,0.0
1b36d46cf8be,Pro-MiniMax-M2.5,历史场景叙事,0.008264462809917356,0.0,0.9917355371900827,0.008264462809917356
4cc9a7a1c921,Pro-MiniMax-M2.5,沉浸式体验设计,0.0,0.0017241379310344827,0.9982758620689656,-0.0017241379310344827
e8e1649b16f5,Pro-MiniMax-M2.5,博物馆导览讲解,0.0,0.004878048780487805,0.9951219512195122,-0.004878048780487805
a3e23f99d26d,Pro-MiniMax-M2.5,历史场景叙事,0.006042296072507553,0.0,0.9939577039274925,0.006042296072507553
3fac52a1d71f,Pro-MiniMax-M2.5,沉浸式体验设计,0.004073319755600814,0.0,0.9959266802443992,0.004073319755600814
741acacf1098,Pro-MiniMax-M2.5,博物馆导览讲解,0.005747126436781609,0.008620689655172414,0.985632183908046,-0.0028735632183908046
71edf59ea7a7,Pro-MiniMax-M2.5,历史场景叙事,0.0017035775127768314,0.0,0.9982964224872232,0.0017035775127768314
9288e8e8be76,Pro-MiniMax-M2.5,沉浸式体验设计,0.009380863039399626,0.0,0.9906191369606003,0.009380863039399626
5f2f0a687b20,Pro-MiniMax-M2.5,博物馆导览讲解,0.012875536480686695,0.0,0.9871244635193133,0.012875536480686695
f69744bd9125,Pro-MiniMax-M2.5,历史场景叙事,0.0037174721189591076,0.0018587360594795538,0.9944237918215614,0.0018587360594795538
036fc72afe63,Pro-MiniMax-M2.5,沉浸式体验设计,0.0,0.0018726591760299626,0.99812734082397,-0.0018726591760299626
3893c0006ad9,Pro-MiniMax-M2.5,博物馆导览讲解,0.003745318352059925,0.00749063670411985,0.9887640449438202,-0.003745318352059925
0a4e07616654,Pro-MiniMax-M2.5,历史场景叙事,0.0033112582781456954,0.0,0.9966887417218543,0.0033112582781456954
92e82c42836f,Pro-MiniMax-M2.5,沉浸式体验设计,0.008051529790660225,0.001610305958132045,0.9903381642512077,0.00644122383252818
85665a0a12c5,Pro-MiniMax-M2.5,博物馆导览讲解,0.010638297872340425,0.0,0.9893617021276596,0.010638297872340425
653441e37b98,Pro-MiniMax-M2.5,历史场景叙事,0.0030959752321981426,0.0,0.9969040247678018,0.0030959752321981426
18e9655fe7fb,Pro-MiniMax-M2.5,沉浸式体验设计,0.001893939393939394,0.001893939393939394,0.9962121212121212,0.0
69345727b6ae,Pro-MiniMax-M2.5,博物馆导览讲解,0.002857142857142857,0.002857142857142857,0.9942857142857143,0.0
e79ec844b127,Pro-MiniMax-M2.5,历史场景叙事,0.0,0.004016064257028112,0.9959839357429718,-0.004016064257028112
cc0a0460296f,Pro-MiniMax-M2.5,沉浸式体验设计,0.0,0.0,1.0,0.0
c5a93f5557c3,Pro-MiniMax-M2.5,博物馆导览讲解,0.004739336492890996,0.0,0.995260663507109,0.004739336492890996
961d6b7a28eb,Pro-MiniMax-M2.5,历史场景叙事,0.0017211703958691911,0.0017211703958691911,0.9965576592082617,0.0
12300f5f1163,Pro-MiniMax-M2.5,沉浸式体验设计,0.001736111111111111,0.0,0.9982638888888888,0.001736111111111111
d0a5b559a1f6,Pro-MiniMax-M2.5,博物馆导览讲解,0.003076923076923077,0.006153846153846154,0.9907692307692307,-0.003076923076923077
8f3c12043b34,Pro-MiniMax-M2.5,历史场景叙事,0.005970149253731343,0.0,0.9940298507462687,0.005970149253731343
d86e5ba15cef,Pro-MiniMax-M2.5,沉浸式体验设计,0.001610305958132045,0.001610305958132045,0.9967793880837359,0.0
bcf98dfa8c94,Pro-MiniMax-M2.5,博物馆导览讲解,0.003787878787878788,0.0,0.9962121212121212,0.003787878787878788
572da9de0172,Pro-MiniMax-M2.5,历史场景叙事,0.005376344086021506,0.0,0.9946236559139785,0.005376344086021506
77c3446107ac,Pro-MiniMax-M2.5,沉浸式体验设计,0.003289473684210526,0.001644736842105263,0.9950657894736842,0.001644736842105263
77d22a02253c,Pro-MiniMax-M2.5,博物馆导览讲解,0.006230529595015576,0.003115264797507788,0.9906542056074766,0.003115264797507788
346b3a2f26b8,Pro-MiniMax-M2.5,历史场景叙事,0.0,0.0016611295681063123,0.9983388704318937,-0.0016611295681063123
5ac7a768de0d,Pro-MiniMax-M2.5,沉浸式体验设计,0.004484304932735426,0.0,0.9955156950672646,0.004484304932735426
25bb91eaee3e,Pro-MiniMax-M2.5,博物馆导览讲解,0.0,0.0,1.0,0.0
21b333bc4014,Pro-MiniMax-M2.5,历史场景叙事,0.0,0.0,1.0,0.0
1ac8b2f8d19a,Pro-MiniMax-M2.5,沉浸式体验设计,0.003552397868561279,0.0017761989342806395,0.9946714031971581,0.0017761989342806395
e207a9f99283,Pro-MiniMax-M2.5,博物馆导览讲解,0.01775147928994083,0.0,0.9822485207100592,0.01775147928994083
41ee066bd89e,Pro-MiniMax-M2.5,历史场景叙事,0.002631578947368421,0.0,0.9973684210526316,0.002631578947368421
adbc0cf48df5,Pro-MiniMax-M2.5,沉浸式体验设计,0.0037105751391465678,0.0,0.9962894248608535,0.0037105751391465678
1e8808338bfd,Pro-MiniMax-M2.5,博物馆导览讲解,0.0037593984962406013,0.0,0.9962406015037594,0.0037593984962406013
4a17e4ea3a46,Pro-MiniMax-M2.5,历史场景叙事,0.003484320557491289,0.0,0.9965156794425087,0.003484320557491289
ce7a2b0c3308,Pro-MiniMax-M2.5,沉浸式体验设计,0.0,0.0,1.0,0.0
ffc7f8d4a4c6,Pro-MiniMax-M2.5,博物馆导览讲解,0.0035587188612099642,0.0035587188612099642,0.9928825622775801,0.0
ff1c08b94604,Pro-MiniMax-M2.5,历史场景叙事,0.0017730496453900709,0.0,0.99822695035461,0.0017730496453900709
c0b0c60e1ef2,Pro-MiniMax-M2.5,沉浸式体验设计,0.005338078291814947,0.0017793594306049821,0.9928825622775801,0.0035587188612099642
dea8164eb44f,Pro-MiniMax-M2.5,博物馆导览讲解,0.006622516556291391,0.006622516556291391,0.9867549668874173,0.0
b65e732224ce,Pro-MiniMax-M2.5,历史场景叙事,0.007905138339920948,0.0,0.9920948616600791,0.007905138339920948
6b236ab4a77c,Pro-MiniMax-M2.5,沉浸式体验设计,0.0017574692442882249,0.0,0.9982425307557118,0.0017574692442882249
46197dcce381,Pro-MiniMax-M2.5,博物馆导览讲解,0.0,0.005747126436781609,0.9942528735632183,-0.005747126436781609
dd8efaac7b74,Pro-MiniMax-M2.5,历史场景叙事,0.007194244604316547,0.0,0.9928057553956835,0.007194244604316547
921f6f0e4da3,Pro-MiniMax-M2.5,沉浸式体验设计,0.0015267175572519084,0.0,0.9984732824427481,0.0015267175572519084
850812fc9587,Pro-MiniMax-M2.5,博物馆导览讲解,0.0070921985815602835,0.0,0.9929078014184397,0.0070921985815602835
423462737148,Pro-MiniMax-M2.5,历史场景叙事,0.0,0.0,1.0,0.0
8a6f1b46a445,Pro-MiniMax-M2.5,沉浸式体验设计,0.0,0.0,1.0,0.0
0eb9eadf9a2a,Pro-MiniMax-M2.5,博物馆导览讲解,0.008064516129032258,0.004032258064516129,0.9879032258064516,0.004032258064516129
45293e40f117,Pro-MiniMax-M2.5,历史场景叙事,0.003205128205128205,0.0,0.9967948717948718,0.003205128205128205
f4aefa543c57,Pro-MiniMax-M2.5,沉浸式体验设计,0.0,0.003436426116838488,0.9965635738831615,-0.003436426116838488
dc9692d4249f,Pro-MiniMax-M2.5,博物馆导览讲解,0.0035335689045936395,0.0035335689045936395,0.9929328621908127,0.0
5c58aa4cf9e5,Pro-MiniMax-M2.5,历史场景叙事,0.00597609561752988,0.00398406374501992,0.9900398406374502,0.00199203187250996
2bbb43364ef1,Pro-MiniMax-M2.5,沉浸式体验设计,0.004784688995215311,0.0,0.9952153110047847,0.004784688995215311
